channel,ei,detected,change_s,alarm_s,er_after,rank,subject,run,soz
ATT7-ATT8,1.0,True,-3.5,-1.75,4.032988245022825,1,sub-pt01,01,False
ATT3-ATT4,0.5572044979144773,True,-3.25,1.25,2.808998987703665,2,sub-pt01,01,False
ATT4-ATT5,0.4408850225076489,True,-3.25,2.0,2.2226051414749644,3,sub-pt01,01,False
AST2-AST3,0.30432849280611957,True,-2.5,2.5,2.454706468225187,4,sub-pt01,01,False
AD1-AD2,0.2352448692855805,True,-2.5,4.5,1.8974795850613542,5,sub-pt01,01,True
G14-G15,0.12313158406863811,True,-0.25,1.0,2.1104999823443933,6,sub-pt01,01,False
G22-G23,0.05467926064527519,True,13.0,14.75,3.8591142700063443,7,sub-pt01,01,False
SLT2-SLT3,0.04775423927955828,True,10.0,13.5,2.792588142134754,8,sub-pt01,01,False
ATT5-ATT6,0.04289492586820177,True,17.75,20.0,3.849132782496226,9,sub-pt01,01,False
SLT1-SLT2,0.03768364802718039,True,11.75,23.5,2.469637779751936,10,sub-pt01,01,False
ATT6-ATT7,0.03063475154928218,True,19.0,19.75,2.9034154328550703,11,sub-pt01,01,False
G7-G8,0.017380389433131138,True,27.0,28.0,2.207989547748709,12,sub-pt01,01,False
AD2-AD3,0.0,False,,,,13,sub-pt01,01,True
AD3-AD4,0.0,False,,,,13,sub-pt01,01,True
AST1-AST2,0.0,False,,,,13,sub-pt01,01,False
AST3-AST4,0.0,False,,,,13,sub-pt01,01,False
ATT1-ATT2,0.0,False,,,,13,sub-pt01,01,True
ATT2-ATT3,0.0,False,,,,13,sub-pt01,01,True
G1-G2,0.0,False,,,,13,sub-pt01,01,False
G10-G11,0.0,False,,,,13,sub-pt01,01,False
G11-G12,0.0,False,,,,13,sub-pt01,01,False
G12-G13,0.0,False,,,,13,sub-pt01,01,False
G13-G14,0.0,False,,,,13,sub-pt01,01,False
G15-G16,0.0,False,,,,13,sub-pt01,01,False
G16-G17,0.0,False,,,,13,sub-pt01,01,False
G17-G18,0.0,False,,,,13,sub-pt01,01,False
G18-G19,0.0,False,,,,13,sub-pt01,01,False
G19-G20,0.0,False,,,,13,sub-pt01,01,False
G2-G3,0.0,False,,,,13,sub-pt01,01,False
G20-G21,0.0,False,,,,13,sub-pt01,01,False
G21-G22,0.0,False,,,,13,sub-pt01,01,False
G23-G24,0.0,False,,,,13,sub-pt01,01,False
G24-G25,0.0,False,,,,13,sub-pt01,01,False
G25-G26,0.0,False,,,,13,sub-pt01,01,False
G26-G27,0.0,False,,,,13,sub-pt01,01,False
G27-G28,0.0,False,,,,13,sub-pt01,01,False
G28-G29,0.0,False,,,,13,sub-pt01,01,False
G29-G30,0.0,False,,,,13,sub-pt01,01,False
G3-G4,0.0,False,,,,13,sub-pt01,01,False
G30-G31,0.0,False,,,,13,sub-pt01,01,False
G31-G32,0.0,False,,,,13,sub-pt01,01,False
G8-G9,0.0,False,,,,13,sub-pt01,01,False
G9-G10,0.0,False,,,,13,sub-pt01,01,False
IF1-IF2,0.0,False,,,,13,sub-pt01,01,False
IF2-IF3,0.0,False,,,,13,sub-pt01,01,False
IF3-IF4,0.0,False,,,,13,sub-pt01,01,False
IF4-IF5,0.0,False,,,,13,sub-pt01,01,False
IF5-IF6,0.0,False,,,,13,sub-pt01,01,False
ILT1-ILT2,0.0,False,,,,13,sub-pt01,01,False
ILT2-ILT3,0.0,False,,,,13,sub-pt01,01,False
ILT3-ILT4,0.0,False,,,,13,sub-pt01,01,False
MLT1-MLT2,0.0,False,,,,13,sub-pt01,01,False
MLT2-MLT3,0.0,False,,,,13,sub-pt01,01,False
MLT3-MLT4,0.0,False,,,,13,sub-pt01,01,False
PD1-PD2,0.0,False,,,,13,sub-pt01,01,True
PD2-PD3,0.0,False,,,,13,sub-pt01,01,True
PD3-PD4,0.0,False,,,,13,sub-pt01,01,True
PLT1-PLT2,0.0,False,,,,13,sub-pt01,01,False
PLT2-PLT3,0.0,False,,,,13,sub-pt01,01,False
PLT3-PLT4,0.0,False,,,,13,sub-pt01,01,False
PLT4-PLT5,0.0,False,,,,13,sub-pt01,01,False
PLT5-PLT6,0.0,False,,,,13,sub-pt01,01,False
PST1-PST2,0.0,False,,,,13,sub-pt01,01,False
PST2-PST3,0.0,False,,,,13,sub-pt01,01,False
PST3-PST4,0.0,False,,,,13,sub-pt01,01,False
SF1-SF2,0.0,False,,,,13,sub-pt01,01,False
SF2-SF3,0.0,False,,,,13,sub-pt01,01,False
SF3-SF4,0.0,False,,,,13,sub-pt01,01,False
SF4-SF5,0.0,False,,,,13,sub-pt01,01,False
SF5-SF6,0.0,False,,,,13,sub-pt01,01,False
SLT3-SLT4,0.0,False,,,,13,sub-pt01,01,False
G29-G30,1.0,True,-1.25,4.5,2.3543061212073826,1,sub-pt01,02,False
G20-G21,0.4645094236741079,True,0.25,4.25,2.7339934487861646,2,sub-pt01,02,False
PST2-PST3,0.0967565848469764,True,5.0,6.75,1.6515109947995956,3,sub-pt01,02,False
ILT1-ILT2,0.06746633934902063,True,18.0,20.25,3.216437418023289,4,sub-pt01,02,False
ATT7-ATT8,0.040030385378831586,True,20.0,21.25,2.0969241346297403,5,sub-pt01,02,False
ATT3-ATT4,0.03657478603080164,True,20.25,21.5,1.9374354592687477,6,sub-pt01,02,False
AD1-AD2,0.0,False,,,,7,sub-pt01,02,True
AD2-AD3,0.0,False,,,,7,sub-pt01,02,True
AD3-AD4,0.0,False,,,,7,sub-pt01,02,True
AST1-AST2,0.0,False,,,,7,sub-pt01,02,False
AST2-AST3,0.0,False,,,,7,sub-pt01,02,False
AST3-AST4,0.0,False,,,,7,sub-pt01,02,False
ATT1-ATT2,0.0,False,,,,7,sub-pt01,02,True
ATT2-ATT3,0.0,False,,,,7,sub-pt01,02,True
ATT4-ATT5,0.0,False,,,,7,sub-pt01,02,False
ATT5-ATT6,0.0,False,,,,7,sub-pt01,02,False
ATT6-ATT7,0.0,False,,,,7,sub-pt01,02,False
G1-G2,0.0,False,,,,7,sub-pt01,02,False
G10-G11,0.0,False,,,,7,sub-pt01,02,False
G11-G12,0.0,False,,,,7,sub-pt01,02,False
G12-G13,0.0,False,,,,7,sub-pt01,02,False
G13-G14,0.0,False,,,,7,sub-pt01,02,False
G14-G15,0.0,False,,,,7,sub-pt01,02,False
G15-G16,0.0,False,,,,7,sub-pt01,02,False
G16-G17,0.0,False,,,,7,sub-pt01,02,False
G17-G18,0.0,False,,,,7,sub-pt01,02,False
G18-G19,0.0,False,,,,7,sub-pt01,02,False
G19-G20,0.0,False,,,,7,sub-pt01,02,False
G2-G3,0.0,False,,,,7,sub-pt01,02,False
G21-G22,0.0,False,,,,7,sub-pt01,02,False
G22-G23,0.0,False,,,,7,sub-pt01,02,False
G23-G24,0.0,False,,,,7,sub-pt01,02,False
G24-G25,0.0,False,,,,7,sub-pt01,02,False
G25-G26,0.0,False,,,,7,sub-pt01,02,False
G26-G27,0.0,False,,,,7,sub-pt01,02,False
G27-G28,0.0,False,,,,7,sub-pt01,02,False
G28-G29,0.0,False,,,,7,sub-pt01,02,False
G3-G4,0.0,False,,,,7,sub-pt01,02,False
G30-G31,0.0,False,,,,7,sub-pt01,02,False
G31-G32,0.0,False,,,,7,sub-pt01,02,False
G7-G8,0.0,False,,,,7,sub-pt01,02,False
G8-G9,0.0,False,,,,7,sub-pt01,02,False
G9-G10,0.0,False,,,,7,sub-pt01,02,False
IF1-IF2,0.0,False,,,,7,sub-pt01,02,False
IF2-IF3,0.0,False,,,,7,sub-pt01,02,False
IF3-IF4,0.0,False,,,,7,sub-pt01,02,False
IF4-IF5,0.0,False,,,,7,sub-pt01,02,False
IF5-IF6,0.0,False,,,,7,sub-pt01,02,False
ILT2-ILT3,0.0,False,,,,7,sub-pt01,02,False
ILT3-ILT4,0.0,False,,,,7,sub-pt01,02,False
MLT1-MLT2,0.0,False,,,,7,sub-pt01,02,False
MLT2-MLT3,0.0,False,,,,7,sub-pt01,02,False
MLT3-MLT4,0.0,False,,,,7,sub-pt01,02,False
PD1-PD2,0.0,False,,,,7,sub-pt01,02,True
PD2-PD3,0.0,False,,,,7,sub-pt01,02,True
PD3-PD4,0.0,False,,,,7,sub-pt01,02,True
PLT1-PLT2,0.0,False,,,,7,sub-pt01,02,False
PLT2-PLT3,0.0,False,,,,7,sub-pt01,02,False
PLT3-PLT4,0.0,False,,,,7,sub-pt01,02,False
PLT4-PLT5,0.0,False,,,,7,sub-pt01,02,False
PLT5-PLT6,0.0,False,,,,7,sub-pt01,02,False
PST1-PST2,0.0,False,,,,7,sub-pt01,02,False
PST3-PST4,0.0,False,,,,7,sub-pt01,02,False
SF1-SF2,0.0,False,,,,7,sub-pt01,02,False
SF2-SF3,0.0,False,,,,7,sub-pt01,02,False
SF3-SF4,0.0,False,,,,7,sub-pt01,02,False
SF4-SF5,0.0,False,,,,7,sub-pt01,02,False
SF5-SF6,0.0,False,,,,7,sub-pt01,02,False
SLT1-SLT2,0.0,False,,,,7,sub-pt01,02,False
SLT2-SLT3,0.0,False,,,,7,sub-pt01,02,False
SLT3-SLT4,0.0,False,,,,7,sub-pt01,02,False
G10-G11,1.0,True,-6.25,0.0,1.7814809128495803,1,sub-pt01,03,False
G17-G18,0.6287512600090497,True,-5.25,-1.25,2.2402167372724913,2,sub-pt01,03,False
PLT4-PLT5,0.4987756558225119,True,-4.75,-3.25,2.2213982766045914,3,sub-pt01,03,False
ATT7-ATT8,0.4049777418601443,True,-3.5,-2.75,2.705475439697893,4,sub-pt01,03,False
ATT3-ATT4,0.21381324972453683,True,1.25,4.0,3.2376858980381265,5,sub-pt01,03,False
G15-G16,0.1896361576710229,True,0.75,2.0,2.7026655622164864,6,sub-pt01,03,False
SF2-SF3,0.17851672904436855,True,0.75,2.25,2.5441931633350627,7,sub-pt01,03,False
SLT2-SLT3,0.06645145657332448,True,10.5,11.25,2.1012805269166384,8,sub-pt01,03,False
G30-G31,0.05517639124931545,True,23.25,24.75,2.99801847944257,9,sub-pt01,03,False
PST3-PST4,0.054756604032768795,True,14.75,17.75,2.1460525886104795,10,sub-pt01,03,False
G7-G8,0.044329714324581285,True,26.75,28.5,2.68506635800475,11,sub-pt01,03,False
AD1-AD2,0.0,False,,,,12,sub-pt01,03,True
AD2-AD3,0.0,False,,,,12,sub-pt01,03,True
AD3-AD4,0.0,False,,,,12,sub-pt01,03,True
AST1-AST2,0.0,False,,,,12,sub-pt01,03,False
AST2-AST3,0.0,False,,,,12,sub-pt01,03,False
AST3-AST4,0.0,False,,,,12,sub-pt01,03,False
ATT1-ATT2,0.0,False,,,,12,sub-pt01,03,True
ATT2-ATT3,0.0,False,,,,12,sub-pt01,03,True
ATT4-ATT5,0.0,False,,,,12,sub-pt01,03,False
ATT5-ATT6,0.0,False,,,,12,sub-pt01,03,False
ATT6-ATT7,0.0,False,,,,12,sub-pt01,03,False
G1-G2,0.0,False,,,,12,sub-pt01,03,False
G11-G12,0.0,False,,,,12,sub-pt01,03,False
G12-G13,0.0,False,,,,12,sub-pt01,03,False
G13-G14,0.0,False,,,,12,sub-pt01,03,False
G14-G15,0.0,False,,,,12,sub-pt01,03,False
G16-G17,0.0,False,,,,12,sub-pt01,03,False
G18-G19,0.0,False,,,,12,sub-pt01,03,False
G19-G20,0.0,False,,,,12,sub-pt01,03,False
G2-G3,0.0,False,,,,12,sub-pt01,03,False
G20-G21,0.0,False,,,,12,sub-pt01,03,False
G21-G22,0.0,False,,,,12,sub-pt01,03,False
G22-G23,0.0,False,,,,12,sub-pt01,03,False
G23-G24,0.0,False,,,,12,sub-pt01,03,False
G24-G25,0.0,False,,,,12,sub-pt01,03,False
G25-G26,0.0,False,,,,12,sub-pt01,03,False
G26-G27,0.0,False,,,,12,sub-pt01,03,False
G27-G28,0.0,False,,,,12,sub-pt01,03,False
G28-G29,0.0,False,,,,12,sub-pt01,03,False
G29-G30,0.0,False,,,,12,sub-pt01,03,False
G3-G4,0.0,False,,,,12,sub-pt01,03,False
G31-G32,0.0,False,,,,12,sub-pt01,03,False
G8-G9,0.0,False,,,,12,sub-pt01,03,False
G9-G10,0.0,False,,,,12,sub-pt01,03,False
IF1-IF2,0.0,False,,,,12,sub-pt01,03,False
IF2-IF3,0.0,False,,,,12,sub-pt01,03,False
IF3-IF4,0.0,False,,,,12,sub-pt01,03,False
IF4-IF5,0.0,False,,,,12,sub-pt01,03,False
IF5-IF6,0.0,False,,,,12,sub-pt01,03,False
ILT1-ILT2,0.0,False,,,,12,sub-pt01,03,False
ILT2-ILT3,0.0,False,,,,12,sub-pt01,03,False
ILT3-ILT4,0.0,False,,,,12,sub-pt01,03,False
MLT1-MLT2,0.0,False,,,,12,sub-pt01,03,False
MLT2-MLT3,0.0,False,,,,12,sub-pt01,03,False
MLT3-MLT4,0.0,False,,,,12,sub-pt01,03,False
PD1-PD2,0.0,False,,,,12,sub-pt01,03,True
PD2-PD3,0.0,False,,,,12,sub-pt01,03,True
PD3-PD4,0.0,False,,,,12,sub-pt01,03,True
PLT1-PLT2,0.0,False,,,,12,sub-pt01,03,False
PLT2-PLT3,0.0,False,,,,12,sub-pt01,03,False
PLT3-PLT4,0.0,False,,,,12,sub-pt01,03,False
PLT5-PLT6,0.0,False,,,,12,sub-pt01,03,False
PST1-PST2,0.0,False,,,,12,sub-pt01,03,False
PST2-PST3,0.0,False,,,,12,sub-pt01,03,False
SF1-SF2,0.0,False,,,,12,sub-pt01,03,False
SF3-SF4,0.0,False,,,,12,sub-pt01,03,False
SF4-SF5,0.0,False,,,,12,sub-pt01,03,False
SF5-SF6,0.0,False,,,,12,sub-pt01,03,False
SLT1-SLT2,0.0,False,,,,12,sub-pt01,03,False
SLT3-SLT4,0.0,False,,,,12,sub-pt01,03,False
AST1-AST2,1.0,True,-9.75,-8.5,4.23785581478197,1,sub-pt10,03,True
FP38-FP39,0.19902780530782208,True,-7.75,-6.0,2.5303534260811427,2,sub-pt10,03,False
FP36-FP37,0.12173191365282743,True,-0.75,1.75,5.1588229811817135,3,sub-pt10,03,False
OF1-OF2,0.08407187307121203,True,-4.0,-2.0,2.404920214042521,4,sub-pt10,03,False
FP45-FP46,0.08148474873379427,True,1.25,2.0,4.1438473948506935,5,sub-pt10,03,False
OF2-OF3,0.07558226413709879,True,-3.5,2.0,2.3222238473664834,6,sub-pt10,03,False
FP37-FP38,0.05252376722279162,True,1.25,2.0,2.671057828072345,7,sub-pt10,03,False
TT3-TT4,0.05049259903356304,True,6.0,6.5,3.5841709364988126,8,sub-pt10,03,True
TT5-TT6,0.038067911534353634,True,5.5,5.75,2.6215527041025752,9,sub-pt10,03,True
TT2-TT3,0.027651573332082496,True,5.25,6.5,1.8749340933317735,10,sub-pt10,03,True
FP43-FP44,0.020409167442051325,True,16.75,17.5,2.3785054952767917,11,sub-pt10,03,False
AST2-AST3,0.0,False,,,,12,sub-pt10,03,True
AST3-AST4,0.0,False,,,,12,sub-pt10,03,False
FP35-FP36,0.0,False,,,,12,sub-pt10,03,False
FP39-FP40,0.0,False,,,,12,sub-pt10,03,False
FP44-FP45,0.0,False,,,,12,sub-pt10,03,False
FP46-FP47,0.0,False,,,,12,sub-pt10,03,False
FP47-FP48,0.0,False,,,,12,sub-pt10,03,False
G11-G12,0.0,False,,,,12,sub-pt10,03,False
G12-G13,0.0,False,,,,12,sub-pt10,03,False
G13-G14,0.0,False,,,,12,sub-pt10,03,False
G14-G15,0.0,False,,,,12,sub-pt10,03,False
G15-G16,0.0,False,,,,12,sub-pt10,03,False
G20-G21,0.0,False,,,,12,sub-pt10,03,False
G21-G22,0.0,False,,,,12,sub-pt10,03,False
G22-G23,0.0,False,,,,12,sub-pt10,03,False
G23-G24,0.0,False,,,,12,sub-pt10,03,False
G28-G29,0.0,False,,,,12,sub-pt10,03,False
G29-G30,0.0,False,,,,12,sub-pt10,03,False
G3-G4,0.0,False,,,,12,sub-pt10,03,False
G30-G31,0.0,False,,,,12,sub-pt10,03,False
G31-G32,0.0,False,,,,12,sub-pt10,03,False
G4-G5,0.0,False,,,,12,sub-pt10,03,False
G5-G6,0.0,False,,,,12,sub-pt10,03,False
G6-G7,0.0,False,,,,12,sub-pt10,03,False
G7-G8,0.0,False,,,,12,sub-pt10,03,False
MST1-MST2,0.0,False,,,,12,sub-pt10,03,True
MST2-MST3,0.0,False,,,,12,sub-pt10,03,True
MST3-MST4,0.0,False,,,,12,sub-pt10,03,False
PST1-PST2,0.0,False,,,,12,sub-pt10,03,False
PST2-PST3,0.0,False,,,,12,sub-pt10,03,False
PST3-PST4,0.0,False,,,,12,sub-pt10,03,False
TT1-TT2,0.0,False,,,,12,sub-pt10,03,True
TT4-TT5,0.0,False,,,,12,sub-pt10,03,True
RPG9-RPG10,1.0,True,-7.5,-4.5,2.6539340414615467,1,sub-pt11,02,False
RPG6-RPG7,0.17043835213619846,True,-3.25,-0.25,2.3747437597005536,2,sub-pt11,02,False
RG3-RG4,0.08678066557003593,True,1.0,1.75,2.187946543721579,3,sub-pt11,02,True
RPG5-RPG6,0.03731596706523398,True,18.5,24.25,2.6739211126810245,4,sub-pt11,02,False
RPG1-RPG2,0.0317085539402886,True,22.0,25.5,2.5666485265833723,5,sub-pt11,02,False
LG1-LG2,0.0,False,,,,6,sub-pt11,02,False
LG10-LG11,0.0,False,,,,6,sub-pt11,02,False
LG11-LG12,0.0,False,,,,6,sub-pt11,02,False
LG2-LG3,0.0,False,,,,6,sub-pt11,02,False
LG3-LG4,0.0,False,,,,6,sub-pt11,02,False
LG4-LG5,0.0,False,,,,6,sub-pt11,02,False
LG5-LG6,0.0,False,,,,6,sub-pt11,02,False
LG6-LG7,0.0,False,,,,6,sub-pt11,02,False
LG7-LG8,0.0,False,,,,6,sub-pt11,02,False
LG8-LG9,0.0,False,,,,6,sub-pt11,02,False
LG9-LG10,0.0,False,,,,6,sub-pt11,02,False
RAL5-RAL6,0.0,False,,,,6,sub-pt11,02,False
RAL6-RAL7,0.0,False,,,,6,sub-pt11,02,False
RAM4-RAM5,0.0,False,,,,6,sub-pt11,02,False
RAM5-RAM6,0.0,False,,,,6,sub-pt11,02,False
RAM6-RAM7,0.0,False,,,,6,sub-pt11,02,False
RG1-RG2,0.0,False,,,,6,sub-pt11,02,True
RG10-RG11,0.0,False,,,,6,sub-pt11,02,False
RG11-RG12,0.0,False,,,,6,sub-pt11,02,False
RG12-RG13,0.0,False,,,,6,sub-pt11,02,False
RG13-RG14,0.0,False,,,,6,sub-pt11,02,False
RG14-RG15,0.0,False,,,,6,sub-pt11,02,False
RG15-RG16,0.0,False,,,,6,sub-pt11,02,False
RG16-RG17,0.0,False,,,,6,sub-pt11,02,False
RG17-RG18,0.0,False,,,,6,sub-pt11,02,False
RG18-RG19,0.0,False,,,,6,sub-pt11,02,False
RG19-RG20,0.0,False,,,,6,sub-pt11,02,False
RG2-RG3,0.0,False,,,,6,sub-pt11,02,True
RG20-RG21,0.0,False,,,,6,sub-pt11,02,False
RG21-RG22,0.0,False,,,,6,sub-pt11,02,True
RG22-RG23,0.0,False,,,,6,sub-pt11,02,True
RG23-RG24,0.0,False,,,,6,sub-pt11,02,True
RG26-RG27,0.0,False,,,,6,sub-pt11,02,False
RG27-RG28,0.0,False,,,,6,sub-pt11,02,False
RG28-RG29,0.0,False,,,,6,sub-pt11,02,True
RG29-RG30,0.0,False,,,,6,sub-pt11,02,True
RG30-RG31,0.0,False,,,,6,sub-pt11,02,True
RG31-RG32,0.0,False,,,,6,sub-pt11,02,True
RG32-RG33,0.0,False,,,,6,sub-pt11,02,True
RG33-RG34,0.0,False,,,,6,sub-pt11,02,False
RG34-RG35,0.0,False,,,,6,sub-pt11,02,False
RG35-RG36,0.0,False,,,,6,sub-pt11,02,False
RG36-RG37,0.0,False,,,,6,sub-pt11,02,False
RG37-RG38,0.0,False,,,,6,sub-pt11,02,False
RG38-RG39,0.0,False,,,,6,sub-pt11,02,True
RG39-RG40,0.0,False,,,,6,sub-pt11,02,True
RG4-RG5,0.0,False,,,,6,sub-pt11,02,True
RG40-RG41,0.0,False,,,,6,sub-pt11,02,True
RG41-RG42,0.0,False,,,,6,sub-pt11,02,False
RG42-RG43,0.0,False,,,,6,sub-pt11,02,False
RG43-RG44,0.0,False,,,,6,sub-pt11,02,False
RG44-RG45,0.0,False,,,,6,sub-pt11,02,False
RG45-RG46,0.0,False,,,,6,sub-pt11,02,False
RG46-RG47,0.0,False,,,,6,sub-pt11,02,True
RG47-RG48,0.0,False,,,,6,sub-pt11,02,True
RG5-RG6,0.0,False,,,,6,sub-pt11,02,True
RG6-RG7,0.0,False,,,,6,sub-pt11,02,True
RG7-RG8,0.0,False,,,,6,sub-pt11,02,True
RG8-RG9,0.0,False,,,,6,sub-pt11,02,True
RG9-RG10,0.0,False,,,,6,sub-pt11,02,False
RPG10-RPG11,0.0,False,,,,6,sub-pt11,02,True
RPG11-RPG12,0.0,False,,,,6,sub-pt11,02,True
RPG2-RPG3,0.0,False,,,,6,sub-pt11,02,False
RPG3-RPG4,0.0,False,,,,6,sub-pt11,02,False
RPG4-RPG5,0.0,False,,,,6,sub-pt11,02,False
G21-G22,1.0,True,-8.749999999999993,-5.249999999999993,3.047288083592981,1,sub-pt12,02,False
G20-G21,0.10714287147467949,True,-2.499999999999993,3.500000000000007,2.367090167278757,2,sub-pt12,02,False
G12-G13,0.06727027245376176,True,1.250000000000007,3.000000000000007,2.2549108959124156,3,sub-pt12,02,False
TT2-TT3,0.026194258104720737,True,20.500000000000007,24.750000000000007,2.4145988800774996,4,sub-pt12,02,True
AST1-AST2,0.0,False,,,,5,sub-pt12,02,True
AST2-AST3,0.0,False,,,,5,sub-pt12,02,True
AST3-AST4,0.0,False,,,,5,sub-pt12,02,False
G1-G2,0.0,False,,,,5,sub-pt12,02,False
G10-G11,0.0,False,,,,5,sub-pt12,02,False
G11-G12,0.0,False,,,,5,sub-pt12,02,False
G13-G14,0.0,False,,,,5,sub-pt12,02,False
G14-G15,0.0,False,,,,5,sub-pt12,02,False
G15-G16,0.0,False,,,,5,sub-pt12,02,False
G19-G20,0.0,False,,,,5,sub-pt12,02,False
G2-G3,0.0,False,,,,5,sub-pt12,02,False
G22-G23,0.0,False,,,,5,sub-pt12,02,False
G23-G24,0.0,False,,,,5,sub-pt12,02,False
G27-G28,0.0,False,,,,5,sub-pt12,02,False
G28-G29,0.0,False,,,,5,sub-pt12,02,False
G29-G30,0.0,False,,,,5,sub-pt12,02,False
G3-G4,0.0,False,,,,5,sub-pt12,02,False
G30-G31,0.0,False,,,,5,sub-pt12,02,False
G31-G32,0.0,False,,,,5,sub-pt12,02,False
G4-G5,0.0,False,,,,5,sub-pt12,02,False
G5-G6,0.0,False,,,,5,sub-pt12,02,False
G6-G7,0.0,False,,,,5,sub-pt12,02,False
G7-G8,0.0,False,,,,5,sub-pt12,02,False
G8-G9,0.0,False,,,,5,sub-pt12,02,False
G9-G10,0.0,False,,,,5,sub-pt12,02,False
MST1-MST2,0.0,False,,,,5,sub-pt12,02,True
MST2-MST3,0.0,False,,,,5,sub-pt12,02,True
MST3-MST4,0.0,False,,,,5,sub-pt12,02,False
OF1-OF2,0.0,False,,,,5,sub-pt12,02,False
OF2-OF3,0.0,False,,,,5,sub-pt12,02,False
OF3-OF4,0.0,False,,,,5,sub-pt12,02,False
PST1-PST2,0.0,False,,,,5,sub-pt12,02,False
PST2-PST3,0.0,False,,,,5,sub-pt12,02,False
PST3-PST4,0.0,False,,,,5,sub-pt12,02,False
TO1-TO2,0.0,False,,,,5,sub-pt12,02,False
TO2-TO3,0.0,False,,,,5,sub-pt12,02,False
TO3-TO4,0.0,False,,,,5,sub-pt12,02,False
TT1-TT2,0.0,False,,,,5,sub-pt12,02,True
TT3-TT4,0.0,False,,,,5,sub-pt12,02,True
TT4-TT5,0.0,False,,,,5,sub-pt12,02,True
TT5-TT6,0.0,False,,,,5,sub-pt12,02,True
G7-G8,1.0,True,-8.999999999999993,-5.249999999999993,3.99825433465859,1,sub-pt13,03,False
G56-G57,0.4329589783226805,True,-7.999999999999993,-7.499999999999993,3.4621602236160234,2,sub-pt13,03,False
G15-G16,0.41759164518677777,True,-8.249999999999993,-5.249999999999993,2.921865809599181,3,sub-pt13,03,False
PP3-PP4,0.3517724077987321,True,-7.999999999999993,-3.249999999999993,2.8129511085891394,4,sub-pt13,03,False
LMIH1-LMIH2,0.34820073837158944,True,-7.999999999999993,-3.249999999999993,2.7843902230510578,5,sub-pt13,03,False
G22-G23,0.34575941621182504,True,-7.749999999999993,-0.4999999999999929,3.110476690390394,6,sub-pt13,03,False
G44-G45,0.335629458504998,True,-7.499999999999993,-3.999999999999993,3.354829843266809,7,sub-pt13,03,False
G5-G6,0.32014583278919134,True,-7.749999999999993,-0.2499999999999929,2.8800550432626038,8,sub-pt13,03,False
G38-G39,0.3128675765095731,True,-3.249999999999993,-0.7499999999999929,8.443737971686318,9,sub-pt13,03,False
AP5-AP6,0.30399888480811954,True,-7.749999999999993,-2.749999999999993,2.734795932559743,10,sub-pt13,03,False
G23-G24,0.2926209605376829,True,-7.999999999999993,-2.749999999999993,2.339946047763502,11,sub-pt13,03,False
RMIH1-RMIH2,0.28502870699309557,True,-7.999999999999993,-7.249999999999993,2.279234526474555,12,sub-pt13,03,False
AP4-AP5,0.22735140826153125,True,-4.999999999999993,-3.249999999999993,4.54504376786201,13,sub-pt13,03,False
MF3-MF4,0.2183935458243147,True,-6.499999999999993,-3.749999999999993,3.05617529438734,14,sub-pt13,03,False
G6-G7,0.20737010366199463,True,-6.249999999999993,-3.749999999999993,3.109194059419392,15,sub-pt13,03,False
AP3-AP4,0.1938034032056347,True,-4.999999999999993,-3.249999999999993,3.874376484692577,16,sub-pt13,03,False
G31-G32,0.19061530531934862,True,-3.249999999999993,-0.7499999999999929,5.144367177531154,17,sub-pt13,03,False
G13-G14,0.18012365655242105,True,-4.249999999999993,-0.4999999999999929,4.141036095865317,18,sub-pt13,03,False
G14-G15,0.17039248586791156,True,-4.999999999999993,-2.749999999999993,3.4063624760731495,19,sub-pt13,03,False
G50-G51,0.15673700277103447,True,-3.249999999999993,0.5000000000000071,4.230052204932116,20,sub-pt13,03,False
G52-G53,0.1558836903312725,True,-6.499999999999993,7.105427357601002e-15,2.1814192419935567,21,sub-pt13,03,False
G3-G4,0.15526380346431176,True,-4.749999999999993,7.105427357601002e-15,3.2591169198880103,22,sub-pt13,03,False
G21-G22,0.15502815901057146,True,-3.249999999999993,-0.2499999999999929,4.18393355911757,23,sub-pt13,03,False
G46-G47,0.1512512455467253,True,-2.749999999999993,-0.4999999999999929,4.3843718739403625,24,sub-pt13,03,False
G61-G62,0.14928352642418255,True,-4.749999999999993,7.105427357601002e-15,3.1335859097476924,25,sub-pt13,03,False
G39-G40,0.14856475415225723,True,-3.249999999999993,0.2500000000000071,4.009497787800564,26,sub-pt13,03,False
G1-G2,0.1362005723663836,True,-1.749999999999993,-0.2499999999999929,4.492657362986712,27,sub-pt13,03,True
G51-G52,0.13340249111320995,True,-4.749999999999993,0.2500000000000071,2.80022971382514,28,sub-pt13,03,False
G41-G42,0.13249815445275764,True,-4.499999999999993,0.2500000000000071,2.913687262062509,29,sub-pt13,03,False
FP5-FP6,0.1304058857047904,True,-2.999999999999993,7.105427357601002e-15,3.6497712844891965,30,sub-pt13,03,False
G28-G29,0.12235411244514272,True,-2.249999999999993,0.5000000000000071,3.7913221684649967,31,sub-pt13,03,False
G4-G5,0.12120107957074841,True,-4.749999999999993,0.5000000000000071,2.5441118942349887,32,sub-pt13,03,False
G47-G48,0.1183863619329881,True,-2.499999999999993,1.750000000000007,3.5500408857227277,33,sub-pt13,03,False
G37-G38,0.1159661228339401,True,-1.749999999999993,0.2500000000000071,3.8252119396783995,34,sub-pt13,03,False
G19-G20,0.11322400747068252,True,-1.499999999999993,7.105427357601002e-15,3.84793621858512,35,sub-pt13,03,False
MF5-MF6,0.11187738193929418,True,-0.9999999999999929,7.105427357601002e-15,4.0258280456013384,36,sub-pt13,03,False
G36-G37,0.11003333590038461,True,-1.749999999999993,1.750000000000007,3.6295154133204237,37,sub-pt13,03,False
G49-G50,0.10512461919374724,True,-0.4999999999999929,1.000000000000007,3.9929921615219683,38,sub-pt13,03,False
G55-G56,0.10389112678500699,True,-2.499999999999993,2.000000000000007,3.115373610005395,39,sub-pt13,03,False
G42-G43,0.09938374901329379,True,-1.499999999999993,-0.4999999999999929,3.3775727949396974,40,sub-pt13,03,False
G59-G60,0.09774327586978747,True,-1.499999999999993,1.250000000000007,3.321821049655919,41,sub-pt13,03,False
G30-G31,0.09660844095227848,True,-4.999999999999993,1.500000000000007,1.9313255890102794,42,sub-pt13,03,False
G53-G54,0.09236730835889016,True,-1.249999999999993,7.105427357601002e-15,3.231444921483443,43,sub-pt13,03,False
G58-G59,0.09080283377231219,True,-4.749999999999993,1.250000000000007,1.9060273245795105,44,sub-pt13,03,False
G29-G30,0.09011301985086372,True,-1.249999999999993,7.105427357601002e-15,3.1525792569940494,45,sub-pt13,03,False
PP4-PP5,0.08826097119092931,True,-3.749999999999993,-2.749999999999993,2.2055613165331875,46,sub-pt13,03,False
G34-G35,0.0839228382706769,True,-1.749999999999993,1.250000000000007,2.768245028113832,47,sub-pt13,03,False
G48-G49,0.08143248991015925,True,-0.4999999999999929,1.250000000000007,3.0930841547706933,48,sub-pt13,03,False
G43-G44,0.08138207008166523,True,-1.499999999999993,1.250000000000007,2.7657828229738106,49,sub-pt13,03,False
G33-G34,0.07845742603062128,True,-0.9999999999999929,7.105427357601002e-15,2.823234693417785,50,sub-pt13,03,False
G57-G58,0.07837614248915531,True,-0.9999999999999929,1.000000000000007,2.8203097629697607,51,sub-pt13,03,False
G54-G55,0.07734085069544376,True,-1.999999999999993,-0.2499999999999929,2.4738271323139265,52,sub-pt13,03,False
G12-G13,0.0742264542890851,True,-0.9999999999999929,2.250000000000007,2.67098618346905,53,sub-pt13,03,False
AP2-AP3,0.06470015829122391,True,-0.4999999999999929,10.500000000000007,2.4575330392393377,54,sub-pt13,03,False
G32-G33,0.06356387287369086,True,-0.9999999999999929,7.250000000000007,2.287300772204299,55,sub-pt13,03,False
G10-G11,0.05495401713892961,True,-0.7499999999999929,8.250000000000007,2.032411269401807,56,sub-pt13,03,True
G40-G41,0.05479416634065485,True,-0.9999999999999929,10.500000000000007,1.9717291177697436,57,sub-pt13,03,False
LMIH3-LMIH4,0.05276472173644086,True,-0.9999999999999929,4.750000000000007,1.8987009965980106,58,sub-pt13,03,False
PP2-PP3,0.050556312032182436,True,10.500000000000007,12.000000000000007,4.143808371404026,59,sub-pt13,03,False
RMIH3-RMIH4,0.04866309240272147,True,9.750000000000007,11.000000000000007,3.8427065477071842,60,sub-pt13,03,False
LMIH2-LMIH3,0.04840274554476657,True,-1.249999999999993,5.250000000000007,1.6933567628577222,61,sub-pt13,03,False
MF4-MF5,0.045425818547393505,True,4.000000000000007,5.000000000000007,2.542735662775429,62,sub-pt13,03,False
G20-G21,0.04517678143239815,True,9.250000000000007,12.000000000000007,3.477094047119185,63,sub-pt13,03,False
G11-G12,0.043197330105463644,True,3.750000000000007,12.250000000000007,2.37481629467291,64,sub-pt13,03,False
RMIH2-RMIH3,0.03760332148602369,True,8.250000000000007,13.500000000000007,2.7438444871052488,65,sub-pt13,03,False
LPPIH5-LPPIH6,0.03752921876810931,True,8.250000000000007,12.250000000000007,2.7384373494909697,66,sub-pt13,03,False
G60-G61,0.0362432553330007,True,9.750000000000007,18.000000000000007,2.8619676165618353,67,sub-pt13,03,False
G26-G27,0.033820598636670224,True,9.750000000000007,10.500000000000007,2.6706612632213487,68,sub-pt13,03,False
RAIH4-RAIH5,0.03317646786995693,True,8.750000000000007,15.750000000000007,2.4871491838071886,69,sub-pt13,03,False
RPIH5-RPIH6,0.03151290758444133,True,3.750000000000007,12.250000000000007,1.7324535160238361,70,sub-pt13,03,False
RAIH5-RAIH6,0.027379209363073642,True,9.250000000000007,15.750000000000007,2.107279068422109,71,sub-pt13,03,False
RPIH4-RPIH5,0.01430628822960709,True,28.0,29.25,2.1736067992222647,72,sub-pt13,03,False
AP1-AP2,0.0,False,,,,73,sub-pt13,03,False
G16-G17,0.0,False,,,,73,sub-pt13,03,True
G17-G18,0.0,False,,,,73,sub-pt13,03,True
G18-G19,0.0,False,,,,73,sub-pt13,03,True
G2-G3,0.0,False,,,,73,sub-pt13,03,True
G24-G25,0.0,False,,,,73,sub-pt13,03,False
G25-G26,0.0,False,,,,73,sub-pt13,03,False
G27-G28,0.0,False,,,,73,sub-pt13,03,False
G35-G36,0.0,False,,,,73,sub-pt13,03,False
G45-G46,0.0,False,,,,73,sub-pt13,03,False
G8-G9,0.0,False,,,,73,sub-pt13,03,True
G9-G10,0.0,False,,,,73,sub-pt13,03,True
LF1-LF2,0.0,False,,,,73,sub-pt13,03,False
LF2-LF3,0.0,False,,,,73,sub-pt13,03,False
LF3-LF4,0.0,False,,,,73,sub-pt13,03,False
LF4-LF5,0.0,False,,,,73,sub-pt13,03,False
LF5-LF6,0.0,False,,,,73,sub-pt13,03,False
LPPIH1-LPPIH2,0.0,False,,,,73,sub-pt13,03,False
LPPIH2-LPPIH3,0.0,False,,,,73,sub-pt13,03,False
LPPIH3-LPPIH4,0.0,False,,,,73,sub-pt13,03,False
LPPIH4-LPPIH5,0.0,False,,,,73,sub-pt13,03,False
MF1-MF2,0.0,False,,,,73,sub-pt13,03,False
MF2-MF3,0.0,False,,,,73,sub-pt13,03,False
PP1-PP2,0.0,False,,,,73,sub-pt13,03,False
PP5-PP6,0.0,False,,,,73,sub-pt13,03,False
RAIH1-RAIH2,0.0,False,,,,73,sub-pt13,03,False
RPIH3-RPIH4,0.0,False,,,,73,sub-pt13,03,False
RPPIH3-RPPIH4,0.0,False,,,,73,sub-pt13,03,False
RPPIH4-RPPIH5,0.0,False,,,,73,sub-pt13,03,False
RPPIH5-RPPIH6,0.0,False,,,,73,sub-pt13,03,False
TT1-TT2,1.0,True,-5.500000000000007,-4.500000000000007,2.4496317253734174,1,sub-pt14,01,True
G11-G12,0.3767668576309955,True,-4.000000000000007,-2.250000000000007,2.3073501188053407,2,sub-pt14,01,False
TT5-TT6,0.12268330693200818,True,0.7499999999999929,2.249999999999993,2.1788346760491955,3,sub-pt14,01,False
TT2-TT3,0.11735088660995095,True,27.0,28.25,9.630126237154554,4,sub-pt14,01,True
MST1-MST2,0.1067055586448706,True,27.0,28.25,8.756542277960655,5,sub-pt14,01,True
LF2-LF3,0.07631457939763955,True,6.499999999999993,10.499999999999993,2.430253992412824,6,sub-pt14,01,False
G13-G14,0.0649191961871954,True,3.249999999999993,20.249999999999993,1.5505241950174748,7,sub-pt14,01,False
AST1-AST2,0.03912522899680459,True,28.0,29.25,3.306562876351001,8,sub-pt14,01,True
G19-G20,0.03291943576899448,True,16.499999999999993,17.749999999999993,1.854731367545791,9,sub-pt14,01,False
AST2-AST3,0.0,False,,,,10,sub-pt14,01,True
AST3-AST4,0.0,False,,,,10,sub-pt14,01,False
G10-G11,0.0,False,,,,10,sub-pt14,01,False
G12-G13,0.0,False,,,,10,sub-pt14,01,False
G18-G19,0.0,False,,,,10,sub-pt14,01,False
G2-G3,0.0,False,,,,10,sub-pt14,01,False
G20-G21,0.0,False,,,,10,sub-pt14,01,False
G21-G22,0.0,False,,,,10,sub-pt14,01,False
G27-G28,0.0,False,,,,10,sub-pt14,01,False
G28-G29,0.0,False,,,,10,sub-pt14,01,False
G29-G30,0.0,False,,,,10,sub-pt14,01,False
G3-G4,0.0,False,,,,10,sub-pt14,01,False
G30-G31,0.0,False,,,,10,sub-pt14,01,False
G31-G32,0.0,False,,,,10,sub-pt14,01,False
LF1-LF2,0.0,False,,,,10,sub-pt14,01,False
LF3-LF4,0.0,False,,,,10,sub-pt14,01,False
LF4-LF5,0.0,False,,,,10,sub-pt14,01,False
LF5-LF6,0.0,False,,,,10,sub-pt14,01,False
MST2-MST3,0.0,False,,,,10,sub-pt14,01,True
MST3-MST4,0.0,False,,,,10,sub-pt14,01,False
OF1-OF2,0.0,False,,,,10,sub-pt14,01,False
OF2-OF3,0.0,False,,,,10,sub-pt14,01,False
OF3-OF4,0.0,False,,,,10,sub-pt14,01,False
PPST1-PPST2,0.0,False,,,,10,sub-pt14,01,False
PPST2-PPST3,0.0,False,,,,10,sub-pt14,01,False
PPST3-PPST4,0.0,False,,,,10,sub-pt14,01,False
PST1-PST2,0.0,False,,,,10,sub-pt14,01,False
PST2-PST3,0.0,False,,,,10,sub-pt14,01,False
PT1-PT2,0.0,False,,,,10,sub-pt14,01,False
PT4-PT5,0.0,False,,,,10,sub-pt14,01,False
PT5-PT6,0.0,False,,,,10,sub-pt14,01,False
TT3-TT4,0.0,False,,,,10,sub-pt14,01,True
TT4-TT5,0.0,False,,,,10,sub-pt14,01,False
G18-G19,1.0,True,-5.25,-2.25,2.8956323170768488,1,sub-pt14,02,False
G31-G32,0.1381971874938546,True,1.0,1.75,2.901219756213421,2,sub-pt14,02,False
PPST1-PPST2,0.05413641213176302,True,8.75,18.0,2.3513871674898628,3,sub-pt14,02,False
G27-G28,0.04135017192490474,True,15.25,19.75,2.5743002240624167,4,sub-pt14,02,False
AST1-AST2,0.0,False,,,,5,sub-pt14,02,True
AST2-AST3,0.0,False,,,,5,sub-pt14,02,True
AST3-AST4,0.0,False,,,,5,sub-pt14,02,False
G10-G11,0.0,False,,,,5,sub-pt14,02,False
G11-G12,0.0,False,,,,5,sub-pt14,02,False
G12-G13,0.0,False,,,,5,sub-pt14,02,False
G13-G14,0.0,False,,,,5,sub-pt14,02,False
G19-G20,0.0,False,,,,5,sub-pt14,02,False
G2-G3,0.0,False,,,,5,sub-pt14,02,False
G20-G21,0.0,False,,,,5,sub-pt14,02,False
G21-G22,0.0,False,,,,5,sub-pt14,02,False
G28-G29,0.0,False,,,,5,sub-pt14,02,False
G29-G30,0.0,False,,,,5,sub-pt14,02,False
G3-G4,0.0,False,,,,5,sub-pt14,02,False
G30-G31,0.0,False,,,,5,sub-pt14,02,False
LF1-LF2,0.0,False,,,,5,sub-pt14,02,False
LF2-LF3,0.0,False,,,,5,sub-pt14,02,False
LF3-LF4,0.0,False,,,,5,sub-pt14,02,False
LF4-LF5,0.0,False,,,,5,sub-pt14,02,False
LF5-LF6,0.0,False,,,,5,sub-pt14,02,False
MST1-MST2,0.0,False,,,,5,sub-pt14,02,True
MST2-MST3,0.0,False,,,,5,sub-pt14,02,True
MST3-MST4,0.0,False,,,,5,sub-pt14,02,False
OF1-OF2,0.0,False,,,,5,sub-pt14,02,False
OF2-OF3,0.0,False,,,,5,sub-pt14,02,False
OF3-OF4,0.0,False,,,,5,sub-pt14,02,False
PPST2-PPST3,0.0,False,,,,5,sub-pt14,02,False
PPST3-PPST4,0.0,False,,,,5,sub-pt14,02,False
PST1-PST2,0.0,False,,,,5,sub-pt14,02,False
PST2-PST3,0.0,False,,,,5,sub-pt14,02,False
PT1-PT2,0.0,False,,,,5,sub-pt14,02,False
PT4-PT5,0.0,False,,,,5,sub-pt14,02,False
PT5-PT6,0.0,False,,,,5,sub-pt14,02,False
TT1-TT2,0.0,False,,,,5,sub-pt14,02,True
TT2-TT3,0.0,False,,,,5,sub-pt14,02,True
TT3-TT4,0.0,False,,,,5,sub-pt14,02,True
TT4-TT5,0.0,False,,,,5,sub-pt14,02,False
TT5-TT6,0.0,False,,,,5,sub-pt14,02,False
TT1-TT2,1.0,True,-5.75,-1.0,2.638523107867543,1,sub-pt14,03,True
OF1-OF2,0.4539197477284448,True,-4.75,-1.25,2.3953554869978144,2,sub-pt14,03,False
LF1-LF2,0.3918556416392587,True,-4.25,-1.25,2.5848004135336176,3,sub-pt14,03,False
LF2-LF3,0.2942000366407584,True,-3.25,-1.5,2.7168875825424164,4,sub-pt14,03,False
OF2-OF3,0.07301365367412217,True,4.25,5.75,2.1191303364991025,5,sub-pt14,03,False
PT4-PT5,0.05496052533269731,True,11.75,15.75,2.682770398050935,6,sub-pt14,03,False
PT1-PT2,0.04773140186873493,True,15.0,18.0,2.739203847934129,7,sub-pt14,03,False
PST2-PST3,0.0432863742557572,True,10.5,17.25,1.9701587030859122,8,sub-pt14,03,False
MST1-MST2,0.03236294970738117,True,18.25,18.75,2.134759766042009,9,sub-pt14,03,True
PPST1-PPST2,0.025009672752395257,True,26.0,26.5,2.1611266328848546,10,sub-pt14,03,False
AST1-AST2,0.0,False,,,,11,sub-pt14,03,True
AST2-AST3,0.0,False,,,,11,sub-pt14,03,True
AST3-AST4,0.0,False,,,,11,sub-pt14,03,False
G10-G11,0.0,False,,,,11,sub-pt14,03,False
G11-G12,0.0,False,,,,11,sub-pt14,03,False
G12-G13,0.0,False,,,,11,sub-pt14,03,False
G13-G14,0.0,False,,,,11,sub-pt14,03,False
G18-G19,0.0,False,,,,11,sub-pt14,03,False
G19-G20,0.0,False,,,,11,sub-pt14,03,False
G2-G3,0.0,False,,,,11,sub-pt14,03,False
G20-G21,0.0,False,,,,11,sub-pt14,03,False
G21-G22,0.0,False,,,,11,sub-pt14,03,False
G27-G28,0.0,False,,,,11,sub-pt14,03,False
G28-G29,0.0,False,,,,11,sub-pt14,03,False
G29-G30,0.0,False,,,,11,sub-pt14,03,False
G3-G4,0.0,False,,,,11,sub-pt14,03,False
G30-G31,0.0,False,,,,11,sub-pt14,03,False
G31-G32,0.0,False,,,,11,sub-pt14,03,False
LF3-LF4,0.0,False,,,,11,sub-pt14,03,False
LF4-LF5,0.0,False,,,,11,sub-pt14,03,False
LF5-LF6,0.0,False,,,,11,sub-pt14,03,False
MST2-MST3,0.0,False,,,,11,sub-pt14,03,True
MST3-MST4,0.0,False,,,,11,sub-pt14,03,False
OF3-OF4,0.0,False,,,,11,sub-pt14,03,False
PPST2-PPST3,0.0,False,,,,11,sub-pt14,03,False
PPST3-PPST4,0.0,False,,,,11,sub-pt14,03,False
PST1-PST2,0.0,False,,,,11,sub-pt14,03,False
PT5-PT6,0.0,False,,,,11,sub-pt14,03,False
TT2-TT3,0.0,False,,,,11,sub-pt14,03,True
TT3-TT4,0.0,False,,,,11,sub-pt14,03,True
TT4-TT5,0.0,False,,,,11,sub-pt14,03,False
TT5-TT6,0.0,False,,,,11,sub-pt14,03,False
TP3-TP4,1.0,True,-6.999999999999986,-4.499999999999986,4.348103443451977,1,sub-pt15,01,False
TP4-TP5,0.9256798881623011,True,-6.999999999999986,-4.499999999999986,4.024951909252743,2,sub-pt15,01,False
TP5-TP6,0.7519763008936043,True,-6.999999999999986,-3.499999999999986,3.2696707433097614,3,sub-pt15,01,False
G5-G6,0.21870747399279192,True,-3.999999999999986,-1.7499999999999858,3.80385088310697,4,sub-pt15,01,True
G11-G12,0.16496702148693762,True,-4.249999999999986,-1.9999999999999858,2.6898512781876374,5,sub-pt15,01,True
TO5-TO6,0.15606324405198738,True,-3.749999999999986,-1.4999999999999858,2.883961297649614,6,sub-pt15,01,False
LIF1-LIF2,0.1261355817151235,True,-3.999999999999986,-2.999999999999986,2.1938022287893877,7,sub-pt15,01,False
TT1-TT2,0.07729615826471824,True,-1.2499999999999858,5.000000000000014,2.2686189204359053,8,sub-pt15,01,True
MST1-MST2,0.04677491801165804,True,1.7500000000000142,13.000000000000014,1.9829762752183242,9,sub-pt15,01,True
AST2-AST3,0.04619847258412606,True,3.250000000000014,6.250000000000014,2.2598520494091785,10,sub-pt15,01,True
AST3-AST4,0.041058598270266526,True,5.250000000000014,6.000000000000014,2.365483180919909,11,sub-pt15,01,True
TP1-TP2,0.027728466861776924,True,16.500000000000014,21.0,2.953872934961739,12,sub-pt15,01,False
LIF2-LIF3,0.0251663616102408,True,20.75,22.25,3.1459958778285615,13,sub-pt15,01,False
TP2-TP3,0.020714064205729178,True,20.25,25.5,2.544389752698062,14,sub-pt15,01,False
G15-G16,0.02017783871043442,True,24.25,25.25,2.829464391798836,15,sub-pt15,01,False
LSF3-LSF4,0.019770943627136175,True,14.250000000000014,23.0,1.9127459044561679,16,sub-pt15,01,False
LSF5-LSF6,0.015269169680189407,True,24.75,25.75,2.174335683431503,17,sub-pt15,01,False
AST1-AST2,0.0,False,,,,18,sub-pt15,01,True
G12-G13,0.0,False,,,,18,sub-pt15,01,True
G13-G14,0.0,False,,,,18,sub-pt15,01,True
G14-G15,0.0,False,,,,18,sub-pt15,01,False
G19-G20,0.0,False,,,,18,sub-pt15,01,False
G20-G21,0.0,False,,,,18,sub-pt15,01,False
G21-G22,0.0,False,,,,18,sub-pt15,01,False
G22-G23,0.0,False,,,,18,sub-pt15,01,False
G23-G24,0.0,False,,,,18,sub-pt15,01,False
G27-G28,0.0,False,,,,18,sub-pt15,01,False
G28-G29,0.0,False,,,,18,sub-pt15,01,False
G29-G30,0.0,False,,,,18,sub-pt15,01,False
G3-G4,0.0,False,,,,18,sub-pt15,01,True
G30-G31,0.0,False,,,,18,sub-pt15,01,False
G31-G32,0.0,False,,,,18,sub-pt15,01,False
G4-G5,0.0,False,,,,18,sub-pt15,01,True
G6-G7,0.0,False,,,,18,sub-pt15,01,False
G7-G8,0.0,False,,,,18,sub-pt15,01,False
LIF3-LIF4,0.0,False,,,,18,sub-pt15,01,False
LIF4-LIF5,0.0,False,,,,18,sub-pt15,01,False
LIF5-LIF6,0.0,False,,,,18,sub-pt15,01,False
LSF1-LSF2,0.0,False,,,,18,sub-pt15,01,False
LSF2-LSF3,0.0,False,,,,18,sub-pt15,01,False
LSF4-LSF5,0.0,False,,,,18,sub-pt15,01,False
LSF6-LSF7,0.0,False,,,,18,sub-pt15,01,False
MST2-MST3,0.0,False,,,,18,sub-pt15,01,True
MST3-MST4,0.0,False,,,,18,sub-pt15,01,False
OF3-OF4,0.0,False,,,,18,sub-pt15,01,False
PPST1-PPST2,0.0,False,,,,18,sub-pt15,01,False
PPST2-PPST3,0.0,False,,,,18,sub-pt15,01,False
PPST3-PPST4,0.0,False,,,,18,sub-pt15,01,False
PST1-PST2,0.0,False,,,,18,sub-pt15,01,False
TO1-TO2,0.0,False,,,,18,sub-pt15,01,False
TO2-TO3,0.0,False,,,,18,sub-pt15,01,False
TO3-TO4,0.0,False,,,,18,sub-pt15,01,False
TO4-TO5,0.0,False,,,,18,sub-pt15,01,False
TT2-TT3,0.0,False,,,,18,sub-pt15,01,True
TT3-TT4,0.0,False,,,,18,sub-pt15,01,True
LIF2-LIF3,1.0,True,-3.75,-2.25,2.8155333142905445,1,sub-pt15,02,False
LIF3-LIF4,0.4729143993981896,True,-2.75,-2.25,2.663012492626614,2,sub-pt15,02,False
G11-G12,0.35824065438639424,True,-2.5,-1.5,2.2694366181558108,3,sub-pt15,02,True
OF3-OF4,0.04843870026307281,True,11.5,13.5,2.2161875822387542,4,sub-pt15,02,False
TO3-TO4,0.043087269522817544,True,25.5,26.75,3.6697376935900805,5,sub-pt15,02,False
TT3-TT4,0.04231399788392972,True,27.25,29.75,3.8123670624967594,6,sub-pt15,02,True
PPST1-PPST2,0.0413690511842567,True,14.0,14.75,2.1839239085599766,7,sub-pt15,02,False
PST1-PST2,0.03920981958820313,True,21.5,25.75,2.8979095240700814,8,sub-pt15,02,False
TO5-TO6,0.036080981842216364,True,24.5,25.25,2.971425786880368,9,sub-pt15,02,False
G13-G14,0.03419987720925356,True,19.25,21.0,2.3109814470551844,10,sub-pt15,02,True
AST1-AST2,0.0341237884759808,True,21.75,22.25,2.546031576494084,11,sub-pt15,02,True
TT2-TT3,0.03348910776746762,True,29.25,30.0,3.205849751895825,12,sub-pt15,02,True
G14-G15,0.03339778031226855,True,25.25,29.75,2.820976892776469,13,sub-pt15,02,False
G7-G8,0.03253894811684905,True,14.0,22.75,1.7177717331555016,14,sub-pt15,02,False
TO4-TO5,0.03177388677544713,True,25.25,29.5,2.683813102223015,15,sub-pt15,02,False
G6-G7,0.031506993201402274,True,16.0,28.25,1.8407115215772312,16,sub-pt15,02,False
LSF6-LSF7,0.031380135287400863,True,18.25,25.25,2.0320917750982925,17,sub-pt15,02,False
TP3-TP4,0.03006745378467446,True,18.0,27.5,1.9259221301011114,18,sub-pt15,02,False
TO2-TO3,0.029807547110076556,True,24.75,30.0,2.475762186218309,19,sub-pt15,02,False
G31-G32,0.029526403053771685,True,25.5,29.25,2.5147602863341936,20,sub-pt15,02,False
LSF4-LSF5,0.027571586567645637,True,24.25,27.5,2.251232894762507,21,sub-pt15,02,False
LSF3-LSF4,0.024807366554057464,True,21.0,30.0,1.7985336495487196,22,sub-pt15,02,False
LSF1-LSF2,0.02397796270679836,True,24.25,29.5,1.9578118314844049,23,sub-pt15,02,False
TO1-TO2,0.022529272065381467,True,21.25,27.5,1.6492298172167186,24,sub-pt15,02,False
AST2-AST3,0.0,False,,,,25,sub-pt15,02,True
AST3-AST4,0.0,False,,,,25,sub-pt15,02,True
G12-G13,0.0,False,,,,25,sub-pt15,02,True
G15-G16,0.0,False,,,,25,sub-pt15,02,False
G19-G20,0.0,False,,,,25,sub-pt15,02,False
G20-G21,0.0,False,,,,25,sub-pt15,02,False
G21-G22,0.0,False,,,,25,sub-pt15,02,False
G22-G23,0.0,False,,,,25,sub-pt15,02,False
G23-G24,0.0,False,,,,25,sub-pt15,02,False
G27-G28,0.0,False,,,,25,sub-pt15,02,False
G28-G29,0.0,False,,,,25,sub-pt15,02,False
G29-G30,0.0,False,,,,25,sub-pt15,02,False
G3-G4,0.0,False,,,,25,sub-pt15,02,True
G30-G31,0.0,False,,,,25,sub-pt15,02,False
G4-G5,0.0,False,,,,25,sub-pt15,02,True
G5-G6,0.0,False,,,,25,sub-pt15,02,True
LIF1-LIF2,0.0,False,,,,25,sub-pt15,02,False
LIF4-LIF5,0.0,False,,,,25,sub-pt15,02,False
LIF5-LIF6,0.0,False,,,,25,sub-pt15,02,False
LSF2-LSF3,0.0,False,,,,25,sub-pt15,02,False
LSF5-LSF6,0.0,False,,,,25,sub-pt15,02,False
MST1-MST2,0.0,False,,,,25,sub-pt15,02,True
MST2-MST3,0.0,False,,,,25,sub-pt15,02,True
MST3-MST4,0.0,False,,,,25,sub-pt15,02,False
PPST2-PPST3,0.0,False,,,,25,sub-pt15,02,False
PPST3-PPST4,0.0,False,,,,25,sub-pt15,02,False
TP1-TP2,0.0,False,,,,25,sub-pt15,02,False
TP2-TP3,0.0,False,,,,25,sub-pt15,02,False
TP4-TP5,0.0,False,,,,25,sub-pt15,02,False
TP5-TP6,0.0,False,,,,25,sub-pt15,02,False
TT1-TT2,0.0,False,,,,25,sub-pt15,02,True
G11-G12,1.0,True,-4.25,-3.25,2.4490226660470404,1,sub-pt15,03,True
TP3-TP4,0.24493268452843212,True,-0.25,2.75,2.9992284803293976,2,sub-pt15,03,False
TO1-TO2,0.16861167747673475,True,1.0,5.25,2.5808363743796043,3,sub-pt15,03,False
PPST1-PPST2,0.15165037934337006,True,1.5,4.75,2.50691771020418,4,sub-pt15,03,False
TT2-TT3,0.13204106187903317,True,2.5,3.25,2.5061295387777087,5,sub-pt15,03,True
G6-G7,0.10066539392553933,True,8.5,10.0,3.3898126818902483,6,sub-pt15,03,False
LIF1-LIF2,0.08047817790060831,True,4.75,5.5,1.970928818007558,7,sub-pt15,03,False
G13-G14,0.07952054890139687,True,7.25,15.25,2.4343453334502874,8,sub-pt15,03,True
AST2-AST3,0.07378233177660151,True,8.75,13.0,2.5297244402457983,9,sub-pt15,03,True
PST1-PST2,0.07372056897932998,True,10.25,16.25,2.7984218379560835,10,sub-pt15,03,False
AST3-AST4,0.07244285238015377,True,14.25,16.75,3.4595766557058796,11,sub-pt15,03,True
G7-G8,0.07133415557461122,True,8.5,10.5,2.402110753151295,12,sub-pt15,03,False
TP5-TP6,0.06909358727346494,True,6.75,13.75,2.0305411357345795,13,sub-pt15,03,False
TT3-TT4,0.06256017497587135,True,11.0,17.0,2.4896834057513892,14,sub-pt15,03,True
TP2-TP3,0.0573910395321576,True,12.75,15.75,2.5299352195606026,15,sub-pt15,03,False
G5-G6,0.04187983992546079,True,16.25,25.75,2.2051405603993186,16,sub-pt15,03,True
G14-G15,0.04006870823691233,True,23.0,25.75,2.7721491844677297,17,sub-pt15,03,False
LSF3-LSF4,0.03863434673328201,True,19.25,21.75,2.318101575524338,18,sub-pt15,03,False
G3-G4,0.03375918064735735,True,18.75,25.75,1.984247966221314,19,sub-pt15,03,True
LIF4-LIF5,0.03227813292373248,True,26.0,29.5,2.4703087233718772,20,sub-pt15,03,False
AST1-AST2,0.0,False,,,,21,sub-pt15,03,True
G12-G13,0.0,False,,,,21,sub-pt15,03,True
G15-G16,0.0,False,,,,21,sub-pt15,03,False
G19-G20,0.0,False,,,,21,sub-pt15,03,False
G20-G21,0.0,False,,,,21,sub-pt15,03,False
G21-G22,0.0,False,,,,21,sub-pt15,03,False
G22-G23,0.0,False,,,,21,sub-pt15,03,False
G23-G24,0.0,False,,,,21,sub-pt15,03,False
G27-G28,0.0,False,,,,21,sub-pt15,03,False
G28-G29,0.0,False,,,,21,sub-pt15,03,False
G29-G30,0.0,False,,,,21,sub-pt15,03,False
G30-G31,0.0,False,,,,21,sub-pt15,03,False
G31-G32,0.0,False,,,,21,sub-pt15,03,False
G4-G5,0.0,False,,,,21,sub-pt15,03,True
LIF2-LIF3,0.0,False,,,,21,sub-pt15,03,False
LIF3-LIF4,0.0,False,,,,21,sub-pt15,03,False
LIF5-LIF6,0.0,False,,,,21,sub-pt15,03,False
LSF1-LSF2,0.0,False,,,,21,sub-pt15,03,False
LSF2-LSF3,0.0,False,,,,21,sub-pt15,03,False
LSF4-LSF5,0.0,False,,,,21,sub-pt15,03,False
LSF5-LSF6,0.0,False,,,,21,sub-pt15,03,False
LSF6-LSF7,0.0,False,,,,21,sub-pt15,03,False
MST1-MST2,0.0,False,,,,21,sub-pt15,03,True
MST2-MST3,0.0,False,,,,21,sub-pt15,03,True
MST3-MST4,0.0,False,,,,21,sub-pt15,03,False
OF3-OF4,0.0,False,,,,21,sub-pt15,03,False
PPST2-PPST3,0.0,False,,,,21,sub-pt15,03,False
PPST3-PPST4,0.0,False,,,,21,sub-pt15,03,False
TO2-TO3,0.0,False,,,,21,sub-pt15,03,False
TO3-TO4,0.0,False,,,,21,sub-pt15,03,False
TO4-TO5,0.0,False,,,,21,sub-pt15,03,False
TO5-TO6,0.0,False,,,,21,sub-pt15,03,False
TP1-TP2,0.0,False,,,,21,sub-pt15,03,False
TP4-TP5,0.0,False,,,,21,sub-pt15,03,False
TT1-TT2,0.0,False,,,,21,sub-pt15,03,True
OF1-OF2,1.0,True,-6.750000000000007,-2.750000000000007,3.1167936083003602,1,sub-pt16,01,False
OF2-OF3,0.08723115536327809,True,1.249999999999993,2.749999999999993,2.4469335673282875,2,sub-pt16,01,False
TT5-TT6,0.06296036378511259,True,4.499999999999993,16.499999999999993,2.403872127915879,3,sub-pt16,01,True
G13-G14,0.05320960754442295,True,17.749999999999993,19.249999999999993,4.229005799713017,4,sub-pt16,01,False
G23-G24,0.05152481814826542,True,13.249999999999993,14.749999999999993,3.3724367013403933,5,sub-pt16,01,False
G12-G13,0.045268409153299376,True,13.749999999999993,14.749999999999993,3.033484198598974,6,sub-pt16,01,False
TT4-TT5,0.04515407729642231,True,7.249999999999993,7.999999999999993,2.111039092592842,7,sub-pt16,01,True
G22-G23,0.03828661694156335,True,13.249999999999993,17.749999999999993,2.505961142305088,8,sub-pt16,01,False
G26-G27,0.03506249726988932,True,13.999999999999993,18.749999999999993,2.376895840555017,9,sub-pt16,01,False
TT3-TT4,0.03493061555567349,True,25.25,26.25,3.5927601368313695,10,sub-pt16,01,True
TT1-TT2,0.033621240929294756,True,21.75,24.0,3.0913188305307955,11,sub-pt16,01,True
TT2-TT3,0.031704842813186494,True,23.5,27.0,3.0880453572596034,12,sub-pt16,01,True
G15-G16,0.029911166309468586,True,17.249999999999993,18.499999999999993,2.330673299254019,13,sub-pt16,01,False
G18-G19,0.029119127951449716,True,20.749999999999993,22.75,2.586611888533227,14,sub-pt16,01,False
G28-G29,0.02362194936649469,True,23.25,26.0,2.2823669648336478,15,sub-pt16,01,False
G21-G22,0.02345868863901454,True,21.5,23.0,2.138639806168773,16,sub-pt16,01,False
G27-G28,0.019981361293551627,True,22.0,27.25,1.852763930155238,17,sub-pt16,01,False
AST1-AST2,0.019633347261592448,True,24.0,29.5,1.9428806473295093,18,sub-pt16,01,True
AST2-AST3,0.0,False,,,,19,sub-pt16,01,False
AST3-AST4,0.0,False,,,,19,sub-pt16,01,False
G14-G15,0.0,False,,,,19,sub-pt16,01,False
G19-G20,0.0,False,,,,19,sub-pt16,01,False
G20-G21,0.0,False,,,,19,sub-pt16,01,False
G29-G30,0.0,False,,,,19,sub-pt16,01,False
G30-G31,0.0,False,,,,19,sub-pt16,01,False
G31-G32,0.0,False,,,,19,sub-pt16,01,False
G4-G5,0.0,False,,,,19,sub-pt16,01,False
G5-G6,0.0,False,,,,19,sub-pt16,01,False
G6-G7,0.0,False,,,,19,sub-pt16,01,False
G7-G8,0.0,False,,,,19,sub-pt16,01,False
MST1-MST2,0.0,False,,,,19,sub-pt16,01,False
MST2-MST3,0.0,False,,,,19,sub-pt16,01,False
MST3-MST4,0.0,False,,,,19,sub-pt16,01,False
OF3-OF4,0.0,False,,,,19,sub-pt16,01,False
PST1-PST2,0.0,False,,,,19,sub-pt16,01,False
PST2-PST3,0.0,False,,,,19,sub-pt16,01,False
PST3-PST4,0.0,False,,,,19,sub-pt16,01,False
TT2-TT3,1.0,True,10.749999999999993,14.5,2.674437377348969,1,sub-pt16,02,True
PST1-PST2,0.36398712329991445,True,11.499999999999993,19.0,1.7035563429972833,2,sub-pt16,02,False
MST1-MST2,0.2889144374800832,True,14.0,17.0,3.283905174423073,3,sub-pt16,02,False
G13-G14,0.15092612681232428,True,15.75,17.5,2.421854848592346,4,sub-pt16,02,False
TT4-TT5,0.09908448590042747,True,20.25,25.0,2.7824501523788587,5,sub-pt16,02,True
PST3-PST4,0.08212402775251873,True,24.5,25.0,3.239624648646759,6,sub-pt16,02,False
TT5-TT6,0.0607821030443744,True,23.5,24.5,2.2351715135165837,7,sub-pt16,02,True
AST1-AST2,0.0,False,,,,8,sub-pt16,02,True
AST2-AST3,0.0,False,,,,8,sub-pt16,02,False
AST3-AST4,0.0,False,,,,8,sub-pt16,02,False
G12-G13,0.0,False,,,,8,sub-pt16,02,False
G14-G15,0.0,False,,,,8,sub-pt16,02,False
G15-G16,0.0,False,,,,8,sub-pt16,02,False
G18-G19,0.0,False,,,,8,sub-pt16,02,False
G19-G20,0.0,False,,,,8,sub-pt16,02,False
G20-G21,0.0,False,,,,8,sub-pt16,02,False
G21-G22,0.0,False,,,,8,sub-pt16,02,False
G22-G23,0.0,False,,,,8,sub-pt16,02,False
G23-G24,0.0,False,,,,8,sub-pt16,02,False
G26-G27,0.0,False,,,,8,sub-pt16,02,False
G27-G28,0.0,False,,,,8,sub-pt16,02,False
G28-G29,0.0,False,,,,8,sub-pt16,02,False
G29-G30,0.0,False,,,,8,sub-pt16,02,False
G30-G31,0.0,False,,,,8,sub-pt16,02,False
G31-G32,0.0,False,,,,8,sub-pt16,02,False
G4-G5,0.0,False,,,,8,sub-pt16,02,False
G5-G6,0.0,False,,,,8,sub-pt16,02,False
G6-G7,0.0,False,,,,8,sub-pt16,02,False
G7-G8,0.0,False,,,,8,sub-pt16,02,False
MST2-MST3,0.0,False,,,,8,sub-pt16,02,False
MST3-MST4,0.0,False,,,,8,sub-pt16,02,False
OF1-OF2,0.0,False,,,,8,sub-pt16,02,False
OF2-OF3,0.0,False,,,,8,sub-pt16,02,False
OF3-OF4,0.0,False,,,,8,sub-pt16,02,False
PST2-PST3,0.0,False,,,,8,sub-pt16,02,False
TT1-TT2,0.0,False,,,,8,sub-pt16,02,True
TT3-TT4,0.0,False,,,,8,sub-pt16,02,True
OF3-OF4,1.0,True,-2.75,7.0,2.1198264869282544,1,sub-pt16,03,False
AST3-AST4,0.4230564173532755,True,-0.5,1.5,2.9146201466539536,2,sub-pt16,03,False
AST1-AST2,0.2826848466663251,True,0.0,7.0,2.247160595311981,3,sub-pt16,03,True
MST3-MST4,0.27646563833943927,True,1.0,3.75,2.783781118667986,4,sub-pt16,03,False
G28-G29,0.2600971770184398,True,2.0,6.25,3.1703250888589944,5,sub-pt16,03,False
OF2-OF3,0.251349181623238,True,1.75,6.0,2.9304915896997414,6,sub-pt16,03,False
G19-G20,0.22390301035652924,True,2.0,8.0,2.7291543081762657,7,sub-pt16,03,False
G31-G32,0.198934572500223,True,2.0,7.0,2.4248139617224003,8,sub-pt16,03,False
OF1-OF2,0.190369943114459,True,1.5,6.75,2.11864405057754,9,sub-pt16,03,False
G12-G13,0.18794071596850817,True,2.5,6.25,2.490010673014397,10,sub-pt16,03,False
PST2-PST3,0.18570602638833378,True,2.0,5.75,2.263571182741077,11,sub-pt16,03,False
G20-G21,0.1676422133882357,True,3.5,8.75,2.576449930940538,12,sub-pt16,03,False
G29-G30,0.1611212342502978,True,4.0,7.75,2.6470052147702368,13,sub-pt16,03,False
G13-G14,0.13189216989314934,True,3.25,9.75,1.9571196061055747,14,sub-pt16,03,False
TT1-TT2,0.10123265251600772,True,5.75,7.0,2.0386587523816546,15,sub-pt16,03,True
AST2-AST3,0.0722032400943431,True,18.25,19.75,3.3672834974686294,16,sub-pt16,03,False
TT3-TT4,0.06580417546371335,True,18.5,23.25,3.103728908690599,17,sub-pt16,03,True
TT4-TT5,0.05688607935827966,True,18.5,20.0,2.683096745186341,18,sub-pt16,03,True
G30-G31,0.05651292056616298,True,26.0,26.5,3.5639781796272865,19,sub-pt16,03,False
G27-G28,0.04293674844089792,True,20.75,27.5,2.2299521868859755,20,sub-pt16,03,False
G14-G15,0.0,False,,,,21,sub-pt16,03,False
G15-G16,0.0,False,,,,21,sub-pt16,03,False
G18-G19,0.0,False,,,,21,sub-pt16,03,False
G21-G22,0.0,False,,,,21,sub-pt16,03,False
G22-G23,0.0,False,,,,21,sub-pt16,03,False
G23-G24,0.0,False,,,,21,sub-pt16,03,False
G26-G27,0.0,False,,,,21,sub-pt16,03,False
G4-G5,0.0,False,,,,21,sub-pt16,03,False
G5-G6,0.0,False,,,,21,sub-pt16,03,False
G6-G7,0.0,False,,,,21,sub-pt16,03,False
G7-G8,0.0,False,,,,21,sub-pt16,03,False
MST1-MST2,0.0,False,,,,21,sub-pt16,03,False
MST2-MST3,0.0,False,,,,21,sub-pt16,03,False
PST1-PST2,0.0,False,,,,21,sub-pt16,03,False
PST3-PST4,0.0,False,,,,21,sub-pt16,03,False
TT2-TT3,0.0,False,,,,21,sub-pt16,03,True
TT5-TT6,0.0,False,,,,21,sub-pt16,03,True
LP2-LP3,1.0,True,-0.25,4.0,2.663642278018157,1,sub-pt2,01,False
LP1-LP2,0.337707111543156,True,1.5,3.25,2.473710084707796,2,sub-pt2,01,False
G13-G14,0.19133542569748674,True,3.75,6.75,2.5482456458521368,3,sub-pt2,01,False
TT3-TT4,0.17353695392008398,True,3.75,6.0,2.311201836300122,4,sub-pt2,01,False
G14-G15,0.17235324857424197,True,5.0,7.0,2.869296247850772,5,sub-pt2,01,False
AST2-AST3,0.16530489891981,True,4.0,8.0,2.3116438670132,6,sub-pt2,01,True
AST3-AST4,0.16086022119410853,True,4.5,6.75,2.463725994637884,7,sub-pt2,01,False
LF5-LF6,0.05424893857051894,True,15.75,20.25,2.4564960273387504,8,sub-pt2,01,False
TT5-TT6,0.05019204409287215,True,21.25,23.5,3.0081071399833297,9,sub-pt2,01,False
TT4-TT5,0.04081800420417526,True,16.5,28.25,1.9298609702205123,10,sub-pt2,01,False
G1-G2,0.036871848187056334,True,21.5,26.5,2.2343551616684114,11,sub-pt2,01,False
AST1-AST2,0.0,False,,,,12,sub-pt2,01,True
G10-G11,0.0,False,,,,12,sub-pt2,01,False
G11-G12,0.0,False,,,,12,sub-pt2,01,False
G12-G13,0.0,False,,,,12,sub-pt2,01,False
G15-G16,0.0,False,,,,12,sub-pt2,01,False
G18-G19,0.0,False,,,,12,sub-pt2,01,False
G19-G20,0.0,False,,,,12,sub-pt2,01,False
G2-G3,0.0,False,,,,12,sub-pt2,01,False
G20-G21,0.0,False,,,,12,sub-pt2,01,False
G21-G22,0.0,False,,,,12,sub-pt2,01,False
G22-G23,0.0,False,,,,12,sub-pt2,01,False
G23-G24,0.0,False,,,,12,sub-pt2,01,False
G26-G27,0.0,False,,,,12,sub-pt2,01,False
G27-G28,0.0,False,,,,12,sub-pt2,01,False
G28-G29,0.0,False,,,,12,sub-pt2,01,False
G29-G30,0.0,False,,,,12,sub-pt2,01,False
G3-G4,0.0,False,,,,12,sub-pt2,01,False
G30-G31,0.0,False,,,,12,sub-pt2,01,False
G31-G32,0.0,False,,,,12,sub-pt2,01,False
G7-G8,0.0,False,,,,12,sub-pt2,01,False
G8-G9,0.0,False,,,,12,sub-pt2,01,False
G9-G10,0.0,False,,,,12,sub-pt2,01,False
LF1-LF2,0.0,False,,,,12,sub-pt2,01,False
LF2-LF3,0.0,False,,,,12,sub-pt2,01,False
LF3-LF4,0.0,False,,,,12,sub-pt2,01,False
LF4-LF5,0.0,False,,,,12,sub-pt2,01,False
LP3-LP4,0.0,False,,,,12,sub-pt2,01,False
LP4-LP5,0.0,False,,,,12,sub-pt2,01,False
LP5-LP6,0.0,False,,,,12,sub-pt2,01,False
MST1-MST2,0.0,False,,,,12,sub-pt2,01,True
MST2-MST3,0.0,False,,,,12,sub-pt2,01,True
MST3-MST4,0.0,False,,,,12,sub-pt2,01,False
OF1-OF2,0.0,False,,,,12,sub-pt2,01,False
OF2-OF3,0.0,False,,,,12,sub-pt2,01,False
OF3-OF4,0.0,False,,,,12,sub-pt2,01,False
PST1-PST2,0.0,False,,,,12,sub-pt2,01,True
PST2-PST3,0.0,False,,,,12,sub-pt2,01,True
PST3-PST4,0.0,False,,,,12,sub-pt2,01,True
TT1-TT2,0.0,False,,,,12,sub-pt2,01,False
TT2-TT3,0.0,False,,,,12,sub-pt2,01,False
LF1-LF2,1.0,True,-2.000000000000007,3.749999999999993,1.9901717086911213,1,sub-pt2,02,False
LP1-LP2,0.5928237638735464,True,0.2499999999999929,1.999999999999993,3.834418520077983,2,sub-pt2,02,False
G1-G2,0.0725871673827361,True,14.249999999999993,16.0,2.491950989700309,3,sub-pt2,02,False
G30-G31,0.05759268876094257,True,17.0,18.75,2.2923867959896205,4,sub-pt2,02,False
G13-G14,0.05206885151792862,True,14.5,22.5,1.8134542159128557,5,sub-pt2,02,False
AST1-AST2,0.0,False,,,,6,sub-pt2,02,True
AST2-AST3,0.0,False,,,,6,sub-pt2,02,True
AST3-AST4,0.0,False,,,,6,sub-pt2,02,False
G10-G11,0.0,False,,,,6,sub-pt2,02,False
G11-G12,0.0,False,,,,6,sub-pt2,02,False
G12-G13,0.0,False,,,,6,sub-pt2,02,False
G14-G15,0.0,False,,,,6,sub-pt2,02,False
G15-G16,0.0,False,,,,6,sub-pt2,02,False
G18-G19,0.0,False,,,,6,sub-pt2,02,False
G19-G20,0.0,False,,,,6,sub-pt2,02,False
G2-G3,0.0,False,,,,6,sub-pt2,02,False
G20-G21,0.0,False,,,,6,sub-pt2,02,False
G21-G22,0.0,False,,,,6,sub-pt2,02,False
G22-G23,0.0,False,,,,6,sub-pt2,02,False
G23-G24,0.0,False,,,,6,sub-pt2,02,False
G26-G27,0.0,False,,,,6,sub-pt2,02,False
G27-G28,0.0,False,,,,6,sub-pt2,02,False
G28-G29,0.0,False,,,,6,sub-pt2,02,False
G29-G30,0.0,False,,,,6,sub-pt2,02,False
G3-G4,0.0,False,,,,6,sub-pt2,02,False
G31-G32,0.0,False,,,,6,sub-pt2,02,False
G7-G8,0.0,False,,,,6,sub-pt2,02,False
G8-G9,0.0,False,,,,6,sub-pt2,02,False
G9-G10,0.0,False,,,,6,sub-pt2,02,False
LF2-LF3,0.0,False,,,,6,sub-pt2,02,False
LF3-LF4,0.0,False,,,,6,sub-pt2,02,False
LF4-LF5,0.0,False,,,,6,sub-pt2,02,False
LF5-LF6,0.0,False,,,,6,sub-pt2,02,False
LP2-LP3,0.0,False,,,,6,sub-pt2,02,False
LP3-LP4,0.0,False,,,,6,sub-pt2,02,False
LP4-LP5,0.0,False,,,,6,sub-pt2,02,False
LP5-LP6,0.0,False,,,,6,sub-pt2,02,False
MST1-MST2,0.0,False,,,,6,sub-pt2,02,True
MST2-MST3,0.0,False,,,,6,sub-pt2,02,True
MST3-MST4,0.0,False,,,,6,sub-pt2,02,False
OF1-OF2,0.0,False,,,,6,sub-pt2,02,False
OF2-OF3,0.0,False,,,,6,sub-pt2,02,False
OF3-OF4,0.0,False,,,,6,sub-pt2,02,False
PST1-PST2,0.0,False,,,,6,sub-pt2,02,True
PST2-PST3,0.0,False,,,,6,sub-pt2,02,True
PST3-PST4,0.0,False,,,,6,sub-pt2,02,True
TT1-TT2,0.0,False,,,,6,sub-pt2,02,False
TT2-TT3,0.0,False,,,,6,sub-pt2,02,False
TT3-TT4,0.0,False,,,,6,sub-pt2,02,False
TT4-TT5,0.0,False,,,,6,sub-pt2,02,False
TT5-TT6,0.0,False,,,,6,sub-pt2,02,False
LP3-LP4,1.0,True,-2.750000000000014,-1.5000000000000142,3.38488406787769,1,sub-pt2,03,False
AST2-AST3,0.2058389208848262,True,-1.0000000000000142,2.999999999999986,1.9160374305935075,2,sub-pt2,03,True
LF5-LF6,0.14780013154062407,True,1.4999999999999858,2.999999999999986,2.626503130030948,3,sub-pt2,03,False
LF3-LF4,0.11903487305033034,True,1.9999999999999858,3.499999999999986,2.3167856605319628,4,sub-pt2,03,False
LP5-LP6,0.10576702680958817,True,1.4999999999999858,13.249999999999986,1.8795479007614795,5,sub-pt2,03,False
AST3-AST4,0.10266675871419896,True,0.4999999999999858,11.249999999999986,1.4769390724574243,6,sub-pt2,03,False
MST1-MST2,0.07775028996973359,True,1.9999999999999858,8.749999999999986,1.5132603773006754,7,sub-pt2,03,True
TT5-TT6,0.05689072599962991,True,8.249999999999986,12.249999999999986,2.3108221445537085,8,sub-pt2,03,False
LF1-LF2,0.05557160220473257,True,7.749999999999986,8.499999999999986,2.163189455686214,9,sub-pt2,03,False
TT3-TT4,0.05021030384505204,True,1.9999999999999858,13.249999999999986,0.9772473307883839,10,sub-pt2,03,False
MST3-MST4,0.050044505360804174,True,6.249999999999986,12.249999999999986,1.6939484888060572,11,sub-pt2,03,False
G27-G28,0.04946326167347003,True,13.749999999999986,14.499999999999986,2.929979611716393,12,sub-pt2,03,False
G29-G30,0.04434452137602292,True,12.999999999999986,15.999999999999986,2.5141928203813078,13,sub-pt2,03,False
G22-G23,0.04346890970089174,True,12.249999999999986,14.999999999999986,2.354195518312999,14,sub-pt2,03,False
G28-G29,0.04289380536814697,True,13.999999999999986,17.499999999999986,2.5771324116228485,15,sub-pt2,03,False
G10-G11,0.04272634062529092,True,7.499999999999986,22.249999999999986,1.6270167336892036,16,sub-pt2,03,False
G21-G22,0.04027085403306844,True,13.999999999999986,17.749999999999986,2.4195410568404148,17,sub-pt2,03,False
G1-G2,0.03930095243432717,True,10.749999999999986,17.999999999999986,1.9289229323369081,18,sub-pt2,03,False
G30-G31,0.0377657065820457,True,12.749999999999986,16.999999999999986,2.1092368856082166,19,sub-pt2,03,False
G26-G27,0.03687023682868153,True,10.749999999999986,16.499999999999986,1.8096214196940799,20,sub-pt2,03,False
G2-G3,0.03628877039466775,True,12.999999999999986,18.999999999999986,2.0574574525923564,21,sub-pt2,03,False
G3-G4,0.035836796452139705,True,11.499999999999986,16.999999999999986,1.8498768706580073,22,sub-pt2,03,False
G18-G19,0.03558498948731743,True,10.499999999999986,16.499999999999986,1.716427661589826,23,sub-pt2,03,False
G23-G24,0.033266898651106325,True,10.499999999999986,17.749999999999986,1.6046154820536007,24,sub-pt2,03,False
TT4-TT5,0.03271293239358041,True,7.999999999999986,14.499999999999986,1.3010714331529363,25,sub-pt2,03,False
AST1-AST2,0.0,False,,,,26,sub-pt2,03,True
G11-G12,0.0,False,,,,26,sub-pt2,03,False
G12-G13,0.0,False,,,,26,sub-pt2,03,False
G13-G14,0.0,False,,,,26,sub-pt2,03,False
G14-G15,0.0,False,,,,26,sub-pt2,03,False
G15-G16,0.0,False,,,,26,sub-pt2,03,False
G19-G20,0.0,False,,,,26,sub-pt2,03,False
G20-G21,0.0,False,,,,26,sub-pt2,03,False
G31-G32,0.0,False,,,,26,sub-pt2,03,False
G7-G8,0.0,False,,,,26,sub-pt2,03,False
G8-G9,0.0,False,,,,26,sub-pt2,03,False
G9-G10,0.0,False,,,,26,sub-pt2,03,False
LF2-LF3,0.0,False,,,,26,sub-pt2,03,False
LF4-LF5,0.0,False,,,,26,sub-pt2,03,False
LP1-LP2,0.0,False,,,,26,sub-pt2,03,False
LP2-LP3,0.0,False,,,,26,sub-pt2,03,False
LP4-LP5,0.0,False,,,,26,sub-pt2,03,False
MST2-MST3,0.0,False,,,,26,sub-pt2,03,True
OF1-OF2,0.0,False,,,,26,sub-pt2,03,False
OF2-OF3,0.0,False,,,,26,sub-pt2,03,False
OF3-OF4,0.0,False,,,,26,sub-pt2,03,False
PST1-PST2,0.0,False,,,,26,sub-pt2,03,True
PST2-PST3,0.0,False,,,,26,sub-pt2,03,True
PST3-PST4,0.0,False,,,,26,sub-pt2,03,True
TT1-TT2,0.0,False,,,,26,sub-pt2,03,False
TT2-TT3,0.0,False,,,,26,sub-pt2,03,False
IFP2-IFP3,1.0,True,-8.000000000000007,-7.500000000000007,2.6647600450972257,1,sub-pt3,01,True
TT3-TT4,0.29784640574092575,True,-6.750000000000007,1.25,1.7858007035870305,2,sub-pt3,01,False
FG9-FG10,0.2546970442777621,True,-4.750000000000007,-4.500000000000007,2.8845026555818927,3,sub-pt3,01,True
FG10-FG11,0.2467026950557104,True,-4.750000000000007,-4.500000000000007,2.793964810409613,4,sub-pt3,01,True
FG1-FG2,0.22539918261377384,True,-4.750000000000007,-3.0,2.5526976281137204,5,sub-pt3,01,True
AST2-AST3,0.19012034907529649,True,-4.250000000000007,1.0,2.4064692723849896,6,sub-pt3,01,False
SFP1-SFP2,0.1350067962622665,True,11.5,13.0,7.3750946881735215,7,sub-pt3,01,True
SFP3-SFP4,0.099449833685705,True,12.0,13.5,5.565208809241849,8,sub-pt3,01,True
OF3-OF4,0.09618413001322178,True,11.25,12.5,5.190229439291325,9,sub-pt3,01,True
SFP2-SFP3,0.09541605227310851,True,11.5,12.75,5.212348117044902,10,sub-pt3,01,True
OF1-OF2,0.09322617471928685,True,8.75,12.0,4.409550593498455,11,sub-pt3,01,True
MFP2-MFP3,0.0893073207102355,True,10.5,13.5,4.6406603092847325,12,sub-pt3,01,True
FG17-FG18,0.08660042581475733,True,8.25,9.25,3.9807713668426126,13,sub-pt3,01,True
OF2-OF3,0.07774440667350739,True,11.5,11.75,4.24698886698373,14,sub-pt3,01,True
IH1-IH2,0.07696707783039132,True,3.75,6.25,2.615009620826521,15,sub-pt3,01,False
MFP1-MFP2,0.07511912065478606,True,10.5,12.0,3.9034014112023785,16,sub-pt3,01,True
TT2-TT3,0.06861701144592969,True,5.75,10.25,2.6970060900976147,17,sub-pt3,01,False
SFP6-SFP7,0.0577167206353529,True,11.0,15.0,3.07602422166254,18,sub-pt3,01,False
TT1-TT2,0.057429312011769186,True,13.0,17.25,3.366777393460464,19,sub-pt3,01,False
TG29-TG30,0.05534299816770082,True,13.25,14.5,3.2813367790232144,20,sub-pt3,01,False
TG3-TG4,0.05271037319575488,True,11.5,13.0,2.879440177311334,21,sub-pt3,01,False
IH3-IH4,0.051320499657212554,True,10.75,12.0,2.7009471353740766,22,sub-pt3,01,False
MFP3-MFP4,0.05052513575802123,True,11.5,14.0,2.760065942342307,23,sub-pt3,01,True
FG25-FG26,0.05051638830845975,True,11.5,14.0,2.759588090333504,24,sub-pt3,01,True
IH4-IH5,0.049722752737489335,True,10.75,12.0,2.6168592953354293,25,sub-pt3,01,False
FG19-FG20,0.039277375282813845,True,17.5,18.0,2.77361667874319,26,sub-pt3,01,True
IFP1-IFP2,0.03919567291899891,True,11.5,14.25,2.1411647942725773,27,sub-pt3,01,True
PST1-PST2,0.03773407138983492,True,27.5,29.5,3.6701569709144635,28,sub-pt3,01,False
PST2-PST3,0.035288975802625494,True,23.25,24.25,3.0326820512274653,29,sub-pt3,01,False
SFP4-SFP5,0.03297422463122234,True,26.25,27.0,3.097360970115809,30,sub-pt3,01,False
FG4-FG5,0.030085869991899192,True,18.75,19.25,2.2247625736701715,31,sub-pt3,01,True
FG7-FG8,0.02638282098368418,True,23.75,24.5,2.3024523069224836,32,sub-pt3,01,True
MFP4-MFP5,0.023966052404706117,True,22.75,23.5,2.027674979654857,33,sub-pt3,01,False
AST1-AST2,0.0,False,,,,34,sub-pt3,01,False
AST3-AST4,0.0,False,,,,34,sub-pt3,01,False
FG11-FG12,0.0,False,,,,34,sub-pt3,01,True
FG12-FG13,0.0,False,,,,34,sub-pt3,01,True
FG13-FG14,0.0,False,,,,34,sub-pt3,01,True
FG14-FG15,0.0,False,,,,34,sub-pt3,01,True
FG15-FG16,0.0,False,,,,34,sub-pt3,01,True
FG16-FG17,0.0,False,,,,34,sub-pt3,01,True
FG18-FG19,0.0,False,,,,34,sub-pt3,01,True
FG2-FG3,0.0,False,,,,34,sub-pt3,01,True
FG20-FG21,0.0,False,,,,34,sub-pt3,01,True
FG21-FG22,0.0,False,,,,34,sub-pt3,01,True
FG22-FG23,0.0,False,,,,34,sub-pt3,01,True
FG23-FG24,0.0,False,,,,34,sub-pt3,01,True
FG24-FG25,0.0,False,,,,34,sub-pt3,01,True
FG26-FG27,0.0,False,,,,34,sub-pt3,01,False
FG27-FG28,0.0,False,,,,34,sub-pt3,01,False
FG28-FG29,0.0,False,,,,34,sub-pt3,01,False
FG29-FG30,0.0,False,,,,34,sub-pt3,01,False
FG3-FG4,0.0,False,,,,34,sub-pt3,01,True
FG30-FG31,0.0,False,,,,34,sub-pt3,01,False
FG31-FG32,0.0,False,,,,34,sub-pt3,01,False
FG5-FG6,0.0,False,,,,34,sub-pt3,01,True
FG6-FG7,0.0,False,,,,34,sub-pt3,01,True
FG8-FG9,0.0,False,,,,34,sub-pt3,01,True
IFP3-IFP4,0.0,False,,,,34,sub-pt3,01,True
IH2-IH3,0.0,False,,,,34,sub-pt3,01,False
IH5-IH6,0.0,False,,,,34,sub-pt3,01,False
MST1-MST2,0.0,False,,,,34,sub-pt3,01,False
MST2-MST3,0.0,False,,,,34,sub-pt3,01,False
MST3-MST4,0.0,False,,,,34,sub-pt3,01,False
PST3-PST4,0.0,False,,,,34,sub-pt3,01,False
SFP5-SFP6,0.0,False,,,,34,sub-pt3,01,False
SFP7-SFP8,0.0,False,,,,34,sub-pt3,01,False
TG18-TG19,0.0,False,,,,34,sub-pt3,01,False
TG19-TG20,0.0,False,,,,34,sub-pt3,01,False
TG26-TG27,0.0,False,,,,34,sub-pt3,01,False
TG27-TG28,0.0,False,,,,34,sub-pt3,01,False
TG28-TG29,0.0,False,,,,34,sub-pt3,01,False
TG30-TG31,0.0,False,,,,34,sub-pt3,01,False
TG31-TG32,0.0,False,,,,34,sub-pt3,01,False
TG4-TG5,0.0,False,,,,34,sub-pt3,01,False
TG5-TG6,0.0,False,,,,34,sub-pt3,01,False
SFP4-SFP5,1.0,True,-2.25,5.75,1.4499381911324045,1,sub-pt3,02,False
FG25-FG26,0.8156850143513019,True,4.0,5.25,8.574523193256937,2,sub-pt3,02,True
FG26-FG27,0.7694274881377196,True,3.0,5.0,6.9726393772372175,3,sub-pt3,02,False
MFP4-MFP5,0.6261233070858526,True,2.0,5.0,4.766160500334976,4,sub-pt3,02,False
IFP1-IFP2,0.5777706584515888,True,1.25,4.25,3.7697928453210374,5,sub-pt3,02,True
OF1-OF2,0.5690645297116346,True,-1.25,5.0,1.6502167896953999,6,sub-pt3,02,True
IFP2-IFP3,0.5657452889791039,True,2.0,5.5,4.306552429956217,7,sub-pt3,02,True
FG17-FG18,0.5629920566587973,True,2.75,5.25,4.8978221055226125,8,sub-pt3,02,True
FG18-FG19,0.5552952748719368,True,-0.5,3.75,2.214145522578515,9,sub-pt3,02,True
IFP3-IFP4,0.5256474869959373,True,3.0,5.5,4.763477290426147,10,sub-pt3,02,True
FG9-FG10,0.5101772362146002,True,2.0,6.0,3.8835586599281164,11,sub-pt3,02,True
FG11-FG12,0.4830467936706339,True,1.0,4.5,2.976648975550204,12,sub-pt3,02,True
IH1-IH2,0.48038913132858935,True,2.0,3.25,3.65680637762077,13,sub-pt3,02,False
FG31-FG32,0.43775493189132375,True,0.0,4.25,2.0628321808438335,14,sub-pt3,02,False
OF2-OF3,0.4369180579554273,True,1.5,5.0,3.009144848468633,15,sub-pt3,02,True
FG20-FG21,0.42641083107546096,True,-0.25,5.0,1.8548080472664576,16,sub-pt3,02,True
FG6-FG7,0.4223154252172395,True,2.5,3.75,3.52090476642908,17,sub-pt3,02,True
FG19-FG20,0.41330494804768225,True,1.25,5.5,2.6966998294124798,18,sub-pt3,02,True
FG13-FG14,0.4115715340638915,True,-1.0,5.5,1.3426948926499223,19,sub-pt3,02,True
FG21-FG22,0.3998921958941493,True,-0.25,5.0,1.7394569014881838,20,sub-pt3,02,True
SFP1-SFP2,0.3986257215132372,True,1.5,3.75,2.745417623551326,21,sub-pt3,02,True
FG4-FG5,0.38628044230297565,True,0.75,4.25,2.2403310631304065,22,sub-pt3,02,True
IH3-IH4,0.3831884407726493,True,1.0,5.5,2.361298107376152,23,sub-pt3,02,False
MFP3-MFP4,0.3793761347663626,True,1.75,5.25,2.7503597330097156,24,sub-pt3,02,True
FG1-FG2,0.3750133333038589,True,2.75,5.5,3.2624769248467844,25,sub-pt3,02,True
FG5-FG6,0.3685741708482601,True,2.25,6.0,2.939253716178187,26,sub-pt3,02,True
FG23-FG24,0.3476826123425154,True,1.0,5.25,2.1425027666194074,27,sub-pt3,02,True
MFP2-MFP3,0.3405651695971795,True,2.0,5.25,2.5924418413342836,28,sub-pt3,02,True
FG10-FG11,0.33921139127585764,True,2.5,6.5,2.828054418698634,29,sub-pt3,02,True
SFP2-SFP3,0.3367162897540833,True,1.75,4.0,2.4410890404542505,30,sub-pt3,02,True
FG8-FG9,0.3339632404437448,True,0.5,5.25,1.8158477128264487,31,sub-pt3,02,True
FG3-FG4,0.3231888656151556,True,3.25,6.5,3.045925214827121,32,sub-pt3,02,True
OF3-OF4,0.32261965553358374,True,2.75,5.25,2.8066713586087433,33,sub-pt3,02,True
FG15-FG16,0.31919626624317743,True,4.0,6.25,3.3554077124731636,34,sub-pt3,02,True
FG2-FG3,0.3102707998629179,True,3.75,4.75,3.1491143762011045,35,sub-pt3,02,True
FG12-FG13,0.3086771361914589,True,3.0,6.25,2.7972673030835926,36,sub-pt3,02,True
FG7-FG8,0.30593594270237195,True,1.0,5.75,1.8852498812981229,37,sub-pt3,02,True
MFP1-MFP2,0.3042261560849203,True,2.0,5.25,2.315822892856903,38,sub-pt3,02,True
FG14-FG15,0.30023179872448824,True,4.0,6.0,3.1560522459318414,39,sub-pt3,02,True
SFP5-SFP6,0.2959702056177613,True,1.0,6.75,1.823838644390636,40,sub-pt3,02,False
TG5-TG6,0.2927259272824256,True,1.25,6.0,1.909955256756462,41,sub-pt3,02,False
SFP3-SFP4,0.28766563773368864,True,1.25,5.75,1.8769382749194032,42,sub-pt3,02,True
FG28-FG29,0.28703455934343886,True,3.0,7.25,2.601139811043203,43,sub-pt3,02,False
FG22-FG23,0.28120327005256507,True,0.75,7.5,1.630909442882133,44,sub-pt3,02,True
FG27-FG28,0.2786602900073401,True,0.25,6.5,1.414140688917859,45,sub-pt3,02,False
IH4-IH5,0.26008615144968933,True,1.75,6.25,1.8855442198577557,46,sub-pt3,02,False
FG30-FG31,0.25821114404114454,True,1.5,6.5,1.778353445825918,47,sub-pt3,02,False
FG29-FG30,0.2510572615461706,True,1.75,12.5,1.820087558384548,48,sub-pt3,02,False
FG16-FG17,0.24623809908694602,True,2.75,7.0,2.1421801438680497,49,sub-pt3,02,True
IH5-IH6,0.23838800717003703,True,2.0,6.75,1.8146513484948563,50,sub-pt3,02,False
TG4-TG5,0.22598169671086396,True,2.25,8.5,1.8021272090688996,51,sub-pt3,02,False
SFP7-SFP8,0.223295718796307,True,4.75,6.75,2.5901199247930196,52,sub-pt3,02,False
SFP6-SFP7,0.21303133097635157,True,3.0,8.25,1.9305141418148737,53,sub-pt3,02,False
PST3-PST4,0.21213190066311297,True,5.75,8.5,2.768203298960576,54,sub-pt3,02,False
FG24-FG25,0.20450547399428312,True,2.75,8.0,1.7791217822396752,55,sub-pt3,02,True
TG3-TG4,0.16121454978357672,True,6.25,12.25,2.22063576062553,56,sub-pt3,02,False
IH2-IH3,0.07879218335571384,True,24.0,24.75,3.1131434358267636,57,sub-pt3,02,False
AST1-AST2,0.0682264206907872,True,25.0,27.0,2.7946056273584365,58,sub-pt3,02,False
PST1-PST2,0.06696800266726094,True,20.25,25.0,2.2818374193012816,59,sub-pt3,02,False
AST2-AST3,0.0,False,,,,60,sub-pt3,02,False
AST3-AST4,0.0,False,,,,60,sub-pt3,02,False
MST1-MST2,0.0,False,,,,60,sub-pt3,02,False
MST2-MST3,0.0,False,,,,60,sub-pt3,02,False
MST3-MST4,0.0,False,,,,60,sub-pt3,02,False
PST2-PST3,0.0,False,,,,60,sub-pt3,02,False
TG18-TG19,0.0,False,,,,60,sub-pt3,02,False
TG19-TG20,0.0,False,,,,60,sub-pt3,02,False
TG26-TG27,0.0,False,,,,60,sub-pt3,02,False
TG27-TG28,0.0,False,,,,60,sub-pt3,02,False
TG28-TG29,0.0,False,,,,60,sub-pt3,02,False
TG29-TG30,0.0,False,,,,60,sub-pt3,02,False
TG30-TG31,0.0,False,,,,60,sub-pt3,02,False
TG31-TG32,0.0,False,,,,60,sub-pt3,02,False
TT1-TT2,0.0,False,,,,60,sub-pt3,02,False
TT2-TT3,0.0,False,,,,60,sub-pt3,02,False
TT3-TT4,0.0,False,,,,60,sub-pt3,02,False
RAH1-RAH2,1.0,True,-8.5,-6.75,2.512312047974551,1,sub-pt6,01,False
RALT3-RALT4,0.6887791641199954,True,-7.25,-3.25,3.8934634329281357,2,sub-pt6,01,False
LPH1-LPH2,0.5915683282047213,True,-7.75,-4.0,2.600857416760548,3,sub-pt6,01,True
RAH2-RAH3,0.14564684942719056,True,-2.5,1.25,2.5613723419582635,4,sub-pt6,01,False
LPST1-LPST2,0.1410631623618502,True,-0.25,0.75,3.2781508115253652,5,sub-pt6,01,False
RA3-RA4,0.11731091272430806,True,-1.0,0.0,2.5051337648674465,6,sub-pt6,01,False
LAST1-LAST2,0.1074841141070061,True,9.75,13.0,5.19814747061038,7,sub-pt6,01,False
RALT1-RALT2,0.10387874024984767,True,9.0,11.25,4.828052497175057,8,sub-pt6,01,False
LA1-LA2,0.10368640467440574,True,-1.0,4.75,2.2141871312347314,9,sub-pt6,01,True
RA2-RA3,0.09630726710684433,True,1.75,5.25,2.7219814589253173,10,sub-pt6,01,False
LPH3-LPH4,0.0950514250084653,True,1.75,5.0,2.686486952541565,11,sub-pt6,01,True
LAH1-LAH2,0.09478740454833913,True,3.0,3.75,2.976694230537877,12,sub-pt6,01,True
LPT5-LPT6,0.08964814691722843,True,10.25,11.25,4.4481763616802255,13,sub-pt6,01,False
LALT2-LALT3,0.08745027743744309,True,13.0,14.0,4.943303676108119,14,sub-pt6,01,False
LALT3-LALT4,0.0798003777287013,True,12.0,14.0,4.3103941836158315,15,sub-pt6,01,False
RALT4-RALT5,0.07905630427843202,True,13.25,16.0,4.518470904835315,16,sub-pt6,01,False
LPT4-LPT5,0.07851737558338626,True,10.0,12.25,3.8465728987429406,17,sub-pt6,01,False
LAH3-LAH4,0.07749647773594036,True,3.75,4.5,2.5797131846636274,18,sub-pt6,01,True
LA2-LA3,0.07435842017345567,True,12.0,14.25,4.016448429707721,19,sub-pt6,01,True
RAH3-RAH4,0.07386908109772247,True,6.5,10.25,2.9693149186338776,20,sub-pt6,01,False
LALT4-LALT5,0.07169174190619869,True,6.75,8.0,2.9268204376324056,21,sub-pt6,01,False
LAST3-LAST4,0.07088517766818084,True,11.75,13.75,3.7843208249199796,22,sub-pt6,01,False
LPST3-LPST4,0.06995089689069922,True,9.25,11.75,3.2950965192211727,23,sub-pt6,01,False
LAST2-LAST3,0.06667037545466452,True,13.0,14.5,3.76867771869916,24,sub-pt6,01,False
LPST2-LPST3,0.06595773083666293,True,9.25,11.5,3.106995034462703,25,sub-pt6,01,False
LPLT4-LPLT5,0.06504808033147057,True,9.5,14.25,3.105000442373029,26,sub-pt6,01,False
LFT1-LFT2,0.06296256902040877,True,11.0,14.75,3.2427232247887448,27,sub-pt6,01,False
LALT1-LALT2,0.056856861613147965,True,9.0,13.25,2.6425803011535676,28,sub-pt6,01,False
LPT2-LPT3,0.056432459124602145,True,12.25,15.0,3.083626846283633,29,sub-pt6,01,False
RALT2-RALT3,0.056213872093219104,True,8.25,13.0,2.506775489184932,30,sub-pt6,01,False
RAST1-RAST2,0.05580974945155106,True,5.75,11.5,2.1382254656089854,31,sub-pt6,01,False
RAST3-RAST4,0.05226621086059183,True,10.75,17.5,2.6590078827526242,32,sub-pt6,01,False
RAST2-RAST3,0.04947817173757223,True,8.5,16.75,2.2374829254250193,33,sub-pt6,01,False
LPT1-LPT2,0.04816727797543184,True,9.25,13.75,2.268960614546562,34,sub-pt6,01,False
RALT5-RALT6,0.045880953533172016,True,13.75,18.25,2.6799640817643047,35,sub-pt6,01,False
RFT5-RFT6,0.04580468489522259,True,14.5,19.75,2.761815881182695,36,sub-pt6,01,False
RFT4-RFT5,0.0454103442616549,True,18.75,22.0,3.2228999785021797,37,sub-pt6,01,False
LA3-LA4,0.045266516812926504,True,9.25,14.5,2.132317791730459,38,sub-pt6,01,True
LALT5-LALT6,0.04358343457370784,True,6.0,13.75,1.6971754104603705,39,sub-pt6,01,False
LPT3-LPT4,0.041350296844732334,True,9.25,15.25,1.9478409178189708,40,sub-pt6,01,False
RPLT2-RPLT3,0.030983060789267644,True,19.0,21.5,2.2184148317641426,41,sub-pt6,01,False
RPLT5-RPLT6,0.030472724038726782,True,18.0,24.25,2.1053172727701677,42,sub-pt6,01,False
LAH2-LAH3,0.0,False,,,,43,sub-pt6,01,True
LFT2-LFT3,0.0,False,,,,43,sub-pt6,01,False
LFT3-LFT4,0.0,False,,,,43,sub-pt6,01,False
LFT4-LFT5,0.0,False,,,,43,sub-pt6,01,False
LFT5-LFT6,0.0,False,,,,43,sub-pt6,01,False
LPH2-LPH3,0.0,False,,,,43,sub-pt6,01,True
LPLT2-LPLT3,0.0,False,,,,43,sub-pt6,01,False
LPLT3-LPLT4,0.0,False,,,,43,sub-pt6,01,False
RA1-RA2,0.0,False,,,,43,sub-pt6,01,False
RFT1-RFT2,0.0,False,,,,43,sub-pt6,01,False
RFT2-RFT3,0.0,False,,,,43,sub-pt6,01,False
RFT3-RFT4,0.0,False,,,,43,sub-pt6,01,False
RPH1-RPH2,0.0,False,,,,43,sub-pt6,01,False
RPH2-RPH3,0.0,False,,,,43,sub-pt6,01,False
RPH3-RPH4,0.0,False,,,,43,sub-pt6,01,False
RPLT1-RPLT2,0.0,False,,,,43,sub-pt6,01,False
RPLT3-RPLT4,0.0,False,,,,43,sub-pt6,01,False
RPLT4-RPLT5,0.0,False,,,,43,sub-pt6,01,False
RPST1-RPST2,0.0,False,,,,43,sub-pt6,01,False
RPST2-RPST3,0.0,False,,,,43,sub-pt6,01,False
RPST3-RPST4,0.0,False,,,,43,sub-pt6,01,False
LAH1-LAH2,1.0,True,-8.0,-5.75,3.778341929576329,1,sub-pt6,02,True
LPH2-LPH3,0.8495250227439545,True,-8.0,-7.25,3.2097960136577677,2,sub-pt6,02,True
LPH3-LPH4,0.8381359481192685,True,-8.0,-7.0,3.1667641954642427,3,sub-pt6,02,True
RA3-RA4,0.5923727913718363,True,-8.0,-7.25,2.23818695558038,4,sub-pt6,02,False
LAH2-LAH3,0.5611120220453135,True,-6.25,-4.25,5.830200970228705,5,sub-pt6,02,True
LPT2-LPT3,0.2598210748746665,True,-4.75,-4.25,4.172194660892808,6,sub-pt6,02,False
LPH1-LPH2,0.2574943641959914,True,-6.25,-5.5,2.6754798203961085,7,sub-pt6,02,True
LAH3-LAH4,0.15795423437925443,True,22.25,22.75,18.650159584664497,8,sub-pt6,02,True
RPLT2-RPLT3,0.14930537520710604,True,1.0,3.75,5.641267594561349,9,sub-pt6,02,False
RAST1-RAST2,0.14121759072028267,True,-0.5,2.75,4.535330925803641,10,sub-pt6,02,False
LFT2-LFT3,0.11962482445898484,True,-2.75,-1.25,2.8248968129474403,11,sub-pt6,02,False
RA1-RA2,0.11899516424468712,True,-3.75,3.75,2.360423197033247,12,sub-pt6,02,False
RPLT1-RPLT2,0.10185265329184186,True,1.0,2.5,3.848341505711666,13,sub-pt6,02,False
LA3-LA4,0.09373825120591277,True,21.25,23.25,10.713798739327887,14,sub-pt6,02,True
LA1-LA2,0.08598236759174761,True,18.25,22.75,8.852728882424946,15,sub-pt6,02,True
LALT1-LALT2,0.07872734945093594,True,20.75,22.75,8.849400651687656,16,sub-pt6,02,False
LPLT2-LPLT3,0.06477051468471251,True,4.0,6.75,3.181426968635352,17,sub-pt6,02,False
LA2-LA3,0.06430282764890617,True,6.75,8.25,3.82658960086487,18,sub-pt6,02,True
LALT2-LALT3,0.06178578232953576,True,1.25,3.25,2.392840073280452,19,sub-pt6,02,False
RPST1-RPST2,0.055941550640246425,True,3.25,12.0,2.5892372532721173,20,sub-pt6,02,False
LAST1-LAST2,0.04471184597167239,True,6.5,8.25,2.618517956944688,21,sub-pt6,02,False
LPST2-LPST3,0.043837994838205455,True,4.5,6.0,2.2360716090775217,22,sub-pt6,02,False
RA2-RA3,0.04355213590926926,True,11.0,14.5,3.291097224571979,23,sub-pt6,02,False
LFT4-LFT5,0.03633617571589941,True,11.25,12.75,2.7801325494236773,24,sub-pt6,02,False
RPLT3-RPLT4,0.03399482666865567,True,18.75,20.5,3.564323191996402,25,sub-pt6,02,False
RALT3-RALT4,0.03244973913092064,True,19.25,22.0,3.4636254314313364,26,sub-pt6,02,False
RAST2-RAST3,0.03135253000501761,True,15.25,20.0,2.8726690338692555,27,sub-pt6,02,False
LAST2-LAST3,0.02721197461667911,True,22.0,25.0,3.1873004851037283,28,sub-pt6,02,False
RALT4-RALT5,0.02651012357021084,True,19.25,23.25,2.82964179828106,29,sub-pt6,02,False
RPLT4-RPLT5,0.026257559662365326,True,22.0,24.75,3.075511197860677,30,sub-pt6,02,False
RALT5-RALT6,0.02465659750804293,True,19.0,21.5,2.608509573749123,31,sub-pt6,02,False
RAH3-RAH4,0.024475527875157135,True,19.0,20.5,2.5893535701381722,32,sub-pt6,02,False
LPT3-LPT4,0.022916538976172417,True,21.25,26.25,2.619242232856884,33,sub-pt6,02,False
LALT4-LALT5,0.022612544624628823,True,18.5,26.5,2.3495429509654,34,sub-pt6,02,False
LALT3-LALT4,0.021991923731633688,True,22.5,24.25,2.617429737739203,35,sub-pt6,02,False
LPT1-LPT2,0.02114947147352516,True,22.25,28.25,2.4971854642749554,36,sub-pt6,02,False
RAH1-RAH2,0.020609461914376567,True,22.0,25.5,2.413957417009958,37,sub-pt6,02,False
LFT5-LFT6,0.02025989405707386,True,10.5,17.5,1.4927017404900207,38,sub-pt6,02,False
LALT5-LALT6,0.0,False,,,,39,sub-pt6,02,False
LAST3-LAST4,0.0,False,,,,39,sub-pt6,02,False
LFT1-LFT2,0.0,False,,,,39,sub-pt6,02,False
LFT3-LFT4,0.0,False,,,,39,sub-pt6,02,False
LPLT3-LPLT4,0.0,False,,,,39,sub-pt6,02,False
LPLT4-LPLT5,0.0,False,,,,39,sub-pt6,02,False
LPST1-LPST2,0.0,False,,,,39,sub-pt6,02,False
LPST3-LPST4,0.0,False,,,,39,sub-pt6,02,False
LPT4-LPT5,0.0,False,,,,39,sub-pt6,02,False
LPT5-LPT6,0.0,False,,,,39,sub-pt6,02,False
RAH2-RAH3,0.0,False,,,,39,sub-pt6,02,False
RALT1-RALT2,0.0,False,,,,39,sub-pt6,02,False
RALT2-RALT3,0.0,False,,,,39,sub-pt6,02,False
RAST3-RAST4,0.0,False,,,,39,sub-pt6,02,False
RFT1-RFT2,0.0,False,,,,39,sub-pt6,02,False
RFT2-RFT3,0.0,False,,,,39,sub-pt6,02,False
RFT3-RFT4,0.0,False,,,,39,sub-pt6,02,False
RFT4-RFT5,0.0,False,,,,39,sub-pt6,02,False
RFT5-RFT6,0.0,False,,,,39,sub-pt6,02,False
RPH1-RPH2,0.0,False,,,,39,sub-pt6,02,False
RPH2-RPH3,0.0,False,,,,39,sub-pt6,02,False
RPH3-RPH4,0.0,False,,,,39,sub-pt6,02,False
RPLT5-RPLT6,0.0,False,,,,39,sub-pt6,02,False
RPST2-RPST3,0.0,False,,,,39,sub-pt6,02,False
RPST3-RPST4,0.0,False,,,,39,sub-pt6,02,False
LALT2-LALT3,1.0,True,-8.25,-5.75,3.9241047979423485,1,sub-pt6,03,False
LPT3-LPT4,0.9300622377684126,True,-8.5,-6.0,2.91972935168962,2,sub-pt6,03,False
LFT1-LFT2,0.8782594515993566,True,-8.25,-5.75,3.446382127859251,3,sub-pt6,03,False
LAH3-LAH4,0.7147223762553929,True,-7.5,-7.0,4.4874328093768705,4,sub-pt6,03,True
LAH1-LAH2,0.5621217172884723,True,-7.75,-6.75,3.088154338975001,5,sub-pt6,03,True
LA3-LA4,0.5336648872092332,True,-7.5,-6.25,3.3506511110257824,6,sub-pt6,03,True
LPH3-LPH4,0.44932312176857414,True,-7.25,-6.25,3.1737438323252922,7,sub-pt6,03,True
RPLT4-RPLT5,0.310667383115013,True,-6.0,-3.5,3.4134558322082853,8,sub-pt6,03,False
LPH2-LPH3,0.2720444478423375,True,-6.75,-6.0,2.3485680306697256,9,sub-pt6,03,True
RPST1-RPST2,0.20330290216137872,True,-4.25,-3.5,3.3506839539896944,10,sub-pt6,03,False
RPLT5-RPLT6,0.12107688418268221,True,-0.75,0.5,3.3258286749882133,11,sub-pt6,03,False
LPST1-LPST2,0.1033853899576208,True,-1.25,-0.5,2.677587691480947,12,sub-pt6,03,False
RPST2-RPST3,0.09690410363334419,True,-1.5,1.25,2.4336758912506147,13,sub-pt6,03,False
RPH2-RPH3,0.06166828721403511,True,9.75,10.5,3.726689454757222,14,sub-pt6,03,False
LPT2-LPT3,0.0476225470081045,True,21.25,22.75,4.597146284036553,15,sub-pt6,03,False
RPH3-RPH4,0.04295620353677383,True,9.75,10.5,2.595895523760651,16,sub-pt6,03,False
LPST2-LPST3,0.04277881753001044,True,28.75,29.25,5.136778031466315,17,sub-pt6,03,False
LPT4-LPT5,0.03902544683691722,True,21.25,21.75,3.7672426020949366,18,sub-pt6,03,False
LALT1-LALT2,0.03725187380311502,True,28.0,29.25,4.385407701694396,19,sub-pt6,03,False
RPH1-RPH2,0.03666206488210195,True,9.75,10.5,2.2155330844774808,20,sub-pt6,03,False
LAST1-LAST2,0.03487589146808454,True,19.25,20.25,3.1477030199758245,21,sub-pt6,03,False
LALT4-LALT5,0.032775422692106725,True,18.25,22.0,2.855235094383197,22,sub-pt6,03,False
RFT4-RFT5,0.030586280268036,True,20.5,22.25,2.8805704596242263,23,sub-pt6,03,False
RA3-RA4,0.030285853380329644,True,18.0,20.75,2.6145869763096607,24,sub-pt6,03,False
LFT2-LFT3,0.029417101742632536,True,22.0,26.25,2.9089819102635284,25,sub-pt6,03,False
LPLT2-LPLT3,0.02831254249526811,True,20.75,21.75,2.6886534891126033,26,sub-pt6,03,False
RA2-RA3,0.026841925463272687,True,18.0,22.75,2.3172716269216633,27,sub-pt6,03,False
LPT1-LPT2,0.02664861532099001,True,16.0,24.5,2.1332679684881843,28,sub-pt6,03,False
RALT3-RALT4,0.026534531856308406,True,23.5,25.0,2.748881091488239,29,sub-pt6,03,False
RALT1-RALT2,0.025053826548034012,True,17.0,24.5,2.08425342843586,30,sub-pt6,03,False
RPLT2-RPLT3,0.02353910701787416,True,17.75,27.0,2.0136643167809813,31,sub-pt6,03,False
RPLT1-RPLT2,0.022299615936532145,True,17.25,22.5,1.8726290396206935,32,sub-pt6,03,False
LA1-LA2,0.020231601221213237,True,27.25,28.0,2.334093148613243,33,sub-pt6,03,True
LPT5-LPT6,0.017961364583129195,True,25.5,26.5,1.9735037542709732,34,sub-pt6,03,False
LA2-LA3,0.0,False,,,,35,sub-pt6,03,True
LAH2-LAH3,0.0,False,,,,35,sub-pt6,03,True
LALT3-LALT4,0.0,False,,,,35,sub-pt6,03,False
LALT5-LALT6,0.0,False,,,,35,sub-pt6,03,False
LAST2-LAST3,0.0,False,,,,35,sub-pt6,03,False
LAST3-LAST4,0.0,False,,,,35,sub-pt6,03,False
LFT3-LFT4,0.0,False,,,,35,sub-pt6,03,False
LFT4-LFT5,0.0,False,,,,35,sub-pt6,03,False
LFT5-LFT6,0.0,False,,,,35,sub-pt6,03,False
LPH1-LPH2,0.0,False,,,,35,sub-pt6,03,True
LPLT3-LPLT4,0.0,False,,,,35,sub-pt6,03,False
LPLT4-LPLT5,0.0,False,,,,35,sub-pt6,03,False
LPST3-LPST4,0.0,False,,,,35,sub-pt6,03,False
RA1-RA2,0.0,False,,,,35,sub-pt6,03,False
RAH1-RAH2,0.0,False,,,,35,sub-pt6,03,False
RAH2-RAH3,0.0,False,,,,35,sub-pt6,03,False
RAH3-RAH4,0.0,False,,,,35,sub-pt6,03,False
RALT2-RALT3,0.0,False,,,,35,sub-pt6,03,False
RALT4-RALT5,0.0,False,,,,35,sub-pt6,03,False
RALT5-RALT6,0.0,False,,,,35,sub-pt6,03,False
RAST1-RAST2,0.0,False,,,,35,sub-pt6,03,False
RAST2-RAST3,0.0,False,,,,35,sub-pt6,03,False
RAST3-RAST4,0.0,False,,,,35,sub-pt6,03,False
RFT1-RFT2,0.0,False,,,,35,sub-pt6,03,False
RFT2-RFT3,0.0,False,,,,35,sub-pt6,03,False
RFT3-RFT4,0.0,False,,,,35,sub-pt6,03,False
RFT5-RFT6,0.0,False,,,,35,sub-pt6,03,False
RPLT3-RPLT4,0.0,False,,,,35,sub-pt6,03,False
RPST3-RPST4,0.0,False,,,,35,sub-pt6,03,False
G44-G45,1.0,True,5.749999999999986,6.999999999999986,2.8847396276639583,1,sub-pt7,01,True
PT2-PT3,0.13540954582877066,True,10.749999999999986,15.749999999999986,2.3437276968974015,2,sub-pt7,01,True
G25-G26,0.11371853130490457,True,12.749999999999986,14.749999999999986,2.624386829240021,3,sub-pt7,01,False
PT4-PT5,0.08520147608078192,True,11.499999999999986,20.499999999999986,1.6590425021034378,4,sub-pt7,01,True
G39-G40,0.0753710160315955,True,13.499999999999986,20.999999999999986,1.9024753713318414,5,sub-pt7,01,True
LFP2-LFP3,0.0703319883763896,True,14.999999999999986,18.499999999999986,2.0796171081081627,6,sub-pt7,01,True
G38-G39,0.06481326633376792,True,19.249999999999986,20.999999999999986,2.7110562679747003,7,sub-pt7,01,True
G7-G8,0.05074681524134257,True,19.249999999999986,20.249999999999986,2.1226745591144125,8,sub-pt7,01,False
MFP2-MFP3,0.03547974318331887,True,22.749999999999986,23.499999999999986,1.842296780524682,9,sub-pt7,01,False
AT1-AT2,0.0,False,,,,10,sub-pt7,01,False
AT2-AT3,0.0,False,,,,10,sub-pt7,01,True
AT3-AT4,0.0,False,,,,10,sub-pt7,01,True
AT4-AT5,0.0,False,,,,10,sub-pt7,01,True
AT5-AT6,0.0,False,,,,10,sub-pt7,01,False
G1-G2,0.0,False,,,,10,sub-pt7,01,False
G10-G11,0.0,False,,,,10,sub-pt7,01,False
G11-G12,0.0,False,,,,10,sub-pt7,01,False
G12-G13,0.0,False,,,,10,sub-pt7,01,False
G13-G14,0.0,False,,,,10,sub-pt7,01,False
G14-G15,0.0,False,,,,10,sub-pt7,01,False
G15-G16,0.0,False,,,,10,sub-pt7,01,False
G16-G17,0.0,False,,,,10,sub-pt7,01,False
G17-G18,0.0,False,,,,10,sub-pt7,01,False
G18-G19,0.0,False,,,,10,sub-pt7,01,False
G19-G20,0.0,False,,,,10,sub-pt7,01,False
G2-G3,0.0,False,,,,10,sub-pt7,01,False
G20-G21,0.0,False,,,,10,sub-pt7,01,False
G21-G22,0.0,False,,,,10,sub-pt7,01,False
G22-G23,0.0,False,,,,10,sub-pt7,01,False
G23-G24,0.0,False,,,,10,sub-pt7,01,False
G24-G25,0.0,False,,,,10,sub-pt7,01,False
G26-G27,0.0,False,,,,10,sub-pt7,01,False
G27-G28,0.0,False,,,,10,sub-pt7,01,False
G28-G29,0.0,False,,,,10,sub-pt7,01,True
G29-G30,0.0,False,,,,10,sub-pt7,01,True
G3-G4,0.0,False,,,,10,sub-pt7,01,False
G30-G31,0.0,False,,,,10,sub-pt7,01,True
G31-G32,0.0,False,,,,10,sub-pt7,01,False
G37-G38,0.0,False,,,,10,sub-pt7,01,False
G4-G5,0.0,False,,,,10,sub-pt7,01,False
G40-G41,0.0,False,,,,10,sub-pt7,01,True
G41-G42,0.0,False,,,,10,sub-pt7,01,False
G42-G43,0.0,False,,,,10,sub-pt7,01,False
G43-G44,0.0,False,,,,10,sub-pt7,01,False
G45-G46,0.0,False,,,,10,sub-pt7,01,True
G46-G47,0.0,False,,,,10,sub-pt7,01,True
G47-G48,0.0,False,,,,10,sub-pt7,01,False
G5-G6,0.0,False,,,,10,sub-pt7,01,False
G51-G52,0.0,False,,,,10,sub-pt7,01,False
G52-G53,0.0,False,,,,10,sub-pt7,01,False
G53-G54,0.0,False,,,,10,sub-pt7,01,False
G54-G55,0.0,False,,,,10,sub-pt7,01,False
G55-G56,0.0,False,,,,10,sub-pt7,01,False
G6-G7,0.0,False,,,,10,sub-pt7,01,False
G60-G61,0.0,False,,,,10,sub-pt7,01,False
G61-G62,0.0,False,,,,10,sub-pt7,01,False
G62-G63,0.0,False,,,,10,sub-pt7,01,False
G63-G64,0.0,False,,,,10,sub-pt7,01,False
G8-G9,0.0,False,,,,10,sub-pt7,01,False
G9-G10,0.0,False,,,,10,sub-pt7,01,False
LFP1-LFP2,0.0,False,,,,10,sub-pt7,01,False
LFP3-LFP4,0.0,False,,,,10,sub-pt7,01,True
LFP4-LFP5,0.0,False,,,,10,sub-pt7,01,False
LSF1-LSF2,0.0,False,,,,10,sub-pt7,01,False
LSF2-LSF3,0.0,False,,,,10,sub-pt7,01,False
LSF3-LSF4,0.0,False,,,,10,sub-pt7,01,False
LSF4-LSF5,0.0,False,,,,10,sub-pt7,01,False
LSF5-LSF6,0.0,False,,,,10,sub-pt7,01,False
MFP1-MFP2,0.0,False,,,,10,sub-pt7,01,True
MFP3-MFP4,0.0,False,,,,10,sub-pt7,01,False
MT1-MT2,0.0,False,,,,10,sub-pt7,01,True
MT2-MT3,0.0,False,,,,10,sub-pt7,01,True
MT3-MT4,0.0,False,,,,10,sub-pt7,01,True
MT4-MT5,0.0,False,,,,10,sub-pt7,01,False
MT5-MT6,0.0,False,,,,10,sub-pt7,01,False
PF1-PF2,0.0,False,,,,10,sub-pt7,01,False
PF2-PF3,0.0,False,,,,10,sub-pt7,01,False
PF3-PF4,0.0,False,,,,10,sub-pt7,01,False
PF4-PF5,0.0,False,,,,10,sub-pt7,01,False
PF5-PF6,0.0,False,,,,10,sub-pt7,01,False
PT1-PT2,0.0,False,,,,10,sub-pt7,01,True
PT3-PT4,0.0,False,,,,10,sub-pt7,01,True
PT5-PT6,0.0,False,,,,10,sub-pt7,01,True
LSF2-LSF3,1.0,True,-9.750000000000014,-7.500000000000014,4.179621821463669,1,sub-pt7,02,False
G45-G46,0.8822322577731847,True,-8.750000000000014,-7.750000000000014,7.374794392375927,2,sub-pt7,02,True
LSF1-LSF2,0.8181701908789037,True,-9.500000000000014,-7.250000000000014,4.274552479335702,3,sub-pt7,02,False
MT1-MT2,0.5937032656984521,True,-9.500000000000014,-9.000000000000014,3.1018189059843664,4,sub-pt7,02,True
PT3-PT4,0.4202247586862779,True,-9.250000000000014,-8.500000000000014,2.634570856986707,5,sub-pt7,02,True
G15-G16,0.09629892187979285,True,-3.500000000000014,-2.000000000000014,2.918074795723503,6,sub-pt7,02,False
PF4-PF5,0.09365434716070832,True,-3.250000000000014,-1.4210854715202004e-14,2.9357981480087285,7,sub-pt7,02,False
G19-G20,0.09220802265870201,True,-3.000000000000014,-1.7500000000000142,2.986808643042037,8,sub-pt7,02,False
G17-G18,0.08970493769731427,True,-3.250000000000014,-1.4210854715202004e-14,2.811995363195502,9,sub-pt7,02,False
G14-G15,0.08477031080474424,True,-3.500000000000014,0.9999999999999858,2.5687318461753073,10,sub-pt7,02,False
G10-G11,0.08367818311968445,True,-2.750000000000014,0.2499999999999858,2.797945281179728,11,sub-pt7,02,False
G27-G28,0.08318978429475074,True,-2.750000000000014,1.4999999999999858,2.7816147020895667,12,sub-pt7,02,False
G16-G17,0.08003759606546328,True,-2.500000000000014,0.2499999999999858,2.7598467851848163,13,sub-pt7,02,False
G30-G31,0.0778793189786207,True,-1.2500000000000142,0.9999999999999858,3.092307959915841,14,sub-pt7,02,True
G31-G32,0.07702057395281031,True,-2.750000000000014,1.2499999999999858,2.575334972758578,15,sub-pt7,02,False
PF3-PF4,0.07651138367888859,True,-3.250000000000014,-2.000000000000014,2.398414866109964,16,sub-pt7,02,False
G28-G29,0.07456657808383993,True,-1.5000000000000142,0.2499999999999858,2.8828558964276008,17,sub-pt7,02,True
PF5-PF6,0.07085248981451273,True,-1.0000000000000142,-1.4210854715202004e-14,2.8873319722042545,18,sub-pt7,02,False
PF2-PF3,0.06907313378082082,True,-4.750000000000014,8.249999999999986,1.7321974633631878,19,sub-pt7,02,False
G26-G27,0.06291931745159621,True,-3.500000000000014,1.7499999999999858,1.9065974035391122,20,sub-pt7,02,False
G11-G12,0.05665780944023359,True,-2.500000000000014,3.249999999999986,1.9536677877150272,21,sub-pt7,02,False
G9-G10,0.055415418089880306,True,-2.500000000000014,7.999999999999986,1.910827798225469,22,sub-pt7,02,False
G8-G9,0.049125639963318986,True,-2.750000000000014,5.249999999999986,1.6426127742724457,23,sub-pt7,02,False
G22-G23,0.04836197299193322,True,-0.7500000000000142,10.999999999999986,2.0213475764612068,24,sub-pt7,02,False
G20-G21,0.04822209584536992,True,1.2499999999999858,8.249999999999986,2.4186014888642475,25,sub-pt7,02,False
G21-G22,0.048165990277429654,True,-0.7500000000000142,8.499999999999986,2.013156240159519,26,sub-pt7,02,False
G43-G44,0.04630624187892892,True,5.749999999999986,8.749999999999986,3.1934525539479113,27,sub-pt7,02,False
G62-G63,0.043381250397017124,True,0.9999999999999858,11.749999999999986,2.1304773444205884,28,sub-pt7,02,False
MT5-MT6,0.04284473568866301,True,6.749999999999986,9.499999999999986,3.133808863835635,29,sub-pt7,02,False
G12-G13,0.04103649496628802,True,4.249999999999986,8.749999999999986,2.5727554475622214,30,sub-pt7,02,False
MFP3-MFP4,0.040499136895641635,True,0.7499999999999858,10.749999999999986,1.9466173776738838,31,sub-pt7,02,False
G55-G56,0.040031613116234134,True,-0.5000000000000142,9.999999999999986,1.714999288222285,32,sub-pt7,02,False
G18-G19,0.03951004665346964,True,6.749999999999986,10.249999999999986,2.889898430298063,33,sub-pt7,02,False
G6-G7,0.036054368279568205,True,-1.0000000000000142,10.749999999999986,1.469262838098615,34,sub-pt7,02,False
MFP2-MFP3,0.03600989843744579,True,-0.7500000000000142,10.749999999999986,1.5050775729783892,35,sub-pt7,02,False
G44-G45,0.03468645552036201,True,5.749999999999986,6.499999999999986,2.392108395635211,36,sub-pt7,02,True
G1-G2,0.03451488956691372,True,1.4999999999999858,8.499999999999986,1.7671750235911958,37,sub-pt7,02,False
G61-G62,0.03421871480936911,True,1.2499999999999858,6.999999999999986,1.7162554454361736,38,sub-pt7,02,False
G37-G38,0.03327729658486136,True,9.249999999999986,13.249999999999986,2.7817302993080992,39,sub-pt7,02,False
G13-G14,0.033103435779153874,True,4.499999999999986,13.999999999999986,2.1099875988565833,40,sub-pt7,02,False
LFP2-LFP3,0.032593774934476676,True,6.749999999999986,8.749999999999986,2.3840189268002496,41,sub-pt7,02,True
G5-G6,0.031644941951695794,True,3.499999999999986,14.999999999999986,1.8847604313636885,42,sub-pt7,02,False
G7-G8,0.03153007067586936,True,0.4999999999999858,10.249999999999986,1.4825674285779973,43,sub-pt7,02,False
G54-G55,0.028884200172609963,True,7.749999999999986,12.249999999999986,2.233413116733858,44,sub-pt7,02,False
LSF3-LSF4,0.027985738429107454,True,6.999999999999986,18.499999999999986,2.076214003748276,45,sub-pt7,02,False
LFP1-LFP2,0.027136175924046504,True,7.249999999999986,11.749999999999986,2.0415411547779927,46,sub-pt7,02,False
G60-G61,0.024874013760027278,True,3.749999999999986,10.249999999999986,1.5074775751325649,47,sub-pt7,02,False
G23-G24,0.02330029911446116,True,15.249999999999986,22.499999999999986,2.532047404261244,48,sub-pt7,02,False
AT5-AT6,0.021764617724470633,True,17.249999999999986,19.999999999999986,2.547100392956347,49,sub-pt7,02,False
MFP1-MFP2,0.021345423029596737,True,13.749999999999986,20.999999999999986,2.1857869991304537,50,sub-pt7,02,True
G24-G25,0.02105959063984435,True,15.249999999999986,21.999999999999986,2.2885492393240225,51,sub-pt7,02,False
LSF4-LSF5,0.02105208507051899,True,16.249999999999986,21.749999999999986,2.3757233619973688,52,sub-pt7,02,False
G42-G43,0.02025123378390445,True,18.249999999999986,20.249999999999986,2.45463246040831,53,sub-pt7,02,False
MT4-MT5,0.01930476597335285,True,21.749999999999986,24.499999999999986,2.622315186415434,54,sub-pt7,02,False
PT1-PT2,0.017044144018888988,True,20.749999999999986,24.749999999999986,2.2439994024898136,55,sub-pt7,02,True
G41-G42,0.014430888851633057,True,18.499999999999986,25.499999999999986,1.7642329949615179,56,sub-pt7,02,False
AT1-AT2,0.0,False,,,,57,sub-pt7,02,False
AT2-AT3,0.0,False,,,,57,sub-pt7,02,True
AT3-AT4,0.0,False,,,,57,sub-pt7,02,True
AT4-AT5,0.0,False,,,,57,sub-pt7,02,True
G2-G3,0.0,False,,,,57,sub-pt7,02,False
G25-G26,0.0,False,,,,57,sub-pt7,02,False
G29-G30,0.0,False,,,,57,sub-pt7,02,True
G3-G4,0.0,False,,,,57,sub-pt7,02,False
G38-G39,0.0,False,,,,57,sub-pt7,02,True
G39-G40,0.0,False,,,,57,sub-pt7,02,True
G4-G5,0.0,False,,,,57,sub-pt7,02,False
G40-G41,0.0,False,,,,57,sub-pt7,02,True
G46-G47,0.0,False,,,,57,sub-pt7,02,True
G47-G48,0.0,False,,,,57,sub-pt7,02,False
G51-G52,0.0,False,,,,57,sub-pt7,02,False
G52-G53,0.0,False,,,,57,sub-pt7,02,False
G53-G54,0.0,False,,,,57,sub-pt7,02,False
G63-G64,0.0,False,,,,57,sub-pt7,02,False
LFP3-LFP4,0.0,False,,,,57,sub-pt7,02,True
LFP4-LFP5,0.0,False,,,,57,sub-pt7,02,False
LSF5-LSF6,0.0,False,,,,57,sub-pt7,02,False
MT2-MT3,0.0,False,,,,57,sub-pt7,02,True
MT3-MT4,0.0,False,,,,57,sub-pt7,02,True
PF1-PF2,0.0,False,,,,57,sub-pt7,02,False
PT2-PT3,0.0,False,,,,57,sub-pt7,02,True
PT4-PT5,0.0,False,,,,57,sub-pt7,02,True
PT5-PT6,0.0,False,,,,57,sub-pt7,02,True
PF2-PF3,1.0,True,-5.250000000000014,-2.000000000000014,3.487280778850163,1,sub-pt7,03,False
G51-G52,0.4716534778345322,True,-4.750000000000014,-1.4210854715202004e-14,2.4671821612952938,2,sub-pt7,03,False
G45-G46,0.35154655875667185,True,-3.750000000000014,0.7499999999999858,3.064853893057653,3,sub-pt7,03,True
G7-G8,0.256508878674456,True,-2.750000000000014,-0.2500000000000142,3.1308146877204357,4,sub-pt7,03,False
MFP2-MFP3,0.2258098945676246,True,-1.7500000000000142,1.2499999999999858,3.543581272499366,5,sub-pt7,03,False
G38-G39,0.22418442876971167,True,-3.250000000000014,1.4999999999999858,2.345382148098357,6,sub-pt7,03,True
G28-G29,0.22195142661318906,True,-2.500000000000014,-1.2500000000000142,2.9025260394995502,7,sub-pt7,03,True
MFP3-MFP4,0.22002960379243824,True,-1.7500000000000142,1.2499999999999858,3.452872536375241,8,sub-pt7,03,False
G62-G63,0.20115891302410693,True,-3.000000000000014,1.9999999999999858,2.2798672353709195,9,sub-pt7,03,False
G31-G32,0.19965439734102844,True,-0.7500000000000142,0.9999999999999858,3.8293801824315485,10,sub-pt7,03,False
G2-G3,0.19889559016789482,True,-3.000000000000014,3.499999999999986,2.254215497919317,11,sub-pt7,03,False
G9-G10,0.16600924875135326,True,-1.7500000000000142,2.249999999999986,2.6051438802687734,12,sub-pt7,03,False
G61-G62,0.16323338942065854,True,-2.000000000000014,6.249999999999986,2.4192728109212114,13,sub-pt7,03,False
G3-G4,0.15605466273973834,True,-3.250000000000014,3.749999999999986,1.6326192774667028,14,sub-pt7,03,False
G39-G40,0.13731402451759375,True,-1.2500000000000142,6.499999999999986,2.3942627918338237,15,sub-pt7,03,True
G60-G61,0.12905706918384338,True,-1.7500000000000142,5.999999999999986,2.025262065327987,16,sub-pt7,03,False
G1-G2,0.1261714719825761,True,-0.5000000000000142,0.7499999999999858,2.5299732572334,17,sub-pt7,03,False
LSF2-LSF3,0.12290025505515136,True,-0.2500000000000142,3.749999999999986,2.5715261830176717,18,sub-pt7,03,False
MT1-MT2,0.11371088610234592,True,-1.5000000000000142,5.499999999999986,1.8835734903909729,19,sub-pt7,03,True
G41-G42,0.04554841396916197,True,11.499999999999986,18.74999999999997,2.819411926616396,20,sub-pt7,03,False
G17-G18,0.042217320009847806,True,6.249999999999986,13.999999999999986,1.8402956075613581,21,sub-pt7,03,False
LSF3-LSF4,0.03639199378552205,True,20.74999999999997,25.24999999999997,3.42654571167171,22,sub-pt7,03,False
LSF4-LSF5,0.034625886576699856,True,20.74999999999997,23.24999999999997,3.260255095158423,23,sub-pt7,03,False
AT1-AT2,0.0,False,,,,24,sub-pt7,03,False
AT2-AT3,0.0,False,,,,24,sub-pt7,03,True
AT3-AT4,0.0,False,,,,24,sub-pt7,03,True
AT4-AT5,0.0,False,,,,24,sub-pt7,03,True
AT5-AT6,0.0,False,,,,24,sub-pt7,03,False
G10-G11,0.0,False,,,,24,sub-pt7,03,False
G11-G12,0.0,False,,,,24,sub-pt7,03,False
G12-G13,0.0,False,,,,24,sub-pt7,03,False
G13-G14,0.0,False,,,,24,sub-pt7,03,False
G14-G15,0.0,False,,,,24,sub-pt7,03,False
G15-G16,0.0,False,,,,24,sub-pt7,03,False
G16-G17,0.0,False,,,,24,sub-pt7,03,False
G18-G19,0.0,False,,,,24,sub-pt7,03,False
G19-G20,0.0,False,,,,24,sub-pt7,03,False
G20-G21,0.0,False,,,,24,sub-pt7,03,False
G21-G22,0.0,False,,,,24,sub-pt7,03,False
G22-G23,0.0,False,,,,24,sub-pt7,03,False
G23-G24,0.0,False,,,,24,sub-pt7,03,False
G24-G25,0.0,False,,,,24,sub-pt7,03,False
G25-G26,0.0,False,,,,24,sub-pt7,03,False
G26-G27,0.0,False,,,,24,sub-pt7,03,False
G27-G28,0.0,False,,,,24,sub-pt7,03,False
G29-G30,0.0,False,,,,24,sub-pt7,03,True
G30-G31,0.0,False,,,,24,sub-pt7,03,True
G37-G38,0.0,False,,,,24,sub-pt7,03,False
G4-G5,0.0,False,,,,24,sub-pt7,03,False
G40-G41,0.0,False,,,,24,sub-pt7,03,True
G42-G43,0.0,False,,,,24,sub-pt7,03,False
G43-G44,0.0,False,,,,24,sub-pt7,03,False
G44-G45,0.0,False,,,,24,sub-pt7,03,True
G46-G47,0.0,False,,,,24,sub-pt7,03,True
G47-G48,0.0,False,,,,24,sub-pt7,03,False
G5-G6,0.0,False,,,,24,sub-pt7,03,False
G52-G53,0.0,False,,,,24,sub-pt7,03,False
G53-G54,0.0,False,,,,24,sub-pt7,03,False
G54-G55,0.0,False,,,,24,sub-pt7,03,False
G55-G56,0.0,False,,,,24,sub-pt7,03,False
G6-G7,0.0,False,,,,24,sub-pt7,03,False
G63-G64,0.0,False,,,,24,sub-pt7,03,False
G8-G9,0.0,False,,,,24,sub-pt7,03,False
LFP1-LFP2,0.0,False,,,,24,sub-pt7,03,False
LFP2-LFP3,0.0,False,,,,24,sub-pt7,03,True
LFP3-LFP4,0.0,False,,,,24,sub-pt7,03,True
LFP4-LFP5,0.0,False,,,,24,sub-pt7,03,False
LSF1-LSF2,0.0,False,,,,24,sub-pt7,03,False
LSF5-LSF6,0.0,False,,,,24,sub-pt7,03,False
MFP1-MFP2,0.0,False,,,,24,sub-pt7,03,True
MT2-MT3,0.0,False,,,,24,sub-pt7,03,True
MT3-MT4,0.0,False,,,,24,sub-pt7,03,True
MT4-MT5,0.0,False,,,,24,sub-pt7,03,False
MT5-MT6,0.0,False,,,,24,sub-pt7,03,False
PF1-PF2,0.0,False,,,,24,sub-pt7,03,False
PF3-PF4,0.0,False,,,,24,sub-pt7,03,False
PF4-PF5,0.0,False,,,,24,sub-pt7,03,False
PF5-PF6,0.0,False,,,,24,sub-pt7,03,False
PT1-PT2,0.0,False,,,,24,sub-pt7,03,True
PT2-PT3,0.0,False,,,,24,sub-pt7,03,True
PT3-PT4,0.0,False,,,,24,sub-pt7,03,True
PT4-PT5,0.0,False,,,,24,sub-pt7,03,True
PT5-PT6,0.0,False,,,,24,sub-pt7,03,True
