subject,run,acq,site,seizure_free,engel,onset_s,marker,status,sfreq,n_channels,n_soz,n_detected,auc_ei,auc_er,top_in_zone,seconds
sub-jh101,01,ecog,JHH,False,4.0,58.95,electrographic,ok,1000.0,95.0,5.0,12.0,0.6533333333333333,0.6333333333333333,False,8.5
sub-jh101,02,ecog,JHH,False,4.0,66.825,electrographic,ok,1000.0,95.0,5.0,39.0,0.5077777777777778,0.5366666666666666,False,4.6
sub-jh101,03,ecog,JHH,False,4.0,58.95,electrographic,ok,1000.0,95.0,5.0,35.0,0.7566666666666667,0.7322222222222222,False,6.1
sub-jh102,01,ecog,JHH,,,54.834,unspecified,ok,1000.0,94.0,2.0,13.0,0.7010869565217391,0.717391304347826,False,5.2
sub-jh102,02,ecog,JHH,,,59.774,pushbutton,ok,1000.0,94.0,2.0,22.0,0.9184782608695652,0.9782608695652174,False,5.9
sub-jh102,03,ecog,JHH,,,59.774,pushbutton,ok,1000.0,94.0,2.0,42.0,0.4157608695652174,0.4157608695652174,False,5.6
sub-jh103,01,ecog,JHH,False,4.0,59.89200000000001,pushbutton,ok,1000.0,79.0,18.0,65.0,0.7377049180327869,0.5564663023679417,True,4.8
sub-jh103,02,ecog,JHH,False,4.0,59.89200000000001,pushbutton,ok,1000.0,79.0,18.0,35.0,0.7094717668488161,0.7686703096539163,True,5.4
sub-jh103,03,ecog,JHH,False,4.0,59.89200000000001,pushbutton,ok,1000.0,79.0,18.0,54.0,0.6985428051001822,0.6520947176684881,True,4.4
sub-jh104,01,ecog,JHH,,,58.99499999999999,pushbutton,ok,1001.001001001001,60.0,6.0,38.0,0.6975308641975309,0.6604938271604939,False,4.0
sub-jh104,02,ecog,JHH,,,58.99499999999999,pushbutton,ok,1001.001001001001,60.0,6.0,38.0,0.6975308641975309,0.6604938271604939,False,3.7
sub-jh104,03,ecog,JHH,,,58.99499999999999,pushbutton,ok,1001.001001001001,60.0,6.0,47.0,0.7407407407407407,0.7438271604938271,False,3.9
sub-jh105,01,ecog,JHH,True,1.0,62.909,pushbutton,ok,1000.0,75.0,29.0,68.0,0.6169415292353823,0.6461769115442278,False,4.7
sub-jh105,02,ecog,JHH,True,1.0,58.996,pushbutton,ok,1000.0,75.0,29.0,69.0,0.8118440779610195,0.6431784107946027,False,4.2
sub-jh105,03,ecog,JHH,True,1.0,58.996,pushbutton,ok,1000.0,75.0,29.0,67.0,0.820839580209895,0.7893553223388305,True,3.8
sub-jh108,01,ecog,JHH,False,4.0,59.823,pushbutton,ok,1000.0,116.0,8.0,86.0,0.6273148148148148,0.7071759259259259,False,6.7
sub-jh108,02,ecog,JHH,False,4.0,59.823,pushbutton,ok,1000.0,116.0,8.0,90.0,0.7060185185185185,0.6875,False,6.3
sub-jh108,03,ecog,JHH,False,4.0,59.823,pushbutton,ok,1000.0,116.0,8.0,68.0,0.8576388888888888,0.8483796296296297,False,5.6
sub-pt01,01,ecog,NIH,True,1.0,75.95,unspecified,ok,1000.0,71.0,8.0,24.0,0.9484126984126984,0.9623015873015873,True,3.8
sub-pt01,02,ecog,NIH,True,1.0,93.0,unspecified,ok,1000.0,71.0,8.0,30.0,0.8690476190476191,0.9047619047619048,True,4.8
sub-pt01,03,ecog,NIH,True,1.0,108.81,unspecified,ok,1000.0,71.0,8.0,24.0,0.9861111111111112,0.9365079365079365,True,4.2
sub-pt10,01,ecog,NIH,False,2.0,44.330000000000005,unspecified,ok,1000.0,44.0,9.0,23.0,0.9238095238095239,0.834920634920635,False,3.8
sub-pt10,02,ecog,NIH,False,2.0,56.26500000000001,unspecified,ok,1000.0,44.0,9.0,29.0,0.9555555555555556,0.8,True,3.3
sub-pt10,03,ecog,NIH,False,2.0,96.503,unspecified,ok,1000.0,44.0,9.0,37.0,0.9365079365079365,0.7333333333333333,True,3.8
sub-pt11,01,ecog,NIH,True,1.0,60.26,unspecified,ok,1000.0,70.0,23.0,15.0,0.5975948196114709,0.5975948196114709,False,6.3
sub-pt11,02,ecog,NIH,True,1.0,75.67,unspecified,ok,1000.0,70.0,23.0,10.0,0.586031452358927,0.5943570767807586,False,5.2
sub-pt11,03,ecog,NIH,True,1.0,67.62,unspecified,ok,1000.0,57.0,14.0,17.0,0.5307308970099668,0.5174418604651163,False,5.2
sub-pt12,01,ecog,NIH,False,2.0,73.005,unspecified,ok,1000.0,45.0,9.0,2.0,0.4722222222222222,0.4722222222222222,False,2.9
sub-pt12,02,ecog,NIH,False,2.0,76.725,unspecified,ok,1000.0,45.0,9.0,1.0,0.4861111111111111,0.4861111111111111,False,4.8
sub-pt13,01,ecog,NIH,True,1.0,68.08,unspecified,ok,1000.0,102.0,8.0,58.0,0.9507978723404256,0.8856382978723404,False,5.0
sub-pt13,02,ecog,NIH,True,1.0,71.07,unspecified,ok,1000.0,102.0,8.0,63.0,0.8430851063829787,0.8297872340425532,False,4.6
sub-pt13,03,ecog,NIH,True,1.0,77.74,unspecified,ok,1000.0,102.0,8.0,71.0,0.8271276595744681,0.6875,False,5.2
sub-pt14,01,ecog,NIH,False,4.0,80.784,electrographic,ok,1000.0,42.0,7.0,13.0,0.9591836734693877,0.9714285714285714,True,5.1
sub-pt14,02,ecog,NIH,False,4.0,90.508,electrographic,ok,1000.0,42.0,7.0,9.0,0.746938775510204,0.7346938775510204,True,3.6
sub-pt14,03,ecog,NIH,False,4.0,86.02,unspecified,ok,1000.0,42.0,7.0,14.0,0.863265306122449,0.826530612244898,True,3.7
sub-pt15,01,ecog,NIH,True,1.0,150.849,unspecified,ok,1000.0,55.0,14.0,43.0,0.921602787456446,0.8693379790940766,True,4.3
sub-pt15,02,ecog,NIH,True,1.0,135.198,unspecified,ok,1000.0,55.0,14.0,29.0,0.7290940766550522,0.8022648083623694,False,4.0
sub-pt15,03,ecog,NIH,True,1.0,115.218,unspecified,ok,1000.0,55.0,14.0,40.0,0.9128919860627178,0.6916376306620209,True,3.8
sub-pt16,01,ecog,NIH,True,1.0,82.995,unspecified,ok,1000.0,37.0,6.0,33.0,0.8870967741935484,0.8064516129032258,True,3.4
sub-pt16,02,ecog,NIH,True,1.0,92.049,unspecified,ok,1000.0,37.0,6.0,29.0,0.8010752688172043,0.6666666666666666,True,3.3
sub-pt16,03,ecog,NIH,True,1.0,140.84,unspecified,ok,1000.0,37.0,6.0,13.0,0.8817204301075269,0.8602150537634409,True,2.9
sub-pt17,01,ecog,NIH,True,1.0,,none,no usable onset mark,,,,,,,,
sub-pt17,02,ecog,NIH,True,1.0,67.592,unspecified,ok,2004.0080160320642,35.0,2.0,23.0,0.696969696969697,0.7575757575757576,False,4.8
sub-pt17,03,ecog,NIH,True,1.0,,none,no usable onset mark,,,,,,,,
sub-pt2,01,ecog,NIH,True,1.0,105.9,unspecified,ok,1000.0,51.0,7.0,11.0,0.7126623376623377,0.7321428571428571,False,3.4
sub-pt2,02,ecog,NIH,True,1.0,89.662,unspecified,ok,1000.0,51.0,7.0,13.0,0.737012987012987,0.814935064935065,False,3.6
sub-pt2,03,ecog,NIH,True,1.0,139.788,unspecified,ok,1000.0,51.0,7.0,17.0,0.8133116883116883,0.7873376623376623,False,3.3
sub-pt3,01,ecog,NIH,True,1.0,107.775,unspecified,ok,1000.0,76.0,37.0,73.0,0.446985446985447,0.2702702702702703,False,3.9
sub-pt3,02,ecog,NIH,True,1.0,109.575,pushbutton,ok,1000.0,76.0,37.0,63.0,0.3485793485793486,0.367983367983368,True,5.4
sub-pt6,01,ecog,NIH,False,2.0,120.958,unspecified,ok,1000.0,63.0,9.0,24.0,1.0,0.9814814814814815,True,3.2
sub-pt6,02,ecog,NIH,False,2.0,169.464,pushbutton,ok,1000.0,63.0,9.0,41.0,0.7211934156378601,0.6800411522633745,True,3.9
sub-pt6,03,ecog,NIH,False,2.0,122.186,unspecified,ok,1000.0,63.0,9.0,21.0,0.98559670781893,0.9218106995884774,True,3.8
sub-pt7,01,ecog,NIH,False,3.0,88.77600000000001,unspecified,ok,1000.0,83.0,23.0,81.0,0.7355072463768116,0.6094202898550725,True,5.0
sub-pt7,02,ecog,NIH,False,3.0,80.83000000000001,unspecified,ok,1000.0,83.0,23.0,74.0,0.7811594202898551,0.7007246376811594,True,5.5
sub-pt7,03,ecog,NIH,False,3.0,150.42600000000002,unspecified,ok,1000.0,83.0,23.0,66.0,0.7253623188405797,0.6804347826086956,True,4.9
sub-pt8,01,ecog,NIH,True,1.0,44.722,unspecified,ok,1000.0,51.0,14.0,39.0,0.8571428571428571,0.7953667953667953,False,3.5
sub-pt8,02,ecog,NIH,True,1.0,44.722,unspecified,ok,1000.0,51.0,14.0,45.0,0.7934362934362934,0.6737451737451737,True,3.6
sub-pt8,03,ecog,NIH,True,1.0,44.722,unspecified,ok,1000.0,51.0,14.0,44.0,0.7683397683397684,0.6756756756756757,False,3.7
sub-umf001,01,ecog,UMF,True,1.0,60.00027352941176,electrographic,ok,1000.0,73.0,33.0,36.0,0.8196969696969697,0.831060606060606,True,4.1
sub-umf002,01,ecog,UMF,False,2.0,87.00014647058823,electrographic,RuntimeError: HTTP 416 for https://s3.amazonaws.com/openneuro.org/ds003029/sub-umf002/ses-presurgery/ieeg/sub-umf002_ses-presurgery_task-ictal_acq-ecog_run-01_ieeg.eeg,,,,,,,,
sub-umf003,01,ecog,UMF,False,3.0,59.99914696638656,electrographic,RuntimeError: HTTP 416 for https://s3.amazonaws.com/openneuro.org/ds003029/sub-umf003/ses-presurgery/ieeg/sub-umf003_ses-presurgery_task-ictal_acq-ecog_run-01_ieeg.eeg,,,,,,,,
sub-umf004,01,seeg,UMF,True,1.0,135.00036529411764,electrographic,RuntimeError: HTTP 416 for https://s3.amazonaws.com/openneuro.org/ds003029/sub-umf004/ses-presurgery/ieeg/sub-umf004_ses-presurgery_task-ictal_acq-seeg_run-01_ieeg.eeg,,,,,,,,
sub-umf005,01,ecog,UMF,True,1.0,116.00041359633028,electrographic,RuntimeError: HTTP 416 for https://s3.amazonaws.com/openneuro.org/ds003029/sub-umf005/ses-presurgery/ieeg/sub-umf005_ses-presurgery_task-ictal_acq-ecog_run-01_ieeg.eeg,,,,,,,,
sub-ummc002,01,ecog,UMMC,True,1.0,59.99914696638656,unspecified,ok,499.7501249375312,40.0,7.0,15.0,0.5411255411255411,0.5627705627705628,False,1.5
sub-ummc002,02,ecog,UMMC,True,1.0,49.000704176470585,unspecified,ok,499.7501249375312,40.0,7.0,7.0,0.5800865800865801,0.5757575757575758,False,2.7
sub-ummc002,03,ecog,UMMC,True,1.0,8.000686731092436,unspecified,no usable onset mark,,,,,,,,
sub-ummc003,01,ecog,UMMC,True,1.0,59.99914696638656,unspecified,ok,249.8750624687656,37.0,16.0,34.0,0.22321428571428573,0.375,False,1.6
sub-ummc003,02,ecog,UMMC,True,1.0,45.99894577310924,unspecified,ok,249.8750624687656,37.0,16.0,32.0,0.5833333333333334,0.7529761904761905,False,1.4
sub-ummc003,03,ecog,UMMC,True,1.0,56.000804773109245,unspecified,ok,249.8750624687656,37.0,16.0,35.0,0.47023809523809523,0.625,False,1.7
sub-ummc004,01,ecog,UMMC,True,1.0,66.99924756302521,unspecified,ok,249.8750624687656,37.0,2.0,6.0,0.9142857142857143,0.9428571428571428,False,1.7
sub-ummc004,02,ecog,UMMC,True,1.0,30.99815844537815,unspecified,no usable onset mark,,,,,,,,
sub-ummc004,03,ecog,UMMC,True,1.0,37.998259042016805,unspecified,ok,249.8750624687656,37.0,2.0,10.0,0.9,0.9571428571428572,False,2.3
sub-ummc005,01,ecog,UMMC,True,1.0,46.00004294117647,unspecified,ok,1000.0,44.0,10.0,36.0,0.8705882352941177,0.711764705882353,True,4.0
sub-ummc005,02,ecog,UMMC,True,1.0,60.00027352941176,unspecified,ok,1000.0,44.0,10.0,30.0,0.8764705882352941,0.7941176470588235,False,3.1
sub-ummc006,01,ecog,UMMC,True,1.0,48.00011804201681,unspecified,ok,249.8750624687656,40.0,8.0,20.0,0.9921875,0.984375,True,1.9
sub-ummc006,02,ecog,UMMC,True,1.0,26.99981625210084,unspecified,no usable onset mark,,,,,,,,
sub-ummc006,03,ecog,UMMC,True,1.0,22.000887924369746,unspecified,no usable onset mark,,,,,,,,
sub-ummc008,01,ecog,UMMC,True,1.0,64.99807529411764,unspecified,ok,249.8750624687656,42.0,21.0,28.0,0.7448979591836735,0.6950113378684807,True,1.6
sub-ummc008,02,ecog,UMMC,True,1.0,51.99957,unspecified,ok,1000.0,42.0,21.0,31.0,0.6077097505668935,0.6825396825396826,True,3.5
sub-ummc008,03,ecog,UMMC,True,1.0,60.00027352941176,unspecified,ok,1000.0,42.0,21.0,22.0,0.6870748299319728,0.691609977324263,True,3.0
sub-ummc009,01,ecog,UMMC,True,1.0,60.99986117647058,unspecified,ok,1000.0,40.0,16.0,12.0,0.5885416666666666,0.5651041666666666,False,4.4
sub-ummc009,02,ecog,UMMC,True,1.0,60.99986117647058,unspecified,ok,1000.0,40.0,16.0,18.0,0.6575520833333334,0.6575520833333334,True,3.5
sub-ummc009,03,ecog,UMMC,True,1.0,60.00027352941176,unspecified,ok,1000.0,40.0,16.0,5.0,0.546875,0.5572916666666666,False,5.4
