subject,t1,status,n_contacts,correlation,correlation_warped,warp_shift_mm,brain_covered,scale_min,scale_max,near_brain_registered,near_brain_warped,near_brain_blended,near_brain_identity,n_targeted,agree_registered,agree_warped,agree_blended,agree_identity,seconds
sub-01,sub-01_ses-mri3t_run-1_T1w.nii.gz,ok,103,0.252,0.472,6.21,0.86,0.973,1.176,1.0,0.971,1.0,0.796,8,8.0,8.0,8.0,2.0,38.9
sub-02,sub-02_ses-mri3t_run-1_T1w.nii.gz,ok,60,0.338,0.571,3.18,0.996,1.044,1.254,0.3,0.467,0.3,0.483,0,,,,,20.5
sub-03,sub-03_ses-mri3t_run-1_T1w.nii.gz,ok,110,0.517,0.731,4.11,0.96,1.054,1.245,0.991,1.0,0.991,0.709,0,,,,,25.5
sub-05,sub-05_ses-mri3t_run-1_T1w.nii.gz,ok,80,0.479,0.721,5.85,0.929,1.058,1.197,1.0,1.0,1.0,0.738,0,,,,,24.3
sub-06,sub-06_ses-mri3t_run-1_T1w.nii.gz,ok,104,0.497,0.678,4.01,0.966,0.999,1.167,0.99,0.74,0.99,0.635,0,,,,,27.2
sub-07,sub-07_ses-mri3t_run-1_T1w.nii.gz,ok,56,0.57,0.773,3.93,0.911,1.052,1.209,1.0,1.0,1.0,0.571,0,,,,,21.6
sub-09,sub-09_ses-mri3t_run-1_T1w.nii.gz,ok,69,0.508,0.735,5.31,0.959,1.029,1.178,1.0,1.0,1.0,1.0,6,4.0,5.0,5.0,0.0,21.3
sub-10,sub-10_ses-mri3t_run-1_T1w.nii.gz,ok,96,0.279,0.57,3.57,0.983,1.116,1.42,0.594,0.542,0.594,0.844,0,,,,,35.8
sub-12,sub-12_ses-mri3t_run-1_T1w.nii.gz,ok,64,0.448,0.666,2.61,0.988,1.01,1.163,1.0,1.0,1.0,0.078,0,,,,,40.6
sub-13,sub-13_ses-mri3t_run-1_T1w.nii.gz,ok,96,0.389,0.641,2.44,0.919,1.084,1.21,0.979,0.969,0.979,0.99,0,,,,,26.2
sub-14,sub-14_ses-mri3t_run-1_T1w.nii.gz,ok,112,0.538,0.725,3.21,0.964,1.077,1.203,1.0,0.946,1.0,0.455,0,,,,,41.4
sub-16,sub-16_ses-mri3t_run-1_T1w.nii.gz,ok,104,0.576,0.711,2.99,0.981,1.064,1.209,1.0,0.971,1.0,0.962,0,,,,,36.3
sub-17,sub-17_ses-mri3t_run-1_T1w.nii.gz,ok,96,0.523,0.723,2.17,0.942,1.047,1.164,0.865,0.969,0.865,0.979,0,,,,,23.4
sub-18,sub-18_ses-mri3t_run-1_T1w.nii.gz,ok,64,0.491,0.682,3.22,0.986,1.065,1.183,0.891,0.625,0.891,1.0,0,,,,,21.7
sub-19,sub-19_ses-mri3t_run-1_T1w.nii.gz,ok,80,0.141,0.337,2.92,0.997,1.166,1.703,0.212,0.25,0.212,1.0,0,,,,,30.6
sub-20,sub-20_ses-mri3t_run-1_T1w.nii.gz,ok,96,0.434,0.638,4.09,0.992,1.13,1.294,1.0,1.0,1.0,0.99,0,,,,,26.8
sub-21,sub-21_ses-mri3t_run-1_T1w.nii.gz,ok,110,0.324,0.626,4.49,0.921,1.046,1.161,0.991,0.973,0.991,0.991,6,2.0,4.0,4.0,0.0,32.6
sub-22,sub-22_ses-mri3t_run-1_T1w.nii.gz,ok,54,0.566,0.729,5.25,0.987,1.044,1.225,1.0,0.741,1.0,0.685,0,,,,,20.0
sub-23,sub-23_ses-mri3t_run-1_T1w.nii.gz,ok,173,0.418,0.648,3.02,0.943,1.061,1.263,0.983,1.0,0.983,0.96,8,5.0,8.0,8.0,0.0,29.9
sub-24,sub-24_ses-mri3t_run-1_T1w.nii.gz,ok,80,0.468,0.703,3.41,0.917,1.076,1.221,1.0,0.938,1.0,1.0,0,,,,,18.7
sub-25,sub-25_ses-mri3t_run-1_T1w.nii.gz,ok,60,0.239,0.515,2.84,0.979,1.073,1.224,0.717,0.667,0.717,0.05,0,,,,,38.9
sub-26,sub-26_ses-mri3t_run-1_T1w.nii.gz,ok,88,0.3,0.575,3.79,0.94,1.022,1.18,1.0,1.0,1.0,0.864,0,,,,,22.0
sub-27,sub-27_ses-mri3t_run-1_T1w.nii.gz,ok,96,0.506,0.675,4.47,0.978,1.024,1.148,0.99,0.635,0.99,0.948,0,,,,,30.1
sub-28,sub-28_ses-mri3t_run-1_T1w.nii.gz,ok,86,0.519,0.694,2.2,0.974,1.068,1.189,0.837,0.872,0.837,0.895,0,,,,,29.3
sub-30,sub-30_ses-7t1_run-1_T1w.nii.gz,ok,184,0.21,0.33,3.94,0.489,1.022,1.144,0.984,0.859,0.984,1.0,0,,,,,24.4
sub-31,sub-31_ses-mri3t_run-1_T1w.nii.gz,ok,96,0.38,0.617,1.61,0.976,1.084,1.191,0.573,0.708,0.573,0.208,0,,,,,30.9
sub-32,sub-32_ses-mri3t_run-1_T1w.nii.gz,ok,48,0.216,0.444,4.74,0.99,1.111,1.182,0.479,0.917,0.479,0.375,0,,,,,36.2
sub-33,sub-33_ses-mri3t_run-1_T1w.nii.gz,ok,76,0.224,0.516,2.05,1.0,1.186,1.479,0.961,0.947,0.961,1.0,0,,,,,27.4
sub-34,sub-34_ses-mri3t_run-1_T1w.nii.gz,ok,104,0.429,0.681,4.37,0.908,1.035,1.187,1.0,0.99,1.0,1.0,0,,,,,21.3
sub-36,sub-36_ses-mri3t_run-1_T1w.nii.gz,ok,144,0.456,0.733,4.72,0.97,1.101,1.266,0.896,0.729,0.896,0.535,0,,,,,27.7
sub-37,sub-37_ses-mri3t_run-1_T1w.nii.gz,ok,80,0.118,0.31,3.3,1.0,1.095,1.599,0.775,0.775,0.775,1.0,0,,,,,28.9
sub-38,sub-38_ses-mri3t_run-1_T1w.nii.gz,ok,104,0.503,0.695,2.54,0.992,1.041,1.219,0.971,0.923,0.971,0.288,0,,,,,26.6
sub-39,sub-39_ses-mri3t_run-1_T1w.nii.gz,ok,80,0.092,0.251,4.21,0.976,0.998,1.199,0.575,0.875,0.575,0.838,0,,,,,24.3
sub-40,sub-40_ses-mri3t_run-1_T1w.nii.gz,ok,72,0.539,0.731,4.8,0.929,0.995,1.199,0.986,1.0,0.986,0.986,0,,,,,24.7
sub-41,sub-41_ses-mri3t_run-1_T1w.nii.gz,ok,80,0.468,0.673,0.79,0.995,1.098,1.249,0.1,0.1,0.1,0.325,0,,,,,25.6
sub-42,sub-42_ses-mri3t_run-1_T1w.nii.gz,ok,112,0.429,0.654,4.41,0.939,1.026,1.168,0.991,0.982,0.991,1.0,6,4.0,5.0,4.0,0.0,33.7
sub-43,sub-43_ses-mri3t_run-1_T1w.nii.gz,ok,120,0.53,0.697,2.31,0.992,1.029,1.183,0.975,0.967,0.975,0.933,0,,,,,23.6
sub-45,sub-45_ses-mri3t_run-1_T1w.nii.gz,ok,144,0.467,0.651,3.99,0.994,1.075,1.207,0.875,0.736,0.875,0.354,0,,,,,23.2
sub-46,sub-46_ses-mri3t_run-1_T1w.nii.gz,ok,64,0.559,0.716,5.92,0.976,1.09,1.155,1.0,0.672,1.0,0.797,0,,,,,24.5
sub-48,sub-48_ses-mri3t_run-1_T1w.nii.gz,ok,88,0.386,0.657,4.58,0.957,1.006,1.132,1.0,1.0,1.0,0.716,0,,,,,43.1
sub-49,sub-49_ses-mri3t_run-1_T1w.nii.gz,ok,112,0.582,0.823,3.06,0.999,1.119,1.232,0.92,1.0,0.92,1.0,0,,,,,29.4
sub-50,sub-50_ses-mri3t_run-1_T1w.nii.gz,ok,76,0.495,0.754,2.2,0.997,1.084,1.235,0.961,0.987,0.961,1.0,0,,,,,28.8
sub-51,sub-51_ses-mri3t_run-1_T1w.nii.gz,ok,80,0.109,0.253,1.68,0.925,0.775,1.325,0.237,0.188,0.237,0.812,0,,,,,24.8
sub-54,sub-54_ses-mri3t_run-1_T1w.nii.gz,ok,74,0.27,0.602,3.38,0.993,1.058,1.454,0.554,0.622,0.554,0.797,0,,,,,25.3
sub-55,sub-55_ses-mri3t_run-1_T1w.nii.gz,ok,96,0.508,0.705,3.46,0.988,1.072,1.195,0.99,0.823,0.99,0.938,0,,,,,19.8
sub-57,sub-57_ses-mri3t_run-1_T1w.nii.gz,ok,64,0.47,0.709,3.95,0.969,1.02,1.215,0.984,0.906,0.984,0.359,0,,,,,23.9
sub-58,sub-58_ses-mri3t_run-1_T1w.nii.gz,ok,112,0.597,0.803,2.84,0.995,1.102,1.333,0.92,0.964,0.92,0.893,0,,,,,24.7
sub-59,sub-59_ses-mri3t_run-1_T1w.nii.gz,ok,64,0.532,0.733,3.24,0.978,1.023,1.171,1.0,0.906,1.0,1.0,0,,,,,30.5
sub-60,sub-60_ses-mri3t_run-1_T1w.nii.gz,ok,120,0.5,0.729,3.31,0.907,0.946,1.102,1.0,0.975,1.0,0.558,0,,,,,20.4
sub-61,sub-61_ses-mri3t_run-1_T1w.nii.gz,ok,64,0.53,0.698,5.12,0.987,1.094,1.252,1.0,0.656,1.0,0.953,0,,,,,22.3
sub-63,sub-63_ses-mri3t_run-1_T1w.nii.gz,ok,70,0.394,0.697,3.45,0.999,1.104,1.258,0.386,0.643,0.386,0.357,0,,,,,22.6
