band,montage,kind,metric,n_SF,n_rec,value,auc,lo,hi,p
ripple,bipolar,outcome,top_channel_resected,13,7,,0.7472527472527473,0.5274725274725275,0.9340659340659341,0.07159442724458204
ripple,bipolar,outcome,top3_resected,13,7,,0.6978021978021978,0.42857142857142855,0.9230769230769231,0.1608875128998968
ripple,bipolar,outcome,share_in_rz,13,7,,0.5274725274725275,0.25274725274725274,0.7914835164835174,0.8772961816305469
ripple,bipolar,outcome,candidates_resected,13,7,,0.6483516483516484,0.3956043956043956,0.8681318681318682,0.31051341589267284
ripple,bipolar,agreement,spearman_rho,13,7,0.5362398460437849,,,,
ripple,bipolar,agreement,top5_overlap,13,7,2.8600000000000003,,,,
ripple,bipolar,agreement,precision,13,7,0.4960173004096161,,,,
ripple,bipolar,agreement,recall,13,7,0.41959869463193583,,,,
ripple,bipolar,agreement,f1,13,7,0.4215244337492983,,,,
ripple,bipolar,agreement,rho_vs_bipolar,13,7,1.0,,,,
ripple,referential,outcome,top_channel_resected,13,7,,0.6813186813186813,0.4175824175824176,0.9230769230769231,0.1754514963880289
ripple,referential,outcome,top3_resected,13,7,,0.6098901098901099,0.3295329670329671,0.8681318681318682,0.44784571723426214
ripple,referential,outcome,share_in_rz,13,7,,0.42857142857142855,0.18681318681318682,0.6923076923076923,0.6426470588235295
ripple,referential,outcome,candidates_resected,13,7,,0.5054945054945055,0.21978021978021978,0.7912087912087912,1.0
ripple,referential,agreement,spearman_rho,13,7,0.3016738354494414,,,,
ripple,referential,agreement,top5_overlap,13,7,2.07,,,,
ripple,referential,agreement,precision,13,7,0.3409000364042523,,,,
ripple,referential,agreement,recall,13,7,0.4174965456006122,,,,
ripple,referential,agreement,f1,13,7,0.3361430028669024,,,,
ripple,referential,agreement,rho_vs_bipolar,13,7,0.5660545314671303,,,,
ripple,average,outcome,top_channel_resected,13,7,,0.7637362637362637,0.5274725274725275,0.9615384615384616,0.04615583075335397
ripple,average,outcome,top3_resected,13,7,,0.6318681318681318,0.37362637362637363,0.8736263736263736,0.35647574819401445
ripple,average,outcome,share_in_rz,13,7,,0.4835164835164835,0.21978021978021978,0.7472527472527473,0.9384674922600619
ripple,average,outcome,candidates_resected,13,7,,0.6263736263736264,0.34065934065934067,0.8791208791208791,0.38213364293085655
ripple,average,agreement,spearman_rho,13,7,0.381383984114236,,,,
ripple,average,agreement,top5_overlap,13,7,2.07,,,,
ripple,average,agreement,precision,13,7,0.3518294444692315,,,,
ripple,average,agreement,recall,13,7,0.5393658930632468,,,,
ripple,average,agreement,f1,13,7,0.3934929065816699,,,,
ripple,average,agreement,rho_vs_bipolar,13,7,0.7115938663736607,,,,
fast_ripple,bipolar,outcome,top_channel_resected,13,7,,0.7527472527472527,0.5273351648351648,0.945054945054945,0.03849329205366357
fast_ripple,bipolar,outcome,top3_resected,13,7,,0.6538461538461539,0.3626373626373626,0.9120879120879121,0.2793859649122807
fast_ripple,bipolar,outcome,share_in_rz,13,7,,0.7142857142857143,0.45604395604395603,0.9230769230769231,0.13000515995872033
fast_ripple,bipolar,outcome,candidates_resected,13,7,,0.5769230769230769,0.2857142857142857,0.8298076923076929,0.6004514963880289
fast_ripple,bipolar,agreement,spearman_rho,13,7,0.5585150602350294,,,,
fast_ripple,bipolar,agreement,top5_overlap,13,7,3.6599999999999993,,,,
fast_ripple,bipolar,agreement,precision,13,7,0.5780756098030182,,,,
fast_ripple,bipolar,agreement,recall,13,7,0.22488309670437964,,,,
fast_ripple,bipolar,agreement,f1,13,7,0.294960671152418,,,,
fast_ripple,bipolar,agreement,rho_vs_bipolar,13,7,1.0,,,,
fast_ripple,referential,outcome,top_channel_resected,13,7,,0.6153846153846154,0.32967032967032966,0.8681318681318682,0.41102941176470587
fast_ripple,referential,outcome,top3_resected,13,7,,0.5659340659340659,0.29120879120879123,0.8243131868131873,0.6564241486068112
fast_ripple,referential,outcome,share_in_rz,13,7,,0.5604395604395604,0.27472527472527475,0.8351648351648352,0.6991744066047472
fast_ripple,referential,outcome,candidates_resected,13,7,,0.3791208791208791,0.13186813186813187,0.6373626373626373,0.4036377708978328
fast_ripple,referential,agreement,spearman_rho,13,7,0.32689810656757334,,,,
fast_ripple,referential,agreement,top5_overlap,13,7,2.66,,,,
fast_ripple,referential,agreement,precision,13,7,0.4830338304808782,,,,
fast_ripple,referential,agreement,recall,13,7,0.19483146690925407,,,,
fast_ripple,referential,agreement,f1,13,7,0.2346266173208213,,,,
fast_ripple,referential,agreement,rho_vs_bipolar,13,7,0.5469449813656084,,,,
fast_ripple,average,outcome,top_channel_resected,13,7,,0.7197802197802198,0.46703296703296704,0.9175824175824175,0.10567595459236326
fast_ripple,average,outcome,top3_resected,13,7,,0.6263736263736264,0.34615384615384615,0.8736263736263736,0.3785345717234262
fast_ripple,average,outcome,share_in_rz,13,7,,0.5494505494505495,0.27472527472527475,0.8131868131868132,0.7573013415892673
fast_ripple,average,outcome,candidates_resected,13,7,,0.532967032967033,0.26373626373626374,0.7913461538461544,0.8321465428276574
fast_ripple,average,agreement,spearman_rho,13,7,0.35279872922365957,,,,
fast_ripple,average,agreement,top5_overlap,13,7,2.85,,,,
fast_ripple,average,agreement,precision,13,7,0.38378742069086835,,,,
fast_ripple,average,agreement,recall,13,7,0.32381147601507304,,,,
fast_ripple,average,agreement,f1,13,7,0.3229824021845848,,,,
fast_ripple,average,agreement,rho_vs_bipolar,13,7,0.6261420096372845,,,,
