band,metric,rule,stricter_x,n_SF,n_rec,auc,lo,hi,p
fast_ripple,top_channel_resected,plain,,13,7,0.7527472527472527,0.5273351648351648,0.945054945054945,0.03849329205366357
fast_ripple,top_channel_resected,multiplied,1.25,11,7,0.6688311688311688,0.4025974025974026,0.9090909090909091,0.21266968325791855
fast_ripple,top_channel_resected,multiplied,1.5,11,7,0.6688311688311688,0.4025974025974026,0.9090909090909091,0.21266968325791855
fast_ripple,top_channel_resected,multiplied,2.0,9,6,0.5277777777777778,0.25925925925925924,0.7870370370370371,0.8881118881118881
fast_ripple,top3_resected,plain,,13,7,0.6538461538461539,0.3626373626373626,0.9120879120879121,0.2793859649122807
fast_ripple,top3_resected,multiplied,1.25,11,7,0.6298701298701299,0.2857142857142857,0.935064935064935,0.38439542483660133
fast_ripple,top3_resected,multiplied,1.5,11,7,0.5974025974025974,0.2662337662337662,0.9155844155844156,0.5153343388637506
fast_ripple,top3_resected,multiplied,2.0,9,6,0.5555555555555556,0.24074074074074073,0.8518518518518519,0.753046953046953
fast_ripple,share_in_rz,plain,,13,7,0.7142857142857143,0.45604395604395603,0.9230769230769231,0.13000515995872033
fast_ripple,share_in_rz,multiplied,1.25,11,7,0.7272727272727273,0.44155844155844154,0.948051948051948,0.1190296631473102
fast_ripple,share_in_rz,multiplied,1.5,11,7,0.7272727272727273,0.42857142857142855,0.948051948051948,0.1190296631473102
fast_ripple,share_in_rz,multiplied,2.0,9,6,0.6574074074074074,0.3425925925925926,0.8981481481481481,0.3436563436563437
fast_ripple,tied_set_argmax_resected,plain,,13,7,0.6868131868131868,0.44491758241758245,0.9065934065934066,0.15356037151702787
fast_ripple,tied_set_argmax_resected,multiplied,1.25,13,7,0.6428571428571429,0.3956043956043956,0.8846153846153846,0.2723426212590299
fast_ripple,tied_set_argmax_resected,multiplied,1.5,13,7,0.6263736263736264,0.37348901098901105,0.8681318681318682,0.3593266253869969
fast_ripple,tied_set_argmax_resected,multiplied,2.0,13,7,0.6153846153846154,0.3516483516483517,0.8461538461538461,0.4104102167182663
ripple,top_channel_resected,plain,,13,7,0.7472527472527473,0.5274725274725275,0.9340659340659341,0.07159442724458204
ripple,top_channel_resected,multiplied,1.25,13,7,0.8131868131868132,0.6153846153846154,0.9671703296703302,0.019246646026831786
ripple,top_channel_resected,multiplied,1.5,13,7,0.7857142857142857,0.5384615384615384,0.978021978021978,0.03859649122807018
ripple,top_channel_resected,multiplied,2.0,13,7,0.8241758241758241,0.5769230769230769,1.0,0.016460268317853455
ripple,top3_resected,plain,,13,7,0.6978021978021978,0.42857142857142855,0.9230769230769231,0.1608875128998968
ripple,top3_resected,multiplied,1.25,13,7,0.6868131868131868,0.42857142857142855,0.9065934065934066,0.18486842105263157
ripple,top3_resected,multiplied,1.5,13,7,0.7252747252747253,0.43956043956043955,0.967032967032967,0.1096749226006192
ripple,top3_resected,multiplied,2.0,13,7,0.7252747252747253,0.46153846153846156,0.945054945054945,0.10926212590299278
ripple,share_in_rz,plain,,13,7,0.5274725274725275,0.25274725274725274,0.7914835164835174,0.8772961816305469
ripple,share_in_rz,multiplied,1.25,13,7,0.5274725274725275,0.26373626373626374,0.7912087912087912,0.8772961816305469
ripple,share_in_rz,multiplied,1.5,13,7,0.5604395604395604,0.2967032967032967,0.8241758241758241,0.6991744066047472
ripple,share_in_rz,multiplied,2.0,13,7,0.6373626373626373,0.3516483516483517,0.8901098901098901,0.3506965944272446
ripple,tied_set_argmax_resected,plain,,13,7,0.7362637362637363,0.510989010989011,0.9285714285714286,0.08630030959752322
ripple,tied_set_argmax_resected,multiplied,1.25,13,7,0.8296703296703297,0.6373626373626373,0.989010989010989,0.014099587203302373
ripple,tied_set_argmax_resected,multiplied,1.5,13,7,0.8131868131868132,0.5769230769230769,0.989010989010989,0.019478844169246647
ripple,tied_set_argmax_resected,multiplied,2.0,13,7,0.8021978021978022,0.5604395604395604,1.0,0.02303921568627451
