band,subject,window,population,n_events,n_events_resected,n_events_partial,n_events_spared,share_in_rz,share_in_rz_incl_partial,top_channel_resected,n_candidates,candidates_resected,candidates_all_resected,leader_alone
ripple,sub-01,0,spike_coupled,135.0,129.0,0.0,6.0,0.9555555555555556,0.9555555555555556,1.0,9,1.0,1.0,0.0
ripple,sub-01,0,independent,756.0,321.0,0.0,435.0,0.4246031746031746,0.4246031746031746,1.0,4,0.5,0.0,0.0
ripple,sub-01,0,merged,891.0,450.0,0.0,441.0,0.5050505050505051,0.5050505050505051,1.0,2,1.0,1.0,0.0
ripple,sub-01,1,spike_coupled,115.0,109.0,0.0,6.0,0.9478260869565216,0.9478260869565216,1.0,8,1.0,1.0,0.0
ripple,sub-01,1,independent,788.0,329.0,0.0,459.0,0.4175126903553299,0.4175126903553299,1.0,5,0.4,0.0,0.0
ripple,sub-01,1,merged,903.0,438.0,0.0,465.0,0.4850498338870432,0.4850498338870432,1.0,2,1.0,1.0,0.0
ripple,sub-01,2,spike_coupled,130.0,119.0,0.0,11.0,0.9153846153846154,0.9153846153846154,1.0,8,1.0,1.0,0.0
ripple,sub-01,2,independent,785.0,314.0,0.0,471.0,0.4,0.4,1.0,6,0.3333333333333333,0.0,0.0
ripple,sub-01,2,merged,915.0,433.0,0.0,482.0,0.473224043715847,0.473224043715847,1.0,4,0.5,0.0,0.0
ripple,sub-01,3,spike_coupled,93.0,91.0,0.0,2.0,0.978494623655914,0.978494623655914,1.0,9,1.0,1.0,0.0
ripple,sub-01,3,independent,787.0,315.0,0.0,472.0,0.4002541296060991,0.4002541296060991,1.0,10,0.3,0.0,0.0
ripple,sub-01,3,merged,880.0,406.0,0.0,474.0,0.4613636363636363,0.4613636363636363,1.0,4,0.75,0.0,0.0
ripple,sub-01,4,spike_coupled,148.0,143.0,0.0,5.0,0.9662162162162162,0.9662162162162162,1.0,8,1.0,1.0,0.0
ripple,sub-01,4,independent,838.0,325.0,0.0,513.0,0.3878281622911694,0.3878281622911694,1.0,12,0.3333333333333333,0.0,0.0
ripple,sub-01,4,merged,986.0,468.0,0.0,518.0,0.4746450304259635,0.4746450304259635,1.0,6,0.6666666666666666,0.0,0.0
ripple,sub-02,0,spike_coupled,30.0,14.0,0.0,16.0,0.4666666666666667,0.4666666666666667,0.0,6,0.5,0.0,0.0
ripple,sub-02,0,independent,183.0,143.0,0.0,40.0,0.7814207650273224,0.7814207650273224,1.0,1,1.0,1.0,1.0
ripple,sub-02,0,merged,213.0,157.0,0.0,56.0,0.7370892018779343,0.7370892018779343,1.0,1,1.0,1.0,1.0
ripple,sub-02,1,spike_coupled,35.0,15.0,0.0,20.0,0.4285714285714285,0.4285714285714285,0.0,6,0.5,0.0,0.0
ripple,sub-02,1,independent,200.0,166.0,0.0,34.0,0.83,0.83,1.0,1,1.0,1.0,1.0
ripple,sub-02,1,merged,235.0,181.0,0.0,54.0,0.7702127659574468,0.7702127659574468,1.0,1,1.0,1.0,1.0
ripple,sub-02,2,spike_coupled,32.0,9.0,0.0,23.0,0.28125,0.28125,0.0,4,0.25,0.0,0.0
ripple,sub-02,2,independent,204.0,166.0,0.0,38.0,0.8137254901960784,0.8137254901960784,1.0,1,1.0,1.0,1.0
ripple,sub-02,2,merged,236.0,175.0,0.0,61.0,0.7415254237288136,0.7415254237288136,1.0,1,1.0,1.0,1.0
ripple,sub-02,3,spike_coupled,32.0,15.0,0.0,17.0,0.46875,0.46875,1.0,5,0.4,0.0,0.0
ripple,sub-02,3,independent,185.0,159.0,0.0,26.0,0.8594594594594595,0.8594594594594595,1.0,1,1.0,1.0,1.0
ripple,sub-02,3,merged,217.0,174.0,0.0,43.0,0.8018433179723502,0.8018433179723502,1.0,1,1.0,1.0,1.0
ripple,sub-02,4,spike_coupled,24.0,12.0,0.0,12.0,0.5,0.5,0.0,6,0.5,0.0,0.0
ripple,sub-02,4,independent,191.0,158.0,0.0,33.0,0.8272251308900523,0.8272251308900523,1.0,1,1.0,1.0,1.0
ripple,sub-02,4,merged,215.0,170.0,0.0,45.0,0.7906976744186046,0.7906976744186046,1.0,1,1.0,1.0,1.0
ripple,sub-03,0,spike_coupled,30.0,7.0,0.0,23.0,0.2333333333333333,0.2333333333333333,0.0,3,0.3333333333333333,0.0,0.0
ripple,sub-03,0,independent,425.0,214.0,0.0,211.0,0.5035294117647059,0.5035294117647059,0.0,3,0.0,0.0,0.0
ripple,sub-03,0,merged,455.0,221.0,0.0,234.0,0.4857142857142857,0.4857142857142857,0.0,3,0.0,0.0,0.0
ripple,sub-03,1,spike_coupled,41.0,31.0,0.0,10.0,0.7560975609756098,0.7560975609756098,1.0,1,1.0,1.0,1.0
ripple,sub-03,1,independent,468.0,238.0,0.0,230.0,0.5085470085470085,0.5085470085470085,0.0,3,0.0,0.0,0.0
ripple,sub-03,1,merged,509.0,269.0,0.0,240.0,0.5284872298624754,0.5284872298624754,0.0,4,0.25,0.0,0.0
ripple,sub-03,2,spike_coupled,30.0,8.0,0.0,22.0,0.2666666666666666,0.2666666666666666,0.0,1,0.0,0.0,1.0
ripple,sub-03,2,independent,421.0,211.0,0.0,210.0,0.501187648456057,0.501187648456057,0.0,4,0.25,0.0,0.0
ripple,sub-03,2,merged,451.0,219.0,0.0,232.0,0.4855875831485587,0.4855875831485587,0.0,4,0.25,0.0,0.0
ripple,sub-03,3,spike_coupled,44.0,23.0,0.0,21.0,0.5227272727272727,0.5227272727272727,1.0,11,0.7272727272727273,0.0,0.0
ripple,sub-03,3,independent,407.0,211.0,0.0,196.0,0.5184275184275184,0.5184275184275184,0.0,3,0.0,0.0,0.0
ripple,sub-03,3,merged,451.0,234.0,0.0,217.0,0.5188470066518847,0.5188470066518847,0.0,4,0.25,0.0,0.0
ripple,sub-03,4,spike_coupled,34.0,19.0,0.0,15.0,0.5588235294117647,0.5588235294117647,1.0,2,0.5,0.0,0.0
ripple,sub-03,4,independent,453.0,241.0,0.0,212.0,0.5320088300220751,0.5320088300220751,0.0,5,0.4,0.0,0.0
ripple,sub-03,4,merged,487.0,260.0,0.0,227.0,0.5338809034907598,0.5338809034907598,0.0,4,0.25,0.0,0.0
ripple,sub-04,0,spike_coupled,42.0,36.0,0.0,6.0,0.8571428571428571,0.8571428571428571,1.0,12,0.6666666666666666,0.0,0.0
ripple,sub-04,0,independent,698.0,243.0,0.0,455.0,0.3481375358166189,0.3481375358166189,0.0,5,0.0,0.0,0.0
ripple,sub-04,0,merged,740.0,279.0,0.0,461.0,0.377027027027027,0.377027027027027,0.0,6,0.1666666666666666,0.0,0.0
ripple,sub-04,1,spike_coupled,42.0,40.0,0.0,2.0,0.9523809523809524,0.9523809523809524,1.0,10,0.8,0.0,0.0
ripple,sub-04,1,independent,703.0,260.0,0.0,443.0,0.3698435277382645,0.3698435277382645,0.0,6,0.1666666666666666,0.0,0.0
ripple,sub-04,1,merged,745.0,300.0,0.0,445.0,0.4026845637583892,0.4026845637583892,0.0,6,0.1666666666666666,0.0,0.0
ripple,sub-04,2,spike_coupled,50.0,42.0,0.0,8.0,0.84,0.84,1.0,7,0.8571428571428571,0.0,0.0
ripple,sub-04,2,independent,658.0,220.0,0.0,438.0,0.3343465045592705,0.3343465045592705,0.0,6,0.0,0.0,0.0
ripple,sub-04,2,merged,708.0,262.0,0.0,446.0,0.3700564971751412,0.3700564971751412,0.0,7,0.1428571428571428,0.0,0.0
ripple,sub-04,3,spike_coupled,110.0,109.0,0.0,1.0,0.990909090909091,0.990909090909091,1.0,6,1.0,1.0,0.0
ripple,sub-04,3,independent,785.0,434.0,0.0,351.0,0.5528662420382165,0.5528662420382165,1.0,9,0.4444444444444444,0.0,0.0
ripple,sub-04,3,merged,895.0,543.0,0.0,352.0,0.6067039106145251,0.6067039106145251,1.0,5,0.8,0.0,0.0
ripple,sub-04,4,spike_coupled,66.0,66.0,0.0,0.0,1.0,1.0,1.0,4,1.0,1.0,0.0
ripple,sub-04,4,independent,943.0,548.0,0.0,395.0,0.5811240721102863,0.5811240721102863,1.0,3,1.0,1.0,0.0
ripple,sub-04,4,merged,1009.0,614.0,0.0,395.0,0.6085232903865213,0.6085232903865213,1.0,4,1.0,1.0,0.0
ripple,sub-05,0,spike_coupled,10.0,2.0,0.0,8.0,0.2,0.2,0.0,6,0.5,0.0,0.0
ripple,sub-05,0,independent,98.0,73.0,0.0,25.0,0.7448979591836735,0.7448979591836735,1.0,3,1.0,1.0,0.0
ripple,sub-05,0,merged,108.0,75.0,0.0,33.0,0.6944444444444444,0.6944444444444444,1.0,3,1.0,1.0,0.0
ripple,sub-05,1,spike_coupled,17.0,3.0,0.0,14.0,0.1764705882352941,0.1764705882352941,0.0,6,0.5,0.0,0.0
ripple,sub-05,1,independent,112.0,81.0,0.0,31.0,0.7232142857142857,0.7232142857142857,1.0,3,1.0,1.0,0.0
ripple,sub-05,1,merged,129.0,84.0,0.0,45.0,0.6511627906976745,0.6511627906976745,1.0,5,0.6,0.0,0.0
ripple,sub-05,2,spike_coupled,17.0,4.0,0.0,13.0,0.2352941176470588,0.2352941176470588,0.0,6,0.5,0.0,0.0
ripple,sub-05,2,independent,107.0,85.0,0.0,22.0,0.794392523364486,0.794392523364486,1.0,3,1.0,1.0,0.0
ripple,sub-05,2,merged,124.0,89.0,0.0,35.0,0.717741935483871,0.717741935483871,1.0,3,1.0,1.0,0.0
ripple,sub-05,3,spike_coupled,20.0,4.0,0.0,16.0,0.2,0.2,0.0,5,0.4,0.0,0.0
ripple,sub-05,3,independent,109.0,78.0,0.0,31.0,0.7155963302752294,0.7155963302752294,1.0,3,1.0,1.0,0.0
ripple,sub-05,3,merged,129.0,82.0,0.0,47.0,0.6356589147286822,0.6356589147286822,1.0,4,0.75,0.0,0.0
ripple,sub-05,4,spike_coupled,2.0,0.0,0.0,2.0,0.0,0.0,0.0,6,0.5,0.0,0.0
ripple,sub-05,4,independent,24.0,18.0,0.0,6.0,0.75,0.75,1.0,6,0.5,0.0,0.0
ripple,sub-05,4,merged,26.0,18.0,0.0,8.0,0.6923076923076923,0.6923076923076923,1.0,6,0.5,0.0,0.0
ripple,sub-06,0,spike_coupled,25.0,21.0,0.0,4.0,0.84,0.84,1.0,2,1.0,1.0,0.0
ripple,sub-06,0,independent,152.0,102.0,0.0,50.0,0.6710526315789473,0.6710526315789473,1.0,2,1.0,1.0,0.0
ripple,sub-06,0,merged,177.0,123.0,0.0,54.0,0.6949152542372882,0.6949152542372882,1.0,2,1.0,1.0,0.0
ripple,sub-06,1,spike_coupled,31.0,23.0,0.0,8.0,0.7419354838709677,0.7419354838709677,1.0,4,0.75,0.0,0.0
ripple,sub-06,1,independent,148.0,88.0,0.0,60.0,0.5945945945945946,0.5945945945945946,1.0,2,1.0,1.0,0.0
ripple,sub-06,1,merged,179.0,111.0,0.0,68.0,0.6201117318435754,0.6201117318435754,1.0,2,1.0,1.0,0.0
ripple,sub-06,2,spike_coupled,26.0,19.0,0.0,7.0,0.7307692307692307,0.7307692307692307,1.0,4,0.75,0.0,0.0
ripple,sub-06,2,independent,134.0,93.0,0.0,41.0,0.6940298507462687,0.6940298507462687,1.0,2,1.0,1.0,0.0
ripple,sub-06,2,merged,160.0,112.0,0.0,48.0,0.7,0.7,1.0,2,1.0,1.0,0.0
ripple,sub-06,3,spike_coupled,28.0,17.0,0.0,11.0,0.6071428571428571,0.6071428571428571,1.0,2,0.5,0.0,0.0
ripple,sub-06,3,independent,140.0,85.0,0.0,55.0,0.6071428571428571,0.6071428571428571,1.0,3,0.6666666666666666,0.0,0.0
ripple,sub-06,3,merged,168.0,102.0,0.0,66.0,0.6071428571428571,0.6071428571428571,1.0,3,0.6666666666666666,0.0,0.0
ripple,sub-06,4,spike_coupled,22.0,21.0,0.0,1.0,0.9545454545454546,0.9545454545454546,1.0,4,0.75,0.0,0.0
ripple,sub-06,4,independent,138.0,82.0,0.0,56.0,0.5942028985507246,0.5942028985507246,1.0,3,0.6666666666666666,0.0,0.0
ripple,sub-06,4,merged,160.0,103.0,0.0,57.0,0.64375,0.64375,1.0,3,0.6666666666666666,0.0,0.0
ripple,sub-07,0,spike_coupled,10.0,6.0,0.0,4.0,0.6,0.6,0.0,6,0.5,0.0,0.0
ripple,sub-07,0,independent,65.0,33.0,0.0,32.0,0.5076923076923077,0.5076923076923077,0.0,5,0.6,0.0,0.0
ripple,sub-07,0,merged,75.0,39.0,0.0,36.0,0.52,0.52,0.0,5,0.6,0.0,0.0
ripple,sub-07,1,spike_coupled,16.0,5.0,0.0,11.0,0.3125,0.3125,0.0,6,0.5,0.0,0.0
ripple,sub-07,1,independent,67.0,33.0,0.0,34.0,0.4925373134328358,0.4925373134328358,0.0,5,0.6,0.0,0.0
ripple,sub-07,1,merged,83.0,38.0,0.0,45.0,0.4578313253012048,0.4578313253012048,0.0,6,0.5,0.0,0.0
ripple,sub-07,2,spike_coupled,22.0,5.0,0.0,17.0,0.2272727272727272,0.2272727272727272,0.0,6,0.5,0.0,0.0
ripple,sub-07,2,independent,105.0,38.0,0.0,67.0,0.3619047619047619,0.3619047619047619,0.0,1,0.0,0.0,1.0
ripple,sub-07,2,merged,127.0,43.0,0.0,84.0,0.3385826771653543,0.3385826771653543,0.0,1,0.0,0.0,1.0
ripple,sub-07,3,spike_coupled,15.0,8.0,0.0,7.0,0.5333333333333333,0.5333333333333333,1.0,6,0.5,0.0,0.0
ripple,sub-07,3,independent,75.0,29.0,0.0,46.0,0.3866666666666666,0.3866666666666666,0.0,4,0.25,0.0,0.0
ripple,sub-07,3,merged,90.0,37.0,0.0,53.0,0.4111111111111111,0.4111111111111111,0.0,3,0.3333333333333333,0.0,0.0
ripple,sub-07,4,spike_coupled,15.0,7.0,0.0,8.0,0.4666666666666667,0.4666666666666667,1.0,6,0.5,0.0,0.0
ripple,sub-07,4,independent,86.0,36.0,0.0,50.0,0.4186046511627907,0.4186046511627907,0.0,3,0.3333333333333333,0.0,0.0
ripple,sub-07,4,merged,101.0,43.0,0.0,58.0,0.4257425742574257,0.4257425742574257,0.0,3,0.3333333333333333,0.0,0.0
ripple,sub-08,0,spike_coupled,0.0,0.0,0.0,0.0,,,,0,,,
ripple,sub-08,0,independent,201.0,24.0,0.0,177.0,0.1194029850746268,0.1194029850746268,0.0,2,0.0,0.0,0.0
ripple,sub-08,0,merged,201.0,24.0,0.0,177.0,0.1194029850746268,0.1194029850746268,0.0,2,0.0,0.0,0.0
ripple,sub-08,1,spike_coupled,0.0,0.0,0.0,0.0,,,,0,,,
ripple,sub-08,1,independent,104.0,31.0,0.0,73.0,0.2980769230769231,0.2980769230769231,0.0,1,0.0,0.0,1.0
ripple,sub-08,1,merged,104.0,31.0,0.0,73.0,0.2980769230769231,0.2980769230769231,0.0,1,0.0,0.0,1.0
ripple,sub-08,2,spike_coupled,0.0,0.0,0.0,0.0,,,,0,,,
ripple,sub-08,2,independent,41.0,22.0,0.0,19.0,0.5365853658536586,0.5365853658536586,1.0,6,0.5,0.0,0.0
ripple,sub-08,2,merged,41.0,22.0,0.0,19.0,0.5365853658536586,0.5365853658536586,1.0,6,0.5,0.0,0.0
ripple,sub-08,3,spike_coupled,0.0,0.0,0.0,0.0,,,,0,,,
ripple,sub-08,3,independent,47.0,19.0,0.0,28.0,0.4042553191489361,0.4042553191489361,0.0,6,0.5,0.0,0.0
ripple,sub-08,3,merged,47.0,19.0,0.0,28.0,0.4042553191489361,0.4042553191489361,0.0,6,0.5,0.0,0.0
ripple,sub-08,4,spike_coupled,0.0,0.0,0.0,0.0,,,,0,,,
ripple,sub-08,4,independent,66.0,21.0,0.0,45.0,0.3181818181818182,0.3181818181818182,0.0,5,0.4,0.0,0.0
ripple,sub-08,4,merged,66.0,21.0,0.0,45.0,0.3181818181818182,0.3181818181818182,0.0,5,0.4,0.0,0.0
ripple,sub-09,0,spike_coupled,158.0,75.0,0.0,83.0,0.4746835443037974,0.4746835443037974,1.0,13,0.4615384615384615,0.0,0.0
ripple,sub-09,0,independent,561.0,234.0,0.0,327.0,0.4171122994652406,0.4171122994652406,0.0,2,0.5,0.0,0.0
ripple,sub-09,0,merged,719.0,309.0,0.0,410.0,0.4297635605006954,0.4297635605006954,0.0,3,0.3333333333333333,0.0,0.0
ripple,sub-09,1,spike_coupled,239.0,193.0,0.0,46.0,0.8075313807531381,0.8075313807531381,1.0,2,1.0,1.0,0.0
ripple,sub-09,1,independent,826.0,453.0,0.0,373.0,0.5484261501210653,0.5484261501210653,1.0,6,0.6666666666666666,0.0,0.0
ripple,sub-09,1,merged,1065.0,646.0,0.0,419.0,0.6065727699530516,0.6065727699530516,1.0,5,0.8,0.0,0.0
ripple,sub-09,2,spike_coupled,291.0,216.0,0.0,75.0,0.7422680412371134,0.7422680412371134,1.0,2,1.0,1.0,0.0
ripple,sub-09,2,independent,1004.0,622.0,0.0,382.0,0.6195219123505976,0.6195219123505976,1.0,7,0.8571428571428571,0.0,0.0
ripple,sub-09,2,merged,1295.0,838.0,0.0,457.0,0.6471042471042471,0.6471042471042471,1.0,5,1.0,1.0,0.0
ripple,sub-09,3,spike_coupled,252.0,196.0,0.0,56.0,0.7777777777777778,0.7777777777777778,1.0,1,1.0,1.0,1.0
ripple,sub-09,3,independent,899.0,501.0,0.0,398.0,0.557285873192436,0.557285873192436,1.0,6,0.6666666666666666,0.0,0.0
ripple,sub-09,3,merged,1151.0,697.0,0.0,454.0,0.6055603822762815,0.6055603822762815,1.0,6,0.8333333333333334,0.0,0.0
ripple,sub-09,4,spike_coupled,245.0,177.0,0.0,68.0,0.7224489795918367,0.7224489795918367,1.0,3,1.0,1.0,0.0
ripple,sub-09,4,independent,889.0,509.0,0.0,380.0,0.5725534308211474,0.5725534308211474,1.0,6,0.8333333333333334,0.0,0.0
ripple,sub-09,4,merged,1134.0,686.0,0.0,448.0,0.6049382716049383,0.6049382716049383,1.0,5,0.8,0.0,0.0
ripple,sub-10,0,spike_coupled,13.0,1.0,0.0,12.0,0.0769230769230769,0.0769230769230769,0.0,34,0.088235294117647,0.0,0.0
ripple,sub-10,0,independent,1367.0,156.0,0.0,1211.0,0.1141185076810534,0.1141185076810534,0.0,16,0.1875,0.0,0.0
ripple,sub-10,0,merged,1380.0,157.0,0.0,1223.0,0.1137681159420289,0.1137681159420289,0.0,16,0.1875,0.0,0.0
ripple,sub-10,1,spike_coupled,48.0,5.0,0.0,43.0,0.1041666666666666,0.1041666666666666,0.0,2,0.0,0.0,0.0
ripple,sub-10,1,independent,1358.0,134.0,0.0,1224.0,0.0986745213549337,0.0986745213549337,0.0,18,0.1666666666666666,0.0,0.0
ripple,sub-10,1,merged,1406.0,139.0,0.0,1267.0,0.0988620199146514,0.0988620199146514,0.0,14,0.1428571428571428,0.0,0.0
ripple,sub-10,2,spike_coupled,33.0,3.0,0.0,30.0,0.0909090909090909,0.0909090909090909,0.0,8,0.125,0.0,0.0
ripple,sub-10,2,independent,1435.0,166.0,0.0,1269.0,0.1156794425087108,0.1156794425087108,0.0,13,0.2307692307692307,0.0,0.0
ripple,sub-10,2,merged,1468.0,169.0,0.0,1299.0,0.1151226158038147,0.1151226158038147,0.0,12,0.25,0.0,0.0
ripple,sub-10,3,spike_coupled,18.0,0.0,0.0,18.0,0.0,0.0,0.0,34,0.088235294117647,0.0,0.0
ripple,sub-10,3,independent,1312.0,175.0,0.0,1137.0,0.1333841463414634,0.1333841463414634,0.0,13,0.2307692307692307,0.0,0.0
ripple,sub-10,3,merged,1330.0,175.0,0.0,1155.0,0.131578947368421,0.131578947368421,0.0,11,0.2727272727272727,0.0,0.0
ripple,sub-10,4,spike_coupled,39.0,2.0,0.0,37.0,0.0512820512820512,0.0512820512820512,0.0,14,0.1428571428571428,0.0,0.0
ripple,sub-10,4,independent,1406.0,175.0,0.0,1231.0,0.1244665718349928,0.1244665718349928,0.0,13,0.2307692307692307,0.0,0.0
ripple,sub-10,4,merged,1445.0,177.0,0.0,1268.0,0.1224913494809688,0.1224913494809688,0.0,14,0.2142857142857142,0.0,0.0
ripple,sub-11,0,spike_coupled,93.0,8.0,0.0,85.0,0.086021505376344,0.086021505376344,0.0,11,0.0909090909090909,0.0,0.0
ripple,sub-11,0,independent,2945.0,389.0,48.0,2508.0,0.132088285229202,0.1483870967741935,1.0,2,1.0,1.0,0.0
ripple,sub-11,0,merged,3038.0,397.0,48.0,2593.0,0.1306780776826859,0.1464779460171165,1.0,2,1.0,1.0,0.0
ripple,sub-11,1,spike_coupled,106.0,14.0,0.0,92.0,0.1320754716981132,0.1320754716981132,1.0,13,0.0769230769230769,0.0,0.0
ripple,sub-11,1,independent,3104.0,447.0,80.0,2577.0,0.1440077319587628,0.1697809278350515,1.0,2,1.0,1.0,0.0
ripple,sub-11,1,merged,3210.0,461.0,80.0,2669.0,0.143613707165109,0.1685358255451713,1.0,2,1.0,1.0,0.0
ripple,sub-11,2,spike_coupled,74.0,27.0,0.0,47.0,0.3648648648648648,0.3648648648648648,1.0,2,0.5,0.0,0.0
ripple,sub-11,2,independent,2942.0,393.0,59.0,2490.0,0.1335825968728756,0.1536369816451393,1.0,2,1.0,1.0,0.0
ripple,sub-11,2,merged,3016.0,420.0,59.0,2537.0,0.1392572944297082,0.1588196286472148,1.0,2,1.0,1.0,0.0
ripple,sub-11,3,spike_coupled,100.0,15.0,0.0,85.0,0.15,0.15,0.0,15,0.1333333333333333,0.0,0.0
ripple,sub-11,3,independent,3023.0,441.0,81.0,2501.0,0.1458815745947734,0.172676149520344,1.0,2,1.0,1.0,0.0
ripple,sub-11,3,merged,3123.0,456.0,81.0,2586.0,0.1460134486071085,0.1719500480307396,1.0,2,1.0,1.0,0.0
ripple,sub-11,4,spike_coupled,111.0,10.0,2.0,99.0,0.09009009009009,0.1081081081081081,0.0,12,0.1666666666666666,0.0,0.0
ripple,sub-11,4,independent,3016.0,418.0,63.0,2535.0,0.1385941644562334,0.1594827586206896,1.0,2,1.0,1.0,0.0
ripple,sub-11,4,merged,3127.0,428.0,65.0,2634.0,0.1368724016629357,0.1576590981771666,1.0,2,1.0,1.0,0.0
ripple,sub-12,0,spike_coupled,12.0,11.0,0.0,1.0,0.9166666666666666,0.9166666666666666,1.0,37,0.5945945945945946,0.0,0.0
ripple,sub-12,0,independent,1013.0,612.0,130.0,271.0,0.6041461006910168,0.7324777887462981,0.0,22,0.6363636363636364,0.0,0.0
ripple,sub-12,0,merged,1025.0,623.0,130.0,272.0,0.6078048780487805,0.7346341463414634,0.0,23,0.6521739130434783,0.0,0.0
ripple,sub-12,1,spike_coupled,14.0,13.0,1.0,0.0,0.9285714285714286,1.0,1.0,37,0.5945945945945946,0.0,0.0
ripple,sub-12,1,independent,1050.0,612.0,148.0,290.0,0.5828571428571429,0.7238095238095238,0.0,22,0.5,0.0,0.0
ripple,sub-12,1,merged,1064.0,625.0,149.0,290.0,0.5874060150375939,0.7274436090225563,0.0,23,0.5217391304347826,0.0,0.0
ripple,sub-12,2,spike_coupled,2.0,2.0,0.0,0.0,1.0,1.0,1.0,37,0.5945945945945946,0.0,0.0
ripple,sub-12,2,independent,981.0,571.0,139.0,271.0,0.582059123343527,0.7237512742099899,0.0,13,0.5384615384615384,0.0,0.0
ripple,sub-12,2,merged,983.0,573.0,139.0,271.0,0.582909460834181,0.7243133265513734,0.0,14,0.5714285714285714,0.0,0.0
ripple,sub-12,3,spike_coupled,5.0,5.0,0.0,0.0,1.0,1.0,1.0,37,0.5945945945945946,0.0,0.0
ripple,sub-12,3,independent,999.0,579.0,132.0,288.0,0.5795795795795796,0.7117117117117117,0.0,12,0.5,0.0,0.0
ripple,sub-12,3,merged,1004.0,584.0,132.0,288.0,0.5816733067729084,0.7131474103585658,0.0,13,0.5384615384615384,0.0,0.0
ripple,sub-12,4,spike_coupled,8.0,8.0,0.0,0.0,1.0,1.0,1.0,37,0.5945945945945946,0.0,0.0
ripple,sub-12,4,independent,1004.0,573.0,159.0,272.0,0.5707171314741036,0.7290836653386454,0.0,8,0.375,0.0,0.0
ripple,sub-12,4,merged,1012.0,581.0,159.0,272.0,0.5741106719367589,0.7312252964426877,0.0,8,0.375,0.0,0.0
ripple,sub-13,0,spike_coupled,76.0,68.0,0.0,8.0,0.8947368421052632,0.8947368421052632,1.0,2,1.0,1.0,0.0
ripple,sub-13,0,independent,2252.0,309.0,79.0,1864.0,0.1372113676731794,0.172291296625222,1.0,1,1.0,1.0,1.0
ripple,sub-13,0,merged,2328.0,377.0,79.0,1872.0,0.1619415807560137,0.1958762886597938,1.0,2,1.0,1.0,0.0
ripple,sub-13,1,spike_coupled,102.0,96.0,0.0,6.0,0.9411764705882352,0.9411764705882352,1.0,1,1.0,1.0,1.0
ripple,sub-13,1,independent,2182.0,284.0,80.0,1818.0,0.1301558203483043,0.1668194317140238,1.0,1,1.0,1.0,1.0
ripple,sub-13,1,merged,2284.0,380.0,80.0,1824.0,0.1663747810858143,0.201401050788091,1.0,3,1.0,1.0,0.0
ripple,sub-13,2,spike_coupled,90.0,80.0,0.0,10.0,0.8888888888888888,0.8888888888888888,1.0,1,1.0,1.0,1.0
ripple,sub-13,2,independent,2010.0,275.0,61.0,1674.0,0.1368159203980099,0.1671641791044776,1.0,1,1.0,1.0,1.0
ripple,sub-13,2,merged,2100.0,355.0,61.0,1684.0,0.169047619047619,0.1980952380952381,1.0,2,1.0,1.0,0.0
ripple,sub-13,3,spike_coupled,105.0,96.0,0.0,9.0,0.9142857142857144,0.9142857142857144,1.0,1,1.0,1.0,1.0
ripple,sub-13,3,independent,1964.0,255.0,59.0,1650.0,0.1298370672097759,0.159877800407332,1.0,1,1.0,1.0,1.0
ripple,sub-13,3,merged,2069.0,351.0,59.0,1659.0,0.1696471725471242,0.1981633639439342,1.0,2,1.0,1.0,0.0
ripple,sub-13,4,spike_coupled,76.0,71.0,0.0,5.0,0.9342105263157896,0.9342105263157896,1.0,2,1.0,1.0,0.0
ripple,sub-13,4,independent,2010.0,225.0,66.0,1719.0,0.1119402985074626,0.144776119402985,1.0,1,1.0,1.0,1.0
ripple,sub-13,4,merged,2086.0,296.0,66.0,1724.0,0.1418983700862895,0.1735378715244487,1.0,1,1.0,1.0,1.0
ripple,sub-14,0,spike_coupled,13.0,1.0,1.0,11.0,0.0769230769230769,0.1538461538461538,0.0,45,0.0222222222222222,0.0,0.0
ripple,sub-14,0,independent,1550.0,70.0,60.0,1420.0,0.0451612903225806,0.0838709677419354,0.0,12,0.0833333333333333,0.0,0.0
ripple,sub-14,0,merged,1563.0,71.0,61.0,1431.0,0.0454254638515674,0.0844529750479846,0.0,12,0.0833333333333333,0.0,0.0
ripple,sub-14,1,spike_coupled,11.0,0.0,0.0,11.0,0.0,0.0,0.0,45,0.0222222222222222,0.0,0.0
ripple,sub-14,1,independent,1785.0,69.0,59.0,1657.0,0.0386554621848739,0.0717086834733893,0.0,18,0.0555555555555555,0.0,0.0
ripple,sub-14,1,merged,1796.0,69.0,59.0,1668.0,0.0384187082405345,0.0712694877505567,0.0,19,0.0526315789473684,0.0,0.0
ripple,sub-14,2,spike_coupled,12.0,0.0,0.0,12.0,0.0,0.0,0.0,45,0.0222222222222222,0.0,0.0
ripple,sub-14,2,independent,1736.0,84.0,65.0,1587.0,0.0483870967741935,0.0858294930875576,1.0,8,0.125,0.0,0.0
ripple,sub-14,2,merged,1748.0,84.0,65.0,1599.0,0.0480549199084668,0.0852402745995423,1.0,8,0.125,0.0,0.0
ripple,sub-14,3,spike_coupled,9.0,0.0,0.0,9.0,0.0,0.0,0.0,45,0.0222222222222222,0.0,0.0
ripple,sub-14,3,independent,1841.0,72.0,76.0,1693.0,0.0391091797935904,0.0803910917979359,0.0,12,0.0833333333333333,0.0,0.0
ripple,sub-14,3,merged,1850.0,72.0,76.0,1702.0,0.0389189189189189,0.08,0.0,13,0.0769230769230769,0.0,0.0
ripple,sub-14,4,spike_coupled,4.0,0.0,0.0,4.0,0.0,0.0,0.0,45,0.0222222222222222,0.0,0.0
ripple,sub-14,4,independent,589.0,30.0,29.0,530.0,0.0509337860780984,0.100169779286927,0.0,18,0.0555555555555555,0.0,0.0
ripple,sub-14,4,merged,593.0,30.0,29.0,534.0,0.0505902192242833,0.0994940978077571,0.0,18,0.0555555555555555,0.0,0.0
ripple,sub-15,0,spike_coupled,28.0,12.0,0.0,16.0,0.4285714285714285,0.4285714285714285,1.0,4,0.25,0.0,0.0
ripple,sub-15,0,independent,700.0,90.0,71.0,539.0,0.1285714285714285,0.23,0.0,14,0.0714285714285714,0.0,0.0
ripple,sub-15,0,merged,728.0,102.0,71.0,555.0,0.1401098901098901,0.2376373626373626,0.0,16,0.125,0.0,0.0
ripple,sub-15,1,spike_coupled,33.0,14.0,2.0,17.0,0.4242424242424242,0.4848484848484848,1.0,3,0.3333333333333333,0.0,0.0
ripple,sub-15,1,independent,813.0,115.0,70.0,628.0,0.1414514145141451,0.2275522755227552,0.0,5,0.0,0.0,0.0
ripple,sub-15,1,merged,846.0,129.0,72.0,645.0,0.1524822695035461,0.2375886524822695,0.0,7,0.1428571428571428,0.0,0.0
ripple,sub-15,2,spike_coupled,53.0,25.0,2.0,26.0,0.4716981132075472,0.5094339622641509,1.0,3,0.3333333333333333,0.0,0.0
ripple,sub-15,2,independent,764.0,120.0,80.0,564.0,0.1570680628272251,0.2617801047120419,0.0,17,0.1764705882352941,0.0,0.0
ripple,sub-15,2,merged,817.0,145.0,82.0,590.0,0.1774785801713586,0.2778457772337821,1.0,15,0.2,0.0,0.0
ripple,sub-15,3,spike_coupled,34.0,14.0,1.0,19.0,0.4117647058823529,0.4411764705882353,1.0,3,0.3333333333333333,0.0,0.0
ripple,sub-15,3,independent,925.0,146.0,70.0,709.0,0.1578378378378378,0.2335135135135135,0.0,12,0.0833333333333333,0.0,0.0
ripple,sub-15,3,merged,959.0,160.0,71.0,728.0,0.1668404588112617,0.2408759124087591,1.0,10,0.1,0.0,0.0
ripple,sub-15,4,spike_coupled,44.0,16.0,5.0,23.0,0.3636363636363636,0.4772727272727273,1.0,6,0.1666666666666666,0.0,0.0
ripple,sub-15,4,independent,973.0,148.0,91.0,734.0,0.1521068859198355,0.2456320657759506,0.0,7,0.1428571428571428,0.0,0.0
ripple,sub-15,4,merged,1017.0,164.0,96.0,757.0,0.1612586037364798,0.255653883972468,0.0,8,0.125,0.0,0.0
ripple,sub-16,0,spike_coupled,117.0,47.0,4.0,66.0,0.4017094017094017,0.4358974358974359,1.0,9,0.4444444444444444,0.0,0.0
ripple,sub-16,0,independent,2393.0,328.0,74.0,1991.0,0.1370664437944003,0.167989970748015,0.0,14,0.1428571428571428,0.0,0.0
ripple,sub-16,0,merged,2510.0,375.0,78.0,2057.0,0.149402390438247,0.1804780876494024,0.0,18,0.2222222222222222,0.0,0.0
ripple,sub-16,1,spike_coupled,116.0,41.0,4.0,71.0,0.3534482758620689,0.3879310344827586,0.0,8,0.5,0.0,0.0
ripple,sub-16,1,independent,2670.0,394.0,92.0,2184.0,0.147565543071161,0.1820224719101123,0.0,15,0.2,0.0,0.0
ripple,sub-16,1,merged,2786.0,435.0,96.0,2255.0,0.156137832017229,0.1905958363244795,1.0,16,0.25,0.0,0.0
ripple,sub-16,2,spike_coupled,134.0,36.0,17.0,81.0,0.2686567164179104,0.3955223880597014,1.0,9,0.3333333333333333,0.0,0.0
ripple,sub-16,2,independent,2571.0,421.0,80.0,2070.0,0.1637495138078568,0.1948658109684947,0.0,16,0.25,0.0,0.0
ripple,sub-16,2,merged,2705.0,457.0,97.0,2151.0,0.1689463955637708,0.2048059149722735,1.0,14,0.2857142857142857,0.0,0.0
ripple,sub-16,3,spike_coupled,155.0,51.0,15.0,89.0,0.3290322580645161,0.4258064516129032,1.0,10,0.4,0.0,0.0
ripple,sub-16,3,independent,2836.0,447.0,91.0,2298.0,0.1576163610719323,0.1897038081805359,1.0,16,0.25,0.0,0.0
ripple,sub-16,3,merged,2991.0,498.0,106.0,2387.0,0.1664994984954864,0.2019391507856904,1.0,14,0.2857142857142857,0.0,0.0
ripple,sub-16,4,spike_coupled,162.0,54.0,21.0,87.0,0.3333333333333333,0.4629629629629629,0.0,10,0.3,0.0,0.0
ripple,sub-16,4,independent,2691.0,409.0,88.0,2194.0,0.1519881085098476,0.1846897064288368,1.0,17,0.1764705882352941,0.0,0.0
ripple,sub-16,4,merged,2853.0,463.0,109.0,2281.0,0.162285313704872,0.200490711531721,1.0,14,0.1428571428571428,0.0,0.0
ripple,sub-17,0,spike_coupled,239.0,178.0,33.0,28.0,0.7447698744769874,0.8828451882845189,0.0,23,0.8260869565217391,0.0,0.0
ripple,sub-17,0,independent,1572.0,1225.0,132.0,215.0,0.7792620865139949,0.8632315521628499,0.0,6,0.8333333333333334,0.0,0.0
ripple,sub-17,0,merged,1811.0,1403.0,165.0,243.0,0.774710104914412,0.8658199889563777,0.0,20,0.7,0.0,0.0
ripple,sub-17,1,spike_coupled,211.0,178.0,14.0,19.0,0.8436018957345972,0.909952606635071,1.0,7,0.8571428571428571,0.0,0.0
ripple,sub-17,1,independent,1510.0,1191.0,130.0,189.0,0.7887417218543047,0.8748344370860928,0.0,8,0.75,0.0,0.0
ripple,sub-17,1,merged,1721.0,1369.0,144.0,208.0,0.7954677513073795,0.8791400348634515,0.0,12,0.8333333333333334,0.0,0.0
ripple,sub-17,2,spike_coupled,280.0,209.0,32.0,39.0,0.7464285714285714,0.8607142857142858,1.0,10,0.7,0.0,0.0
ripple,sub-17,2,independent,1535.0,1208.0,150.0,177.0,0.786970684039088,0.8846905537459283,0.0,25,0.8,0.0,0.0
ripple,sub-17,2,merged,1815.0,1417.0,182.0,216.0,0.7807162534435261,0.8809917355371901,0.0,18,0.7777777777777778,0.0,0.0
ripple,sub-17,3,spike_coupled,306.0,245.0,27.0,34.0,0.8006535947712419,0.8888888888888888,1.0,9,0.7777777777777778,0.0,0.0
ripple,sub-17,3,independent,1510.0,1187.0,147.0,176.0,0.786092715231788,0.8834437086092716,1.0,13,0.6923076923076923,0.0,0.0
ripple,sub-17,3,merged,1816.0,1432.0,174.0,210.0,0.788546255506608,0.8843612334801763,1.0,7,0.7142857142857143,0.0,0.0
ripple,sub-17,4,spike_coupled,239.0,193.0,24.0,22.0,0.8075313807531381,0.9079497907949792,1.0,15,0.7333333333333333,0.0,0.0
ripple,sub-17,4,independent,1509.0,1175.0,131.0,203.0,0.7786613651424784,0.8654738237243207,0.0,21,0.8095238095238095,0.0,0.0
ripple,sub-17,4,merged,1748.0,1368.0,155.0,225.0,0.782608695652174,0.8712814645308925,1.0,24,0.8333333333333334,0.0,0.0
ripple,sub-18,0,spike_coupled,12.0,8.0,2.0,2.0,0.6666666666666666,0.8333333333333334,1.0,25,0.16,0.0,0.0
ripple,sub-18,0,independent,1192.0,167.0,48.0,977.0,0.1401006711409396,0.1803691275167785,0.0,5,0.0,0.0,0.0
ripple,sub-18,0,merged,1204.0,175.0,50.0,979.0,0.1453488372093023,0.1868770764119601,0.0,5,0.0,0.0,0.0
ripple,sub-18,1,spike_coupled,25.0,15.0,0.0,10.0,0.6,0.6,1.0,8,0.25,0.0,0.0
ripple,sub-18,1,independent,1157.0,138.0,53.0,966.0,0.1192739844425237,0.1650821089023336,0.0,4,0.25,0.0,0.0
ripple,sub-18,1,merged,1182.0,153.0,53.0,976.0,0.1294416243654822,0.1742808798646362,0.0,4,0.25,0.0,0.0
ripple,sub-18,2,spike_coupled,13.0,7.0,0.0,6.0,0.5384615384615384,0.5384615384615384,1.0,6,0.3333333333333333,0.0,0.0
ripple,sub-18,2,independent,1206.0,128.0,48.0,1030.0,0.1061359867330016,0.1459369817578772,0.0,7,0.0,0.0,0.0
ripple,sub-18,2,merged,1219.0,135.0,48.0,1036.0,0.1107465135356849,0.1501230516817063,0.0,8,0.125,0.0,0.0
ripple,sub-18,3,spike_coupled,19.0,11.0,0.0,8.0,0.5789473684210527,0.5789473684210527,1.0,7,0.2857142857142857,0.0,0.0
ripple,sub-18,3,independent,1132.0,135.0,56.0,941.0,0.1192579505300353,0.1687279151943463,0.0,3,0.0,0.0,0.0
ripple,sub-18,3,merged,1151.0,146.0,56.0,949.0,0.1268462206776716,0.1754995655951346,0.0,3,0.0,0.0,0.0
ripple,sub-18,4,spike_coupled,15.0,9.0,0.0,6.0,0.6,0.6,1.0,6,0.3333333333333333,0.0,0.0
ripple,sub-18,4,independent,1127.0,186.0,65.0,876.0,0.1650399290150843,0.222715173025732,0.0,5,0.4,0.0,0.0
ripple,sub-18,4,merged,1142.0,195.0,65.0,882.0,0.1707530647985989,0.2276707530647986,1.0,5,0.4,0.0,0.0
ripple,sub-19,0,spike_coupled,77.0,7.0,0.0,70.0,0.0909090909090909,0.0909090909090909,0.0,1,0.0,0.0,1.0
ripple,sub-19,0,independent,1936.0,195.0,61.0,1680.0,0.1007231404958677,0.1322314049586777,0.0,6,0.0,0.0,0.0
ripple,sub-19,0,merged,2013.0,202.0,61.0,1750.0,0.1003477396920019,0.1306507699950322,0.0,6,0.0,0.0,0.0
ripple,sub-19,1,spike_coupled,82.0,10.0,2.0,70.0,0.1219512195121951,0.1463414634146341,0.0,1,0.0,0.0,1.0
ripple,sub-19,1,independent,1941.0,200.0,70.0,1671.0,0.1030396702730551,0.1391035548686244,0.0,6,0.0,0.0,0.0
ripple,sub-19,1,merged,2023.0,210.0,72.0,1741.0,0.1038062283737024,0.1393969352446861,0.0,6,0.0,0.0,0.0
ripple,sub-19,2,spike_coupled,202.0,36.0,19.0,147.0,0.1782178217821782,0.2722772277227723,0.0,2,0.0,0.0,0.0
ripple,sub-19,2,independent,2704.0,385.0,130.0,2189.0,0.1423816568047337,0.1904585798816568,0.0,7,0.0,0.0,0.0
ripple,sub-19,2,merged,2906.0,421.0,149.0,2336.0,0.1448726772195457,0.1961459050240881,0.0,7,0.0,0.0,0.0
ripple,sub-19,3,spike_coupled,64.0,5.0,0.0,59.0,0.078125,0.078125,0.0,1,0.0,0.0,1.0
ripple,sub-19,3,independent,1931.0,182.0,75.0,1674.0,0.094251683065769,0.1330916623511134,0.0,7,0.0,0.0,0.0
ripple,sub-19,3,merged,1995.0,187.0,75.0,1733.0,0.093734335839599,0.131328320802005,0.0,7,0.0,0.0,0.0
ripple,sub-19,4,spike_coupled,158.0,29.0,7.0,122.0,0.1835443037974683,0.2278481012658227,0.0,2,0.0,0.0,0.0
ripple,sub-19,4,independent,2131.0,210.0,90.0,1831.0,0.0985452839042703,0.1407789770061004,0.0,8,0.0,0.0,0.0
ripple,sub-19,4,merged,2289.0,239.0,97.0,1953.0,0.1044124071647007,0.146788990825688,0.0,8,0.0,0.0,0.0
ripple,sub-20,0,spike_coupled,54.0,25.0,14.0,15.0,0.4629629629629629,0.7222222222222222,1.0,4,0.25,0.0,0.0
ripple,sub-20,0,independent,585.0,208.0,243.0,134.0,0.3555555555555555,0.770940170940171,0.0,7,0.2857142857142857,0.0,0.0
ripple,sub-20,0,merged,639.0,233.0,257.0,149.0,0.3646322378716745,0.7668231611893583,0.0,4,0.25,0.0,0.0
ripple,sub-20,1,spike_coupled,36.0,21.0,7.0,8.0,0.5833333333333334,0.7777777777777778,1.0,4,0.5,0.0,0.0
ripple,sub-20,1,independent,531.0,198.0,207.0,126.0,0.3728813559322034,0.7627118644067796,0.0,8,0.25,0.0,0.0
ripple,sub-20,1,merged,567.0,219.0,214.0,134.0,0.3862433862433862,0.763668430335097,0.0,3,0.3333333333333333,0.0,0.0
ripple,sub-20,2,spike_coupled,32.0,18.0,9.0,5.0,0.5625,0.84375,1.0,2,0.5,0.0,0.0
ripple,sub-20,2,independent,556.0,190.0,215.0,151.0,0.3417266187050359,0.7284172661870504,0.0,9,0.2222222222222222,0.0,0.0
ripple,sub-20,2,merged,588.0,208.0,224.0,156.0,0.3537414965986394,0.7346938775510204,0.0,7,0.1428571428571428,0.0,0.0
ripple,sub-20,3,spike_coupled,54.0,30.0,15.0,9.0,0.5555555555555556,0.8333333333333334,0.0,7,0.5714285714285714,0.0,0.0
ripple,sub-20,3,independent,587.0,207.0,217.0,163.0,0.3526405451448041,0.7223168654173765,0.0,10,0.3,0.0,0.0
ripple,sub-20,3,merged,641.0,237.0,232.0,172.0,0.3697347893915756,0.7316692667706708,0.0,9,0.2222222222222222,0.0,0.0
ripple,sub-20,4,spike_coupled,58.0,39.0,11.0,8.0,0.6724137931034483,0.8620689655172413,1.0,5,0.6,0.0,0.0
ripple,sub-20,4,independent,532.0,207.0,192.0,133.0,0.3890977443609023,0.75,0.0,12,0.4166666666666667,0.0,0.0
ripple,sub-20,4,merged,590.0,246.0,203.0,141.0,0.4169491525423728,0.7610169491525424,0.0,12,0.4166666666666667,0.0,0.0
fast_ripple,sub-01,0,spike_coupled,7.0,7.0,0.0,0.0,1.0,1.0,1.0,23,0.391304347826087,0.0,0.0
fast_ripple,sub-01,0,independent,15.0,13.0,0.0,2.0,0.8666666666666667,0.8666666666666667,1.0,2,1.0,1.0,0.0
fast_ripple,sub-01,0,merged,22.0,20.0,0.0,2.0,0.9090909090909092,0.9090909090909092,1.0,2,1.0,1.0,0.0
fast_ripple,sub-01,1,spike_coupled,6.0,6.0,0.0,0.0,1.0,1.0,1.0,23,0.391304347826087,0.0,0.0
fast_ripple,sub-01,1,independent,15.0,14.0,0.0,1.0,0.9333333333333332,0.9333333333333332,1.0,7,0.8571428571428571,0.0,0.0
fast_ripple,sub-01,1,merged,21.0,20.0,0.0,1.0,0.9523809523809524,0.9523809523809524,1.0,3,1.0,1.0,0.0
fast_ripple,sub-01,2,spike_coupled,7.0,7.0,0.0,0.0,1.0,1.0,1.0,23,0.391304347826087,0.0,0.0
fast_ripple,sub-01,2,independent,12.0,11.0,0.0,1.0,0.9166666666666666,0.9166666666666666,1.0,3,0.6666666666666666,0.0,0.0
fast_ripple,sub-01,2,merged,19.0,18.0,0.0,1.0,0.9473684210526316,0.9473684210526316,1.0,3,1.0,1.0,0.0
fast_ripple,sub-01,3,spike_coupled,6.0,6.0,0.0,0.0,1.0,1.0,1.0,23,0.391304347826087,0.0,0.0
fast_ripple,sub-01,3,independent,16.0,16.0,0.0,0.0,1.0,1.0,1.0,5,1.0,1.0,0.0
fast_ripple,sub-01,3,merged,22.0,22.0,0.0,0.0,1.0,1.0,1.0,2,1.0,1.0,0.0
fast_ripple,sub-01,4,spike_coupled,4.0,4.0,0.0,0.0,1.0,1.0,1.0,23,0.391304347826087,0.0,0.0
fast_ripple,sub-01,4,independent,16.0,15.0,0.0,1.0,0.9375,0.9375,1.0,2,1.0,1.0,0.0
fast_ripple,sub-01,4,merged,20.0,19.0,0.0,1.0,0.95,0.95,1.0,1,1.0,1.0,1.0
fast_ripple,sub-02,0,spike_coupled,0.0,0.0,0.0,0.0,,,,0,,,
fast_ripple,sub-02,0,independent,1.0,1.0,0.0,0.0,1.0,1.0,1.0,6,0.5,0.0,0.0
fast_ripple,sub-02,0,merged,1.0,1.0,0.0,0.0,1.0,1.0,1.0,6,0.5,0.0,0.0
fast_ripple,sub-02,1,spike_coupled,0.0,0.0,0.0,0.0,,,,0,,,
fast_ripple,sub-02,1,independent,0.0,0.0,0.0,0.0,,,,0,,,
fast_ripple,sub-02,1,merged,0.0,0.0,0.0,0.0,,,,0,,,
fast_ripple,sub-02,2,spike_coupled,0.0,0.0,0.0,0.0,,,,0,,,
fast_ripple,sub-02,2,independent,0.0,0.0,0.0,0.0,,,,0,,,
fast_ripple,sub-02,2,merged,0.0,0.0,0.0,0.0,,,,0,,,
fast_ripple,sub-02,3,spike_coupled,3.0,3.0,0.0,0.0,1.0,1.0,1.0,6,0.5,0.0,0.0
fast_ripple,sub-02,3,independent,2.0,2.0,0.0,0.0,1.0,1.0,1.0,6,0.5,0.0,0.0
fast_ripple,sub-02,3,merged,5.0,5.0,0.0,0.0,1.0,1.0,1.0,6,0.5,0.0,0.0
fast_ripple,sub-02,4,spike_coupled,0.0,0.0,0.0,0.0,,,,0,,,
fast_ripple,sub-02,4,independent,0.0,0.0,0.0,0.0,,,,0,,,
fast_ripple,sub-02,4,merged,0.0,0.0,0.0,0.0,,,,0,,,
fast_ripple,sub-03,0,spike_coupled,23.0,3.0,0.0,20.0,0.1304347826086956,0.1304347826086956,0.0,1,0.0,0.0,1.0
fast_ripple,sub-03,0,independent,55.0,22.0,0.0,33.0,0.4,0.4,0.0,5,0.4,0.0,0.0
fast_ripple,sub-03,0,merged,78.0,25.0,0.0,53.0,0.3205128205128205,0.3205128205128205,0.0,2,0.0,0.0,0.0
fast_ripple,sub-03,1,spike_coupled,22.0,13.0,0.0,9.0,0.5909090909090909,0.5909090909090909,1.0,6,0.5,0.0,0.0
fast_ripple,sub-03,1,independent,55.0,24.0,0.0,31.0,0.4363636363636363,0.4363636363636363,0.0,6,0.5,0.0,0.0
fast_ripple,sub-03,1,merged,77.0,37.0,0.0,40.0,0.4805194805194805,0.4805194805194805,0.0,6,0.5,0.0,0.0
fast_ripple,sub-03,2,spike_coupled,20.0,5.0,0.0,15.0,0.25,0.25,0.0,2,0.5,0.0,0.0
fast_ripple,sub-03,2,independent,34.0,9.0,0.0,25.0,0.2647058823529412,0.2647058823529412,0.0,5,0.4,0.0,0.0
fast_ripple,sub-03,2,merged,54.0,14.0,0.0,40.0,0.2592592592592592,0.2592592592592592,0.0,3,0.3333333333333333,0.0,0.0
fast_ripple,sub-03,3,spike_coupled,22.0,6.0,0.0,16.0,0.2727272727272727,0.2727272727272727,0.0,6,0.5,0.0,0.0
fast_ripple,sub-03,3,independent,49.0,17.0,0.0,32.0,0.3469387755102041,0.3469387755102041,0.0,4,0.5,0.0,0.0
fast_ripple,sub-03,3,merged,71.0,23.0,0.0,48.0,0.323943661971831,0.323943661971831,0.0,1,0.0,0.0,1.0
fast_ripple,sub-03,4,spike_coupled,26.0,12.0,0.0,14.0,0.4615384615384615,0.4615384615384615,1.0,3,0.3333333333333333,0.0,0.0
fast_ripple,sub-03,4,independent,34.0,14.0,0.0,20.0,0.4117647058823529,0.4117647058823529,0.0,6,0.5,0.0,0.0
fast_ripple,sub-03,4,merged,60.0,26.0,0.0,34.0,0.4333333333333333,0.4333333333333333,1.0,4,0.25,0.0,0.0
fast_ripple,sub-04,0,spike_coupled,15.0,14.0,0.0,1.0,0.9333333333333332,0.9333333333333332,1.0,24,0.5,0.0,0.0
fast_ripple,sub-04,0,independent,14.0,7.0,0.0,7.0,0.5,0.5,0.0,24,0.5,0.0,0.0
fast_ripple,sub-04,0,merged,29.0,21.0,0.0,8.0,0.7241379310344828,0.7241379310344828,1.0,9,0.6666666666666666,0.0,0.0
fast_ripple,sub-04,1,spike_coupled,21.0,21.0,0.0,0.0,1.0,1.0,1.0,24,0.5,0.0,0.0
fast_ripple,sub-04,1,independent,20.0,12.0,0.0,8.0,0.6,0.6,0.0,24,0.5,0.0,0.0
fast_ripple,sub-04,1,merged,41.0,33.0,0.0,8.0,0.8048780487804879,0.8048780487804879,1.0,9,0.6666666666666666,0.0,0.0
fast_ripple,sub-04,2,spike_coupled,18.0,16.0,0.0,2.0,0.8888888888888888,0.8888888888888888,1.0,24,0.5,0.0,0.0
fast_ripple,sub-04,2,independent,9.0,6.0,0.0,3.0,0.6666666666666666,0.6666666666666666,1.0,24,0.5,0.0,0.0
fast_ripple,sub-04,2,merged,27.0,22.0,0.0,5.0,0.8148148148148148,0.8148148148148148,1.0,8,0.625,0.0,0.0
fast_ripple,sub-04,3,spike_coupled,44.0,44.0,0.0,0.0,1.0,1.0,1.0,5,1.0,1.0,0.0
fast_ripple,sub-04,3,independent,119.0,118.0,0.0,1.0,0.9915966386554622,0.9915966386554622,1.0,2,1.0,1.0,0.0
fast_ripple,sub-04,3,merged,163.0,162.0,0.0,1.0,0.9938650306748468,0.9938650306748468,1.0,4,1.0,1.0,0.0
fast_ripple,sub-04,4,spike_coupled,27.0,27.0,0.0,0.0,1.0,1.0,1.0,4,1.0,1.0,0.0
fast_ripple,sub-04,4,independent,96.0,96.0,0.0,0.0,1.0,1.0,1.0,2,1.0,1.0,0.0
fast_ripple,sub-04,4,merged,123.0,123.0,0.0,0.0,1.0,1.0,1.0,3,1.0,1.0,0.0
fast_ripple,sub-05,0,spike_coupled,1.0,0.0,0.0,1.0,0.0,0.0,0.0,6,0.5,0.0,0.0
fast_ripple,sub-05,0,independent,0.0,0.0,0.0,0.0,,,,0,,,
fast_ripple,sub-05,0,merged,1.0,0.0,0.0,1.0,0.0,0.0,0.0,6,0.5,0.0,0.0
fast_ripple,sub-05,1,spike_coupled,0.0,0.0,0.0,0.0,,,,0,,,
fast_ripple,sub-05,1,independent,0.0,0.0,0.0,0.0,,,,0,,,
fast_ripple,sub-05,1,merged,0.0,0.0,0.0,0.0,,,,0,,,
fast_ripple,sub-05,2,spike_coupled,0.0,0.0,0.0,0.0,,,,0,,,
fast_ripple,sub-05,2,independent,0.0,0.0,0.0,0.0,,,,0,,,
fast_ripple,sub-05,2,merged,0.0,0.0,0.0,0.0,,,,0,,,
fast_ripple,sub-05,3,spike_coupled,0.0,0.0,0.0,0.0,,,,0,,,
fast_ripple,sub-05,3,independent,0.0,0.0,0.0,0.0,,,,0,,,
fast_ripple,sub-05,3,merged,0.0,0.0,0.0,0.0,,,,0,,,
fast_ripple,sub-05,4,spike_coupled,0.0,0.0,0.0,0.0,,,,0,,,
fast_ripple,sub-05,4,independent,0.0,0.0,0.0,0.0,,,,0,,,
fast_ripple,sub-05,4,merged,0.0,0.0,0.0,0.0,,,,0,,,
fast_ripple,sub-06,0,spike_coupled,1.0,1.0,0.0,0.0,1.0,1.0,1.0,6,0.5,0.0,0.0
fast_ripple,sub-06,0,independent,0.0,0.0,0.0,0.0,,,,0,,,
fast_ripple,sub-06,0,merged,1.0,1.0,0.0,0.0,1.0,1.0,1.0,6,0.5,0.0,0.0
fast_ripple,sub-06,1,spike_coupled,0.0,0.0,0.0,0.0,,,,0,,,
fast_ripple,sub-06,1,independent,3.0,3.0,0.0,0.0,1.0,1.0,1.0,6,0.5,0.0,0.0
fast_ripple,sub-06,1,merged,3.0,3.0,0.0,0.0,1.0,1.0,1.0,6,0.5,0.0,0.0
fast_ripple,sub-06,2,spike_coupled,0.0,0.0,0.0,0.0,,,,0,,,
fast_ripple,sub-06,2,independent,0.0,0.0,0.0,0.0,,,,0,,,
fast_ripple,sub-06,2,merged,0.0,0.0,0.0,0.0,,,,0,,,
fast_ripple,sub-06,3,spike_coupled,0.0,0.0,0.0,0.0,,,,0,,,
fast_ripple,sub-06,3,independent,0.0,0.0,0.0,0.0,,,,0,,,
fast_ripple,sub-06,3,merged,0.0,0.0,0.0,0.0,,,,0,,,
fast_ripple,sub-06,4,spike_coupled,1.0,1.0,0.0,0.0,1.0,1.0,1.0,6,0.5,0.0,0.0
fast_ripple,sub-06,4,independent,1.0,1.0,0.0,0.0,1.0,1.0,1.0,6,0.5,0.0,0.0
fast_ripple,sub-06,4,merged,2.0,2.0,0.0,0.0,1.0,1.0,1.0,6,0.5,0.0,0.0
fast_ripple,sub-07,0,spike_coupled,1.0,0.0,0.0,1.0,0.0,0.0,0.0,6,0.5,0.0,0.0
fast_ripple,sub-07,0,independent,0.0,0.0,0.0,0.0,,,,0,,,
fast_ripple,sub-07,0,merged,1.0,0.0,0.0,1.0,0.0,0.0,0.0,6,0.5,0.0,0.0
fast_ripple,sub-07,1,spike_coupled,0.0,0.0,0.0,0.0,,,,0,,,
fast_ripple,sub-07,1,independent,0.0,0.0,0.0,0.0,,,,0,,,
fast_ripple,sub-07,1,merged,0.0,0.0,0.0,0.0,,,,0,,,
fast_ripple,sub-07,2,spike_coupled,0.0,0.0,0.0,0.0,,,,0,,,
fast_ripple,sub-07,2,independent,1.0,0.0,0.0,1.0,0.0,0.0,0.0,6,0.5,0.0,0.0
fast_ripple,sub-07,2,merged,1.0,0.0,0.0,1.0,0.0,0.0,0.0,6,0.5,0.0,0.0
fast_ripple,sub-07,3,spike_coupled,0.0,0.0,0.0,0.0,,,,0,,,
fast_ripple,sub-07,3,independent,1.0,0.0,0.0,1.0,0.0,0.0,0.0,6,0.5,0.0,0.0
fast_ripple,sub-07,3,merged,1.0,0.0,0.0,1.0,0.0,0.0,0.0,6,0.5,0.0,0.0
fast_ripple,sub-07,4,spike_coupled,0.0,0.0,0.0,0.0,,,,0,,,
fast_ripple,sub-07,4,independent,0.0,0.0,0.0,0.0,,,,0,,,
fast_ripple,sub-07,4,merged,0.0,0.0,0.0,0.0,,,,0,,,
fast_ripple,sub-08,0,spike_coupled,0.0,0.0,0.0,0.0,,,,0,,,
fast_ripple,sub-08,0,independent,112.0,0.0,0.0,112.0,0.0,0.0,0.0,2,0.0,0.0,0.0
fast_ripple,sub-08,0,merged,112.0,0.0,0.0,112.0,0.0,0.0,0.0,2,0.0,0.0,0.0
fast_ripple,sub-08,1,spike_coupled,0.0,0.0,0.0,0.0,,,,0,,,
fast_ripple,sub-08,1,independent,65.0,0.0,0.0,65.0,0.0,0.0,0.0,1,0.0,0.0,1.0
fast_ripple,sub-08,1,merged,65.0,0.0,0.0,65.0,0.0,0.0,0.0,1,0.0,0.0,1.0
fast_ripple,sub-08,2,spike_coupled,0.0,0.0,0.0,0.0,,,,0,,,
fast_ripple,sub-08,2,independent,0.0,0.0,0.0,0.0,,,,0,,,
fast_ripple,sub-08,2,merged,0.0,0.0,0.0,0.0,,,,0,,,
fast_ripple,sub-08,3,spike_coupled,0.0,0.0,0.0,0.0,,,,0,,,
fast_ripple,sub-08,3,independent,0.0,0.0,0.0,0.0,,,,0,,,
fast_ripple,sub-08,3,merged,0.0,0.0,0.0,0.0,,,,0,,,
fast_ripple,sub-08,4,spike_coupled,0.0,0.0,0.0,0.0,,,,0,,,
fast_ripple,sub-08,4,independent,31.0,0.0,0.0,31.0,0.0,0.0,0.0,2,0.0,0.0,0.0
fast_ripple,sub-08,4,merged,31.0,0.0,0.0,31.0,0.0,0.0,0.0,2,0.0,0.0,0.0
fast_ripple,sub-09,0,spike_coupled,18.0,14.0,0.0,4.0,0.7777777777777778,0.7777777777777778,1.0,6,0.6666666666666666,0.0,0.0
fast_ripple,sub-09,0,independent,19.0,13.0,0.0,6.0,0.6842105263157895,0.6842105263157895,1.0,8,0.5,0.0,0.0
fast_ripple,sub-09,0,merged,37.0,27.0,0.0,10.0,0.7297297297297297,0.7297297297297297,1.0,3,0.6666666666666666,0.0,0.0
fast_ripple,sub-09,1,spike_coupled,35.0,35.0,0.0,0.0,1.0,1.0,1.0,2,1.0,1.0,0.0
fast_ripple,sub-09,1,independent,61.0,54.0,0.0,7.0,0.8852459016393442,0.8852459016393442,1.0,1,1.0,1.0,1.0
fast_ripple,sub-09,1,merged,96.0,89.0,0.0,7.0,0.9270833333333334,0.9270833333333334,1.0,1,1.0,1.0,1.0
fast_ripple,sub-09,2,spike_coupled,41.0,39.0,0.0,2.0,0.951219512195122,0.951219512195122,1.0,4,1.0,1.0,0.0
fast_ripple,sub-09,2,independent,84.0,82.0,0.0,2.0,0.9761904761904762,0.9761904761904762,1.0,1,1.0,1.0,1.0
fast_ripple,sub-09,2,merged,125.0,121.0,0.0,4.0,0.968,0.968,1.0,1,1.0,1.0,1.0
fast_ripple,sub-09,3,spike_coupled,30.0,27.0,0.0,3.0,0.9,0.9,1.0,6,0.6666666666666666,0.0,0.0
fast_ripple,sub-09,3,independent,64.0,61.0,0.0,3.0,0.953125,0.953125,1.0,1,1.0,1.0,1.0
fast_ripple,sub-09,3,merged,94.0,88.0,0.0,6.0,0.9361702127659576,0.9361702127659576,1.0,1,1.0,1.0,1.0
fast_ripple,sub-09,4,spike_coupled,31.0,30.0,0.0,1.0,0.967741935483871,0.967741935483871,1.0,4,1.0,1.0,0.0
fast_ripple,sub-09,4,independent,72.0,65.0,0.0,7.0,0.9027777777777778,0.9027777777777778,1.0,1,1.0,1.0,1.0
fast_ripple,sub-09,4,merged,103.0,95.0,0.0,8.0,0.9223300970873788,0.9223300970873788,1.0,1,1.0,1.0,1.0
fast_ripple,sub-10,0,spike_coupled,0.0,0.0,0.0,0.0,,,,0,,,
fast_ripple,sub-10,0,independent,0.0,0.0,0.0,0.0,,,,0,,,
fast_ripple,sub-10,0,merged,0.0,0.0,0.0,0.0,,,,0,,,
fast_ripple,sub-10,1,spike_coupled,0.0,0.0,0.0,0.0,,,,0,,,
fast_ripple,sub-10,1,independent,0.0,0.0,0.0,0.0,,,,0,,,
fast_ripple,sub-10,1,merged,0.0,0.0,0.0,0.0,,,,0,,,
fast_ripple,sub-10,2,spike_coupled,0.0,0.0,0.0,0.0,,,,0,,,
fast_ripple,sub-10,2,independent,3.0,3.0,0.0,0.0,1.0,1.0,1.0,34,0.088235294117647,0.0,0.0
fast_ripple,sub-10,2,merged,3.0,3.0,0.0,0.0,1.0,1.0,1.0,34,0.088235294117647,0.0,0.0
fast_ripple,sub-10,3,spike_coupled,0.0,0.0,0.0,0.0,,,,0,,,
fast_ripple,sub-10,3,independent,5.0,5.0,0.0,0.0,1.0,1.0,1.0,34,0.088235294117647,0.0,0.0
fast_ripple,sub-10,3,merged,5.0,5.0,0.0,0.0,1.0,1.0,1.0,34,0.088235294117647,0.0,0.0
fast_ripple,sub-10,4,spike_coupled,0.0,0.0,0.0,0.0,,,,0,,,
fast_ripple,sub-10,4,independent,5.0,3.0,0.0,2.0,0.6,0.6,1.0,34,0.088235294117647,0.0,0.0
fast_ripple,sub-10,4,merged,5.0,3.0,0.0,2.0,0.6,0.6,1.0,34,0.088235294117647,0.0,0.0
fast_ripple,sub-11,0,spike_coupled,9.0,1.0,0.0,8.0,0.1111111111111111,0.1111111111111111,0.0,65,0.0461538461538461,0.0,0.0
fast_ripple,sub-11,0,independent,257.0,103.0,0.0,154.0,0.4007782101167315,0.4007782101167315,1.0,4,0.5,0.0,0.0
fast_ripple,sub-11,0,merged,266.0,104.0,0.0,162.0,0.3909774436090225,0.3909774436090225,1.0,4,0.5,0.0,0.0
fast_ripple,sub-11,1,spike_coupled,19.0,8.0,0.0,11.0,0.4210526315789473,0.4210526315789473,1.0,5,0.2,0.0,0.0
fast_ripple,sub-11,1,independent,268.0,117.0,0.0,151.0,0.4365671641791044,0.4365671641791044,1.0,4,0.5,0.0,0.0
fast_ripple,sub-11,1,merged,287.0,125.0,0.0,162.0,0.4355400696864111,0.4355400696864111,1.0,4,0.5,0.0,0.0
fast_ripple,sub-11,2,spike_coupled,16.0,12.0,0.0,4.0,0.75,0.75,1.0,1,1.0,1.0,1.0
fast_ripple,sub-11,2,independent,180.0,92.0,0.0,88.0,0.5111111111111111,0.5111111111111111,1.0,1,1.0,1.0,1.0
fast_ripple,sub-11,2,merged,196.0,104.0,0.0,92.0,0.5306122448979592,0.5306122448979592,1.0,2,1.0,1.0,0.0
fast_ripple,sub-11,3,spike_coupled,13.0,5.0,0.0,8.0,0.3846153846153846,0.3846153846153846,0.0,65,0.0461538461538461,0.0,0.0
fast_ripple,sub-11,3,independent,331.0,139.0,1.0,191.0,0.4199395770392749,0.4229607250755287,1.0,3,0.6666666666666666,0.0,0.0
fast_ripple,sub-11,3,merged,344.0,144.0,1.0,199.0,0.4186046511627907,0.4215116279069767,1.0,4,0.5,0.0,0.0
fast_ripple,sub-11,4,spike_coupled,10.0,1.0,0.0,9.0,0.1,0.1,0.0,65,0.0461538461538461,0.0,0.0
fast_ripple,sub-11,4,independent,262.0,115.0,0.0,147.0,0.4389312977099237,0.4389312977099237,1.0,4,0.5,0.0,0.0
fast_ripple,sub-11,4,merged,272.0,116.0,0.0,156.0,0.4264705882352941,0.4264705882352941,1.0,4,0.5,0.0,0.0
fast_ripple,sub-12,0,spike_coupled,2.0,2.0,0.0,0.0,1.0,1.0,1.0,37,0.5945945945945946,0.0,0.0
fast_ripple,sub-12,0,independent,4.0,3.0,1.0,0.0,0.75,1.0,1.0,37,0.5945945945945946,0.0,0.0
fast_ripple,sub-12,0,merged,6.0,5.0,1.0,0.0,0.8333333333333334,1.0,1.0,37,0.5945945945945946,0.0,0.0
fast_ripple,sub-12,1,spike_coupled,1.0,0.0,1.0,0.0,0.0,1.0,0.0,37,0.5945945945945946,0.0,0.0
fast_ripple,sub-12,1,independent,2.0,2.0,0.0,0.0,1.0,1.0,1.0,37,0.5945945945945946,0.0,0.0
fast_ripple,sub-12,1,merged,3.0,2.0,1.0,0.0,0.6666666666666666,1.0,1.0,37,0.5945945945945946,0.0,0.0
fast_ripple,sub-12,2,spike_coupled,0.0,0.0,0.0,0.0,,,,0,,,
fast_ripple,sub-12,2,independent,5.0,4.0,0.0,1.0,0.8,0.8,1.0,37,0.5945945945945946,0.0,0.0
fast_ripple,sub-12,2,merged,5.0,4.0,0.0,1.0,0.8,0.8,1.0,37,0.5945945945945946,0.0,0.0
fast_ripple,sub-12,3,spike_coupled,0.0,0.0,0.0,0.0,,,,0,,,
fast_ripple,sub-12,3,independent,5.0,3.0,0.0,2.0,0.6,0.6,1.0,37,0.5945945945945946,0.0,0.0
fast_ripple,sub-12,3,merged,5.0,3.0,0.0,2.0,0.6,0.6,1.0,37,0.5945945945945946,0.0,0.0
fast_ripple,sub-12,4,spike_coupled,0.0,0.0,0.0,0.0,,,,0,,,
fast_ripple,sub-12,4,independent,2.0,2.0,0.0,0.0,1.0,1.0,1.0,37,0.5945945945945946,0.0,0.0
fast_ripple,sub-12,4,merged,2.0,2.0,0.0,0.0,1.0,1.0,1.0,37,0.5945945945945946,0.0,0.0
fast_ripple,sub-13,0,spike_coupled,9.0,9.0,0.0,0.0,1.0,1.0,1.0,2,1.0,1.0,0.0
fast_ripple,sub-13,0,independent,104.0,93.0,10.0,1.0,0.8942307692307693,0.9903846153846154,1.0,1,1.0,1.0,1.0
fast_ripple,sub-13,0,merged,113.0,102.0,10.0,1.0,0.9026548672566372,0.991150442477876,1.0,1,1.0,1.0,1.0
fast_ripple,sub-13,1,spike_coupled,12.0,12.0,0.0,0.0,1.0,1.0,1.0,2,1.0,1.0,0.0
fast_ripple,sub-13,1,independent,100.0,84.0,14.0,2.0,0.84,0.98,1.0,1,1.0,1.0,1.0
fast_ripple,sub-13,1,merged,112.0,96.0,14.0,2.0,0.8571428571428571,0.9821428571428572,1.0,1,1.0,1.0,1.0
fast_ripple,sub-13,2,spike_coupled,15.0,15.0,0.0,0.0,1.0,1.0,1.0,3,1.0,1.0,0.0
fast_ripple,sub-13,2,independent,79.0,66.0,12.0,1.0,0.8354430379746836,0.9873417721518988,1.0,1,1.0,1.0,1.0
fast_ripple,sub-13,2,merged,94.0,81.0,12.0,1.0,0.8617021276595744,0.9893617021276596,1.0,1,1.0,1.0,1.0
fast_ripple,sub-13,3,spike_coupled,17.0,17.0,0.0,0.0,1.0,1.0,1.0,3,1.0,1.0,0.0
fast_ripple,sub-13,3,independent,67.0,60.0,6.0,1.0,0.8955223880597015,0.9850746268656716,1.0,1,1.0,1.0,1.0
fast_ripple,sub-13,3,merged,84.0,77.0,6.0,1.0,0.9166666666666666,0.988095238095238,1.0,1,1.0,1.0,1.0
fast_ripple,sub-13,4,spike_coupled,7.0,7.0,0.0,0.0,1.0,1.0,1.0,50,0.06,0.0,0.0
fast_ripple,sub-13,4,independent,48.0,45.0,3.0,0.0,0.9375,1.0,1.0,1,1.0,1.0,1.0
fast_ripple,sub-13,4,merged,55.0,52.0,3.0,0.0,0.9454545454545454,1.0,1.0,1,1.0,1.0,1.0
fast_ripple,sub-14,0,spike_coupled,1.0,1.0,0.0,0.0,1.0,1.0,1.0,45,0.0222222222222222,0.0,0.0
fast_ripple,sub-14,0,independent,29.0,8.0,6.0,15.0,0.2758620689655172,0.4827586206896552,1.0,11,0.0909090909090909,0.0,0.0
fast_ripple,sub-14,0,merged,30.0,9.0,6.0,15.0,0.3,0.5,1.0,11,0.0909090909090909,0.0,0.0
fast_ripple,sub-14,1,spike_coupled,0.0,0.0,0.0,0.0,,,,0,,,
fast_ripple,sub-14,1,independent,26.0,3.0,8.0,15.0,0.1153846153846153,0.4230769230769231,0.0,11,0.0909090909090909,0.0,0.0
fast_ripple,sub-14,1,merged,26.0,3.0,8.0,15.0,0.1153846153846153,0.4230769230769231,0.0,11,0.0909090909090909,0.0,0.0
fast_ripple,sub-14,2,spike_coupled,0.0,0.0,0.0,0.0,,,,0,,,
fast_ripple,sub-14,2,independent,79.0,10.0,8.0,61.0,0.1265822784810126,0.2278481012658227,0.0,3,0.3333333333333333,0.0,0.0
fast_ripple,sub-14,2,merged,79.0,10.0,8.0,61.0,0.1265822784810126,0.2278481012658227,0.0,3,0.3333333333333333,0.0,0.0
fast_ripple,sub-14,3,spike_coupled,0.0,0.0,0.0,0.0,,,,0,,,
fast_ripple,sub-14,3,independent,49.0,5.0,3.0,41.0,0.1020408163265306,0.1632653061224489,0.0,7,0.1428571428571428,0.0,0.0
fast_ripple,sub-14,3,merged,49.0,5.0,3.0,41.0,0.1020408163265306,0.1632653061224489,0.0,7,0.1428571428571428,0.0,0.0
fast_ripple,sub-14,4,spike_coupled,0.0,0.0,0.0,0.0,,,,0,,,
fast_ripple,sub-14,4,independent,10.0,3.0,3.0,4.0,0.3,0.6,0.0,45,0.0222222222222222,0.0,0.0
fast_ripple,sub-14,4,merged,10.0,3.0,3.0,4.0,0.3,0.6,0.0,45,0.0222222222222222,0.0,0.0
fast_ripple,sub-15,0,spike_coupled,1.0,1.0,0.0,0.0,1.0,1.0,1.0,26,0.1538461538461538,0.0,0.0
fast_ripple,sub-15,0,independent,26.0,7.0,6.0,13.0,0.2692307692307692,0.5,1.0,26,0.1538461538461538,0.0,0.0
fast_ripple,sub-15,0,merged,27.0,8.0,6.0,13.0,0.2962962962962963,0.5185185185185185,1.0,12,0.25,0.0,0.0
fast_ripple,sub-15,1,spike_coupled,0.0,0.0,0.0,0.0,,,,0,,,
fast_ripple,sub-15,1,independent,31.0,15.0,7.0,9.0,0.4838709677419355,0.7096774193548387,1.0,10,0.4,0.0,0.0
fast_ripple,sub-15,1,merged,31.0,15.0,7.0,9.0,0.4838709677419355,0.7096774193548387,1.0,10,0.4,0.0,0.0
fast_ripple,sub-15,2,spike_coupled,0.0,0.0,0.0,0.0,,,,0,,,
fast_ripple,sub-15,2,independent,37.0,12.0,1.0,24.0,0.3243243243243243,0.3513513513513513,1.0,26,0.1538461538461538,0.0,0.0
fast_ripple,sub-15,2,merged,37.0,12.0,1.0,24.0,0.3243243243243243,0.3513513513513513,1.0,26,0.1538461538461538,0.0,0.0
fast_ripple,sub-15,3,spike_coupled,0.0,0.0,0.0,0.0,,,,0,,,
fast_ripple,sub-15,3,independent,0.0,0.0,0.0,0.0,,,,0,,,
fast_ripple,sub-15,3,merged,0.0,0.0,0.0,0.0,,,,0,,,
fast_ripple,sub-15,4,spike_coupled,0.0,0.0,0.0,0.0,,,,0,,,
fast_ripple,sub-15,4,independent,26.0,9.0,6.0,11.0,0.3461538461538461,0.5769230769230769,1.0,9,0.1111111111111111,0.0,0.0
fast_ripple,sub-15,4,merged,26.0,9.0,6.0,11.0,0.3461538461538461,0.5769230769230769,1.0,9,0.1111111111111111,0.0,0.0
fast_ripple,sub-16,0,spike_coupled,28.0,21.0,0.0,7.0,0.75,0.75,1.0,3,0.6666666666666666,0.0,0.0
fast_ripple,sub-16,0,independent,220.0,102.0,0.0,118.0,0.4636363636363636,0.4636363636363636,1.0,2,1.0,1.0,0.0
fast_ripple,sub-16,0,merged,248.0,123.0,0.0,125.0,0.4959677419354839,0.4959677419354839,1.0,2,1.0,1.0,0.0
fast_ripple,sub-16,1,spike_coupled,34.0,21.0,0.0,13.0,0.6176470588235294,0.6176470588235294,1.0,3,0.6666666666666666,0.0,0.0
fast_ripple,sub-16,1,independent,311.0,138.0,0.0,173.0,0.4437299035369775,0.4437299035369775,1.0,2,1.0,1.0,0.0
fast_ripple,sub-16,1,merged,345.0,159.0,0.0,186.0,0.4608695652173913,0.4608695652173913,1.0,2,1.0,1.0,0.0
fast_ripple,sub-16,2,spike_coupled,29.0,19.0,0.0,10.0,0.6551724137931034,0.6551724137931034,1.0,2,0.5,0.0,0.0
fast_ripple,sub-16,2,independent,346.0,150.0,0.0,196.0,0.4335260115606936,0.4335260115606936,1.0,2,1.0,1.0,0.0
fast_ripple,sub-16,2,merged,375.0,169.0,0.0,206.0,0.4506666666666666,0.4506666666666666,1.0,2,1.0,1.0,0.0
fast_ripple,sub-16,3,spike_coupled,30.0,20.0,0.0,10.0,0.6666666666666666,0.6666666666666666,1.0,2,1.0,1.0,0.0
fast_ripple,sub-16,3,independent,382.0,168.0,0.0,214.0,0.4397905759162304,0.4397905759162304,1.0,2,1.0,1.0,0.0
fast_ripple,sub-16,3,merged,412.0,188.0,0.0,224.0,0.4563106796116505,0.4563106796116505,1.0,2,1.0,1.0,0.0
fast_ripple,sub-16,4,spike_coupled,41.0,23.0,1.0,17.0,0.5609756097560976,0.5853658536585366,1.0,1,1.0,1.0,1.0
fast_ripple,sub-16,4,independent,448.0,172.0,0.0,276.0,0.3839285714285714,0.3839285714285714,1.0,2,1.0,1.0,0.0
fast_ripple,sub-16,4,merged,489.0,195.0,1.0,293.0,0.3987730061349693,0.4008179959100204,1.0,2,1.0,1.0,0.0
fast_ripple,sub-17,0,spike_coupled,47.0,41.0,4.0,2.0,0.8723404255319149,0.9574468085106383,1.0,21,0.8095238095238095,0.0,0.0
fast_ripple,sub-17,0,independent,438.0,356.0,53.0,29.0,0.8127853881278538,0.9337899543378996,1.0,3,1.0,1.0,0.0
fast_ripple,sub-17,0,merged,485.0,397.0,57.0,31.0,0.8185567010309278,0.936082474226804,1.0,2,1.0,1.0,0.0
fast_ripple,sub-17,1,spike_coupled,21.0,18.0,1.0,2.0,0.8571428571428571,0.9047619047619048,1.0,37,0.7837837837837838,0.0,0.0
fast_ripple,sub-17,1,independent,457.0,350.0,75.0,32.0,0.7658643326039387,0.9299781181619255,1.0,7,0.5714285714285714,0.0,0.0
fast_ripple,sub-17,1,merged,478.0,368.0,76.0,34.0,0.7698744769874477,0.9288702928870292,1.0,7,0.5714285714285714,0.0,0.0
fast_ripple,sub-17,2,spike_coupled,31.0,22.0,4.0,5.0,0.7096774193548387,0.8387096774193549,0.0,37,0.7837837837837838,0.0,0.0
fast_ripple,sub-17,2,independent,253.0,193.0,39.0,21.0,0.7628458498023716,0.91699604743083,0.0,15,0.8,0.0,0.0
fast_ripple,sub-17,2,merged,284.0,215.0,43.0,26.0,0.7570422535211268,0.908450704225352,0.0,15,0.8,0.0,0.0
fast_ripple,sub-17,3,spike_coupled,54.0,40.0,9.0,5.0,0.7407407407407407,0.9074074074074074,1.0,23,0.782608695652174,0.0,0.0
fast_ripple,sub-17,3,independent,444.0,343.0,69.0,32.0,0.7725225225225225,0.927927927927928,1.0,6,0.5,0.0,0.0
fast_ripple,sub-17,3,merged,498.0,383.0,78.0,37.0,0.7690763052208835,0.92570281124498,1.0,4,0.75,0.0,0.0
fast_ripple,sub-17,4,spike_coupled,30.0,22.0,3.0,5.0,0.7333333333333333,0.8333333333333334,0.0,37,0.7837837837837838,0.0,0.0
fast_ripple,sub-17,4,independent,302.0,247.0,42.0,13.0,0.8178807947019867,0.956953642384106,1.0,6,0.8333333333333334,0.0,0.0
fast_ripple,sub-17,4,merged,332.0,269.0,45.0,18.0,0.8102409638554217,0.9457831325301204,1.0,7,0.7142857142857143,0.0,0.0
fast_ripple,sub-18,0,spike_coupled,1.0,0.0,0.0,1.0,0.0,0.0,0.0,25,0.16,0.0,0.0
fast_ripple,sub-18,0,independent,16.0,9.0,0.0,7.0,0.5625,0.5625,1.0,25,0.16,0.0,0.0
fast_ripple,sub-18,0,merged,17.0,9.0,0.0,8.0,0.5294117647058824,0.5294117647058824,1.0,25,0.16,0.0,0.0
fast_ripple,sub-18,1,spike_coupled,1.0,0.0,0.0,1.0,0.0,0.0,0.0,25,0.16,0.0,0.0
fast_ripple,sub-18,1,independent,31.0,17.0,0.0,14.0,0.5483870967741935,0.5483870967741935,1.0,5,0.4,0.0,0.0
fast_ripple,sub-18,1,merged,32.0,17.0,0.0,15.0,0.53125,0.53125,1.0,6,0.3333333333333333,0.0,0.0
fast_ripple,sub-18,2,spike_coupled,1.0,0.0,0.0,1.0,0.0,0.0,0.0,25,0.16,0.0,0.0
fast_ripple,sub-18,2,independent,46.0,30.0,0.0,16.0,0.6521739130434783,0.6521739130434783,1.0,3,0.6666666666666666,0.0,0.0
fast_ripple,sub-18,2,merged,47.0,30.0,0.0,17.0,0.6382978723404256,0.6382978723404256,1.0,3,0.6666666666666666,0.0,0.0
fast_ripple,sub-18,3,spike_coupled,0.0,0.0,0.0,0.0,,,,0,,,
fast_ripple,sub-18,3,independent,57.0,48.0,0.0,9.0,0.8421052631578947,0.8421052631578947,1.0,2,1.0,1.0,0.0
fast_ripple,sub-18,3,merged,57.0,48.0,0.0,9.0,0.8421052631578947,0.8421052631578947,1.0,2,1.0,1.0,0.0
fast_ripple,sub-18,4,spike_coupled,0.0,0.0,0.0,0.0,,,,0,,,
fast_ripple,sub-18,4,independent,85.0,79.0,0.0,6.0,0.9294117647058824,0.9294117647058824,1.0,2,1.0,1.0,0.0
fast_ripple,sub-18,4,merged,85.0,79.0,0.0,6.0,0.9294117647058824,0.9294117647058824,1.0,2,1.0,1.0,0.0
fast_ripple,sub-19,0,spike_coupled,13.0,0.0,0.0,13.0,0.0,0.0,0.0,42,0.1428571428571428,0.0,0.0
fast_ripple,sub-19,0,independent,212.0,38.0,0.0,174.0,0.1792452830188679,0.1792452830188679,0.0,2,0.0,0.0,0.0
fast_ripple,sub-19,0,merged,225.0,38.0,0.0,187.0,0.1688888888888889,0.1688888888888889,0.0,2,0.0,0.0,0.0
fast_ripple,sub-19,1,spike_coupled,8.0,0.0,0.0,8.0,0.0,0.0,0.0,42,0.1428571428571428,0.0,0.0
fast_ripple,sub-19,1,independent,300.0,94.0,0.0,206.0,0.3133333333333333,0.3133333333333333,1.0,3,0.3333333333333333,0.0,0.0
fast_ripple,sub-19,1,merged,308.0,94.0,0.0,214.0,0.3051948051948052,0.3051948051948052,1.0,3,0.3333333333333333,0.0,0.0
fast_ripple,sub-19,2,spike_coupled,44.0,2.0,4.0,38.0,0.0454545454545454,0.1363636363636363,0.0,8,0.0,0.0,0.0
fast_ripple,sub-19,2,independent,421.0,109.0,18.0,294.0,0.2589073634204275,0.3016627078384798,0.0,3,0.3333333333333333,0.0,0.0
fast_ripple,sub-19,2,merged,465.0,111.0,22.0,332.0,0.2387096774193548,0.2860215053763441,0.0,3,0.3333333333333333,0.0,0.0
fast_ripple,sub-19,3,spike_coupled,8.0,0.0,0.0,8.0,0.0,0.0,0.0,42,0.1428571428571428,0.0,0.0
fast_ripple,sub-19,3,independent,188.0,1.0,0.0,187.0,0.0053191489361702,0.0053191489361702,0.0,2,0.0,0.0,0.0
fast_ripple,sub-19,3,merged,196.0,1.0,0.0,195.0,0.0051020408163265,0.0051020408163265,0.0,2,0.0,0.0,0.0
fast_ripple,sub-19,4,spike_coupled,39.0,5.0,0.0,34.0,0.1282051282051282,0.1282051282051282,0.0,15,0.2,0.0,0.0
fast_ripple,sub-19,4,independent,229.0,22.0,8.0,199.0,0.0960698689956331,0.131004366812227,0.0,2,0.0,0.0,0.0
fast_ripple,sub-19,4,merged,268.0,27.0,8.0,233.0,0.1007462686567164,0.1305970149253731,0.0,2,0.0,0.0,0.0
fast_ripple,sub-20,0,spike_coupled,1.0,0.0,1.0,0.0,0.0,1.0,0.0,12,0.4166666666666667,0.0,0.0
fast_ripple,sub-20,0,independent,21.0,6.0,3.0,12.0,0.2857142857142857,0.4285714285714285,0.0,8,0.375,0.0,0.0
fast_ripple,sub-20,0,merged,22.0,6.0,4.0,12.0,0.2727272727272727,0.4545454545454545,0.0,8,0.375,0.0,0.0
fast_ripple,sub-20,1,spike_coupled,0.0,0.0,0.0,0.0,,,,0,,,
fast_ripple,sub-20,1,independent,13.0,3.0,4.0,6.0,0.2307692307692307,0.5384615384615384,0.0,12,0.4166666666666667,0.0,0.0
fast_ripple,sub-20,1,merged,13.0,3.0,4.0,6.0,0.2307692307692307,0.5384615384615384,0.0,12,0.4166666666666667,0.0,0.0
fast_ripple,sub-20,2,spike_coupled,0.0,0.0,0.0,0.0,,,,0,,,
fast_ripple,sub-20,2,independent,12.0,4.0,2.0,6.0,0.3333333333333333,0.5,0.0,12,0.4166666666666667,0.0,0.0
fast_ripple,sub-20,2,merged,12.0,4.0,2.0,6.0,0.3333333333333333,0.5,0.0,12,0.4166666666666667,0.0,0.0
fast_ripple,sub-20,3,spike_coupled,0.0,0.0,0.0,0.0,,,,0,,,
fast_ripple,sub-20,3,independent,14.0,4.0,4.0,6.0,0.2857142857142857,0.5714285714285714,0.0,12,0.4166666666666667,0.0,0.0
fast_ripple,sub-20,3,merged,14.0,4.0,4.0,6.0,0.2857142857142857,0.5714285714285714,0.0,12,0.4166666666666667,0.0,0.0
fast_ripple,sub-20,4,spike_coupled,0.0,0.0,0.0,0.0,,,,0,,,
fast_ripple,sub-20,4,independent,18.0,0.0,0.0,18.0,0.0,0.0,0.0,3,0.0,0.0,0.0
fast_ripple,sub-20,4,merged,18.0,0.0,0.0,18.0,0.0,0.0,0.0,3,0.0,0.0,0.0
