band,metric,population,n_SF,n_rec,mean_SF,mean_rec,auc,lo,hi,p,p_bonferroni
ripple,top_channel_resected,merged,13,7,0.6000000000000001,0.22857142857142856,0.7472527472527473,0.5274725274725275,0.9340659340659341,0.07159442724458204,0.6443498452012384
ripple,top_channel_resected,spike_coupled,13,6,0.5999999999999999,0.6666666666666666,0.48717948717948717,0.23076923076923078,0.7371794871794872,0.949874686716792,1.0
ripple,top_channel_resected,independent,13,7,0.5384615384615385,0.17142857142857143,0.7362637362637363,0.5164835164835165,0.9230769230769231,0.07291021671826625,0.6561919504643963
ripple,candidates_resected,merged,13,7,0.5596180366700522,0.36948979591836734,0.6483516483516484,0.3956043956043956,0.8681318681318682,0.31051341589267284,1.0
ripple,candidates_resected,spike_coupled,13,6,0.5088477540287495,0.48798963033745646,0.5128205128205128,0.21794871794871795,0.7948717948717948,0.9486584107327142,1.0
ripple,candidates_resected,independent,13,7,0.51467085830208,0.3633403104831676,0.6208791208791209,0.36250000000000004,0.8516483516483516,0.40268317853457175,1.0
ripple,share_in_rz,merged,13,7,0.37937493306184966,0.39335340294166604,0.5274725274725275,0.25274725274725274,0.7914835164835174,0.8772961816305469,1.0
ripple,share_in_rz,spike_coupled,13,6,0.5077052252592006,0.5360352140868806,0.47435897435897434,0.21794871794871795,0.7307692307692307,0.8982750995134896,1.0
ripple,share_in_rz,independent,13,7,0.37452671912390595,0.38511966077232135,0.5164835164835165,0.25274725274725274,0.7802197802197802,0.9384674922600619,1.0
fast_ripple,top_channel_resected,merged,13,7,0.7999999999999999,0.42857142857142855,0.7527472527472527,0.5273351648351648,0.945054945054945,0.03849329205366357,0.34643962848297216
fast_ripple,top_channel_resected,spike_coupled,12,6,0.775,0.26666666666666666,0.8055555555555556,0.5692708333333334,1.0,0.025479422538246067,0.22931480284421463
fast_ripple,top_channel_resected,independent,12,7,0.8166666666666668,0.42857142857142855,0.75,0.5119047619047619,0.9523809523809523,0.05735492577597841,0.5161943319838057
fast_ripple,candidates_resected,merged,13,7,0.5504575934100822,0.47011564625850344,0.5769230769230769,0.2857142857142857,0.8298076923076929,0.6004514963880289,1.0
fast_ripple,candidates_resected,spike_coupled,12,6,0.4645827466262249,0.4762907317255143,0.4791666666666667,0.1803819444444445,0.7777777777777778,0.9110644257703081,1.0
fast_ripple,candidates_resected,independent,12,7,0.5601393464628759,0.4635170068027211,0.5833333333333334,0.2916666666666667,0.8452380952380952,0.5757124712233072,1.0
fast_ripple,share_in_rz,merged,13,7,0.6285102495605348,0.3948504726275001,0.7142857142857143,0.45604395604395603,0.9230769230769231,0.13000515995872033,1.0
fast_ripple,share_in_rz,spike_coupled,12,6,0.734084545105843,0.289454455840671,0.8263888888888888,0.6041666666666666,1.0,0.021331609566903685,0.19198448610213315
fast_ripple,share_in_rz,independent,12,7,0.6704919325067111,0.39589807830283075,0.7619047619047619,0.5,0.9642857142857143,0.06445979201397158,0.5801381281257443
