subject,run,acq,site,seizure_free,engel,analysed_onset_s,onset_s,marker,status,sfreq,n_channels,n_soz,n_detected,auc_ei,auc_er,top_in_zone,seconds
sub-HUP060,01,seeg,SEEG,False,3A,80.0,80.0,sz onset,ok,500.0,26.0,4.0,15.0,0.6704545454545454,0.5227272727272727,True,2.5
sub-HUP060,02,seeg,SEEG,False,3A,80.0,80.0,sz onset,ok,500.0,26.0,4.0,13.0,0.6136363636363636,0.6022727272727273,False,1.9
sub-HUP060,03,seeg,SEEG,False,3A,80.0,80.0,sz onset,ok,500.0,26.0,4.0,10.0,0.8181818181818182,0.8295454545454546,True,1.2
sub-HUP064,01,ecog,ECOG,True,1D,80.0,80.0,sz onset,ok,512.0,81.0,4.0,30.0,0.6331168831168831,0.5616883116883117,False,2.0
sub-HUP065,01,ecog,ECOG,True,1B,80.0,80.0,sz onset,ok,512.0,63.0,18.0,48.0,0.5728395061728395,0.6061728395061728,True,1.9
sub-HUP065,02,ecog,ECOG,True,1B,80.0,80.0,sz onset,ok,512.0,63.0,18.0,14.0,0.44814814814814813,0.4691358024691358,False,1.7
sub-HUP065,03,ecog,ECOG,True,1B,80.0,80.0,sz onset,ok,512.0,63.0,18.0,55.0,0.46358024691358024,0.40185185185185185,False,2.1
sub-HUP070,01,ecog,ECOG,True,1B,80.0,80.0,sz onset,ok,512.0,61.0,13.0,37.0,0.8589743589743589,0.8125,True,1.4
sub-HUP070,02,ecog,ECOG,True,1B,80.0,80.0,sz onset,ok,512.0,61.0,13.0,24.0,0.7211538461538461,0.7948717948717948,False,1.3
sub-HUP070,03,ecog,ECOG,True,1B,80.0,80.0,sz onset,ok,512.0,61.0,13.0,23.0,0.9711538461538461,0.9855769230769231,True,1.3
sub-HUP074,01,ecog,ECOG,True,1C,80.0,80.0,sz onset,ok,512.0,103.0,9.0,28.0,0.39952718676122934,0.41725768321513,False,1.9
sub-HUP074,02,ecog,ECOG,True,1C,80.0,80.0,sz onset,ok,512.0,103.0,9.0,56.0,0.48936170212765956,0.4739952718676123,False,2.3
sub-HUP074,03,ecog,ECOG,True,1C,80.0,80.0,sz onset,ok,512.0,103.0,9.0,44.0,0.3120567375886525,0.30141843971631205,False,1.8
sub-HUP075,01,ecog,ECOG,False,4A,80.0,80.0,sz onset,ok,512.0,93.0,11.0,48.0,0.3736141906873614,0.42017738359201773,False,2.2
sub-HUP080,01,ecog,ECOG,False,2C,80.0,80.0,sz onset,ok,512.0,85.0,19.0,11.0,0.5215311004784688,0.5175438596491229,True,1.8
sub-HUP080,02,ecog,ECOG,False,2C,80.0,80.0,sz onset,ok,512.0,85.0,19.0,13.0,0.4756778309409888,0.4700956937799043,True,2.0
sub-HUP080,03,ecog,ECOG,False,2C,80.0,80.0,sz onset,ok,512.0,85.0,19.0,16.0,0.4481658692185008,0.4370015948963317,False,2.0
sub-HUP082,01,ecog,ECOG,True,1A,80.0,80.0,sz onset,ok,512.0,81.0,18.0,28.0,0.5238095238095238,0.5114638447971781,True,1.4
sub-HUP082,02,ecog,ECOG,True,1A,80.0,80.0,sz onset,ok,512.0,81.0,18.0,36.0,0.699294532627866,0.6887125220458554,False,2.0
sub-HUP082,03,ecog,ECOG,True,1A,80.0,80.0,sz onset,ok,512.0,81.0,18.0,48.0,0.5590828924162258,0.5890652557319224,True,1.7
sub-HUP086,01,ecog,ECOG,False,2A,80.0,80.0,sz onset,ok,512.0,87.0,9.0,8.0,0.44871794871794873,0.44871794871794873,False,1.8
sub-HUP086,02,ecog,ECOG,False,2A,80.0,80.0,sz onset,ok,512.0,87.0,9.0,5.0,0.46794871794871795,0.46794871794871795,False,2.1
sub-HUP087,01,ecog,ECOG,True,1D,80.0,80.0,sz onset,ok,512.0,73.0,13.0,13.0,0.5903846153846154,0.5865384615384616,True,1.6
sub-HUP087,02,ecog,ECOG,True,1D,80.0,80.0,sz onset,ok,512.0,73.0,13.0,15.0,0.46987179487179487,0.4685897435897436,False,1.9
sub-HUP088,01,ecog,ECOG,True,1D,80.0,80.0,sz onset,ok,512.0,41.0,9.0,10.0,0.4270833333333333,0.4027777777777778,False,2.5
sub-HUP088,02,ecog,ECOG,True,1D,80.0,80.0,sz onset,ok,512.0,41.0,9.0,12.0,0.4479166666666667,0.4305555555555556,False,2.3
sub-HUP088,03,ecog,ECOG,True,1D,80.0,80.0,sz onset,ok,512.0,41.0,9.0,11.0,0.4565972222222222,0.453125,False,1.9
sub-HUP089,01,ecog,ECOG,True,1B,80.0,80.0,sz onset,ok,512.0,83.0,3.0,33.0,0.29375,0.29375,False,2.4
sub-HUP089,02,ecog,ECOG,True,1B,80.0,80.0,sz onset,ok,512.0,83.0,3.0,20.0,0.375,0.375,False,1.6
sub-HUP089,03,ecog,ECOG,True,1B,80.0,80.0,sz onset,ok,512.0,83.0,3.0,29.0,0.49166666666666664,0.4791666666666667,False,1.5
sub-HUP094,01,ecog,ECOG,True,1B,80.0,80.0,sz onset,ok,500.0,67.0,3.0,22.0,0.7239583333333334,0.6354166666666666,False,1.8
sub-HUP094,02,ecog,ECOG,True,1B,80.0,80.0,sz onset,ok,500.0,67.0,3.0,19.0,0.9895833333333334,0.890625,True,1.4
sub-HUP094,03,ecog,ECOG,True,1B,80.0,80.0,sz onset,ok,500.0,67.0,3.0,25.0,0.5,0.5,False,2.0
sub-HUP097,01,ecog,ECOG,True,1D,80.0,80.0,sz onset,ok,500.0,76.0,9.0,13.0,0.703150912106136,0.7048092868988391,False,1.9
sub-HUP097,02,ecog,ECOG,True,1D,80.0,80.0,sz onset,ok,500.0,76.0,9.0,32.0,0.5870646766169154,0.538971807628524,False,1.8
sub-HUP097,03,ecog,ECOG,True,1D,80.0,80.0,sz onset,ok,500.0,76.0,9.0,13.0,0.5920398009950248,0.5887230514096186,False,1.6
sub-HUP105,01,ecog,ECOG,True,1A,80.0,80.0,sz onset,ok,500.0,41.0,8.0,5.0,0.4943181818181818,0.4943181818181818,False,1.3
sub-HUP105,02,ecog,ECOG,True,1A,80.0,80.0,sz onset,ok,500.0,41.0,8.0,13.0,0.5359848484848485,0.5132575757575758,False,1.2
sub-HUP106,01,ecog,ECOG,True,1B,80.0,80.0,sz onset,ok,500.0,102.0,5.0,31.0,0.8701030927835052,0.8103092783505155,True,1.9
sub-HUP106,02,ecog,ECOG,True,1B,80.0,80.0,sz onset,ok,500.0,102.0,5.0,26.0,0.688659793814433,0.7257731958762886,False,2.8
sub-HUP106,03,ecog,ECOG,True,1B,80.0,80.0,sz onset,ok,500.0,102.0,5.0,51.0,0.7237113402061855,0.6948453608247422,False,2.0
sub-HUP107,01,ecog,ECOG,True,1A,80.0,80.0,sz onset,ok,500.0,102.0,24.0,45.0,0.6020299145299145,0.6153846153846154,False,2.3
sub-HUP107,02,ecog,ECOG,True,1A,80.0,80.0,sz onset,ok,500.0,102.0,24.0,67.0,0.6618589743589743,0.7126068376068376,False,2.3
sub-HUP107,03,ecog,ECOG,True,1A,80.0,80.0,sz onset,ok,500.0,102.0,24.0,94.0,0.3031517094017094,0.39663461538461536,False,2.1
sub-HUP111,01,ecog,ECOG,True,1B,80.0,80.0,sz onset,ok,500.0,86.0,16.0,33.0,0.49464285714285716,0.5044642857142857,False,2.0
sub-HUP111,02,ecog,ECOG,True,1B,80.0,80.0,sz onset,ok,500.0,86.0,16.0,9.0,0.47410714285714284,0.4705357142857143,False,1.8
sub-HUP111,03,ecog,ECOG,True,1B,80.0,80.0,sz onset,ok,500.0,86.0,16.0,54.0,0.3513392857142857,0.31026785714285715,False,1.6
sub-HUP112,01,seeg,SEEG,False,3A,80.0,80.0,sz onset,ok,500.0,71.0,0.0,71.0,,,False,1.9
sub-HUP112,02,seeg,SEEG,False,3A,80.0,80.0,sz onset,ok,500.0,71.0,0.0,66.0,,,False,1.7
sub-HUP112,03,seeg,SEEG,False,3A,80.0,80.0,sz onset,ok,500.0,71.0,0.0,55.0,,,False,1.4
sub-HUP114,01,ecog,ECOG,False,3A,80.0,80.0,sz onset,ok,500.0,80.0,2.0,22.0,0.358974358974359,0.358974358974359,False,2.5
sub-HUP114,02,ecog,ECOG,False,3A,80.0,80.0,sz onset,ok,500.0,80.0,2.0,15.0,0.40384615384615385,0.40384615384615385,False,1.8
sub-HUP114,03,ecog,ECOG,False,3A,80.0,80.0,sz onset,ok,500.0,80.0,2.0,22.0,0.8141025641025641,0.8717948717948718,False,1.7
sub-HUP116,01,seeg,SEEG,True,1A,80.0,80.0,sz onset,ok,500.0,9.0,6.0,5.0,0.7222222222222222,0.5555555555555556,True,1.3
sub-HUP116,02,seeg,SEEG,True,1A,80.0,80.0,sz onset,ok,500.0,9.0,6.0,2.0,0.4444444444444444,0.3888888888888889,True,1.3
sub-HUP116,03,seeg,SEEG,True,1A,80.0,80.0,sz onset,ok,500.0,9.0,6.0,3.0,0.75,0.75,True,1.1
sub-HUP117,01,seeg,SEEG,True,1A,80.0,80.0,sz onset,ok,500.0,18.0,6.0,7.0,0.4583333333333333,0.4444444444444444,False,1.3
sub-HUP117,02,seeg,SEEG,True,1A,80.0,80.0,sz onset,ok,500.0,18.0,6.0,4.0,0.5972222222222222,0.5972222222222222,True,1.8
sub-HUP117,03,seeg,SEEG,True,1A,80.0,80.0,sz onset,ok,500.0,18.0,6.0,3.0,0.4861111111111111,0.5,False,1.1
sub-HUP123,01,ecog,ECOG,True,1A,80.0,80.0,sz onset,ok,500.0,100.0,9.0,49.0,0.6703296703296703,0.6568986568986569,True,2.1
sub-HUP123,02,ecog,ECOG,True,1A,80.0,80.0,sz onset,ok,500.0,100.0,9.0,27.0,0.5604395604395604,0.5482295482295483,True,1.9
sub-HUP123,03,ecog,ECOG,True,1A,80.0,80.0,sz onset,ok,500.0,100.0,9.0,33.0,0.5921855921855922,0.5982905982905983,False,1.8
sub-HUP126,01,ecog,ECOG,True,1A,80.0,80.0,sz onset,ok,1024.0,110.0,4.0,41.0,0.7382075471698113,0.7004716981132075,False,5.2
sub-HUP126,02,ecog,ECOG,True,1A,80.0,80.0,sz onset,ok,1024.0,110.0,4.0,36.0,0.8231132075471698,0.7900943396226415,False,2.6
sub-HUP126,03,ecog,ECOG,True,1A,80.0,80.0,sz onset,ok,1024.0,110.0,4.0,31.0,0.4811320754716981,0.47641509433962265,False,4.1
sub-HUP130,01,seeg,SEEG,True,1B,80.0,80.0,sz onset,ok,1024.0,103.0,2.0,54.0,0.23267326732673269,0.23267326732673269,False,3.3
sub-HUP130,02,seeg,SEEG,True,1B,80.0,80.0,sz onset,ok,1024.0,103.0,2.0,59.0,0.6485148514851485,0.9207920792079208,False,3.5
sub-HUP130,03,seeg,SEEG,True,1B,80.0,80.0,sz onset,ok,1024.0,103.0,2.0,22.0,0.3910891089108911,0.3910891089108911,False,3.5
sub-HUP132,01,seeg,SEEG,False,3A,,,,no onset-zone contacts marked,,,,,,,,
sub-HUP132,02,seeg,SEEG,False,3A,,,,no onset-zone contacts marked,,,,,,,,
sub-HUP132,03,seeg,SEEG,False,3A,,,,no onset-zone contacts marked,,,,,,,,
sub-HUP132,04,seeg,SEEG,False,3A,,,,no onset-zone contacts marked,,,,,,,,
sub-HUP132,05,seeg,SEEG,False,3A,,,,no onset-zone contacts marked,,,,,,,,
sub-HUP133,01,seeg,SEEG,False,3A,80.0,80.0,sz onset,ok,512.0,65.0,5.0,33.0,0.3233333333333333,0.35333333333333333,False,1.8
sub-HUP133,02,seeg,SEEG,False,3A,80.0,80.0,sz onset,ok,512.0,65.0,5.0,28.0,0.38333333333333336,0.3466666666666667,False,1.9
sub-HUP133,03,seeg,SEEG,False,3A,80.0,80.0,sz onset,ok,512.0,65.0,5.0,17.0,0.44,0.4533333333333333,False,1.7
sub-HUP134,01,seeg,SEEG,True,1B,80.0,80.0,sz onset,ok,1024.0,71.0,5.0,9.0,0.5484848484848485,0.5333333333333333,False,2.5
sub-HUP135,01,seeg,SEEG,False,2A,80.0,80.0,sz onset,ok,512.0,92.0,2.0,12.0,0.43333333333333335,0.43333333333333335,False,1.4
sub-HUP135,02,seeg,SEEG,False,2A,80.0,80.0,sz onset,ok,512.0,92.0,2.0,21.0,0.6888888888888889,0.65,False,1.5
sub-HUP138,01,seeg,SEEG,False,4A,80.0,80.0,sz onset,ok,1024.0,82.0,4.0,81.0,0.3814102564102564,0.3942307692307692,False,3.3
sub-HUP138,02,seeg,SEEG,False,4A,80.0,80.0,sz onset,ok,1024.0,82.0,4.0,23.0,0.3525641025641026,0.3525641025641026,False,3.4
sub-HUP138,03,seeg,SEEG,False,4A,80.0,80.0,sz onset,ok,1024.0,82.0,4.0,20.0,0.3717948717948718,0.3717948717948718,False,4.1
sub-HUP139,01,seeg,SEEG,True,1A,80.0,80.0,sz onset,ok,1024.0,62.0,10.0,36.0,0.573076923076923,0.7269230769230769,False,4.0
sub-HUP139,02,seeg,SEEG,True,1A,80.0,80.0,sz onset,ok,1024.0,62.0,10.0,47.0,0.6019230769230769,0.6096153846153847,True,3.3
sub-HUP139,03,seeg,SEEG,True,1A,80.0,80.0,sz onset,ok,1024.0,62.0,10.0,23.0,0.5115384615384615,0.5134615384615384,True,2.2
sub-HUP140,01,seeg,SEEG,True,1B,80.0,80.0,sz onset,ok,1024.0,73.0,4.0,32.0,0.8840579710144928,0.9492753623188406,False,2.3
sub-HUP140,02,seeg,SEEG,True,1B,80.0,80.0,sz onset,ok,1024.0,73.0,4.0,12.0,0.5652173913043478,0.5253623188405797,True,2.7
sub-HUP140,03,seeg,SEEG,True,1B,80.0,80.0,sz onset,ok,1024.0,73.0,4.0,17.0,0.5054347826086957,0.49818840579710144,False,2.7
sub-HUP141,01,seeg,SEEG,True,1C,80.0,80.0,sz onset,ok,512.0,78.0,13.0,22.0,0.7479289940828402,0.7609467455621302,False,3.4
sub-HUP141,02,seeg,SEEG,True,1C,80.0,80.0,sz onset,ok,512.0,78.0,13.0,25.0,0.6224852071005917,0.6355029585798817,False,1.6
sub-HUP141,03,seeg,SEEG,True,1C,80.0,80.0,sz onset,ok,512.0,78.0,13.0,35.0,0.5337278106508876,0.5810650887573965,False,1.5
sub-HUP142,01,seeg,SEEG,True,1D,80.0,80.0,sz onset,ok,512.0,95.0,15.0,24.0,0.7383333333333333,0.7458333333333333,False,2.4
sub-HUP142,02,seeg,SEEG,True,1D,80.0,80.0,sz onset,ok,512.0,95.0,15.0,25.0,0.555,0.5341666666666667,False,1.9
sub-HUP142,03,seeg,SEEG,True,1D,80.0,80.0,sz onset,ok,512.0,95.0,15.0,10.0,0.515,0.5133333333333333,False,1.6
sub-HUP144,01,seeg,SEEG,True,1D,80.0,80.0,sz onset,ok,512.0,98.0,7.0,22.0,0.532967032967033,0.5282574568288854,False,2.4
sub-HUP144,02,seeg,SEEG,True,1D,80.0,80.0,sz onset,ok,512.0,98.0,7.0,24.0,0.5486656200941915,0.5141287284144427,False,1.3
sub-HUP144,03,seeg,SEEG,True,1D,80.0,80.0,sz onset,ok,512.0,98.0,7.0,35.0,0.7111459968602826,0.7598116169544741,True,2.3
sub-HUP146,01,seeg,SEEG,True,1A,80.0,80.0,sz onset,ok,1024.0,88.0,11.0,47.0,0.19480519480519481,0.19480519480519481,False,3.2
sub-HUP146,02,seeg,SEEG,True,1A,80.0,80.0,sz onset,ok,1024.0,88.0,11.0,69.0,0.19244391971664698,0.21251475796930341,False,4.1
sub-HUP146,03,seeg,SEEG,True,1A,80.0,80.0,sz onset,ok,1024.0,88.0,11.0,34.0,0.34238488783943327,0.3187721369539551,False,3.0
sub-HUP148,01,seeg,SEEG,True,1A,80.0,80.0,sz onset,ok,512.0,91.0,26.0,27.0,0.6940828402366864,0.6798816568047338,True,2.7
sub-HUP148,02,seeg,SEEG,True,1A,80.0,80.0,sz onset,ok,512.0,91.0,26.0,34.0,0.6100591715976331,0.6301775147928994,False,1.6
sub-HUP148,03,seeg,SEEG,True,1A,80.0,80.0,sz onset,ok,512.0,91.0,26.0,4.0,0.4952662721893491,0.4952662721893491,False,2.2
sub-HUP150,01,seeg,SEEG,True,1B,80.0,80.0,sz onset,ok,512.0,79.0,10.0,25.0,0.4956521739130435,0.5028985507246376,False,1.9
sub-HUP150,02,seeg,SEEG,True,1B,80.0,80.0,sz onset,ok,512.0,79.0,10.0,33.0,0.5942028985507246,0.6217391304347826,False,1.6
sub-HUP150,03,seeg,SEEG,True,1B,80.0,80.0,sz onset,ok,512.0,79.0,10.0,40.0,0.7579710144927536,0.6971014492753623,True,2.2
sub-HUP157,01,seeg,SEEG,True,1B,80.0,80.0,sz onset,ok,1024.0,145.0,15.0,87.0,0.4258974358974359,0.3941025641025641,False,5.3
sub-HUP157,02,seeg,SEEG,True,1B,80.0,80.0,sz onset,ok,1024.0,145.0,15.0,59.0,0.5538461538461539,0.5605128205128205,False,5.6
sub-HUP157,03,seeg,SEEG,True,1B,80.0,80.0,sz onset,ok,1024.0,145.0,15.0,65.0,0.6253846153846154,0.6366666666666667,False,5.0
sub-HUP158,04,seeg,SEEG,False,3A,80.0,80.0,sz onset,ok,512.0,164.0,4.0,62.0,0.30625,0.30625,False,2.8
sub-HUP160,01,seeg,SEEG,True,1A,80.0,80.0,sz onset,ok,1024.0,90.0,23.0,58.0,0.4828033744321869,0.5191434133679429,False,3.6
sub-HUP160,02,seeg,SEEG,True,1A,80.0,80.0,sz onset,ok,1024.0,90.0,23.0,48.0,0.6521739130434783,0.6580142764438677,False,3.1
sub-HUP160,03,seeg,SEEG,True,1A,80.0,80.0,sz onset,ok,1024.0,90.0,23.0,42.0,0.6171317326411421,0.6151849448410124,False,4.0
sub-HUP162,01,seeg,SEEG,False,3A,80.0,80.0,sz onset,ok,1024.0,151.0,11.0,95.0,0.22012987012987012,0.2694805194805195,False,4.7
sub-HUP162,02,seeg,SEEG,False,3A,80.0,80.0,sz onset,ok,1024.0,151.0,11.0,42.0,0.537012987012987,0.5584415584415584,True,5.7
sub-HUP162,03,seeg,SEEG,False,3A,80.0,80.0,sz onset,ok,1024.0,151.0,11.0,71.0,0.6149350649350649,0.5993506493506493,False,6.2
sub-HUP163,01,seeg,SEEG,True,1D,80.0,80.0,sz onset,ok,1024.0,142.0,6.0,82.0,0.46691176470588236,0.4117647058823529,True,5.1
sub-HUP163,02,seeg,SEEG,True,1D,80.0,80.0,sz onset,ok,1024.0,142.0,6.0,54.0,0.6715686274509803,0.6715686274509803,False,5.6
sub-HUP163,03,seeg,SEEG,True,1D,80.0,80.0,sz onset,ok,1024.0,142.0,6.0,49.0,0.46078431372549017,0.44362745098039214,False,6.1
sub-HUP164,01,seeg,SEEG,True,1D,80.0,80.0,sz onset,ok,1024.0,160.0,9.0,123.0,0.1287711552612215,0.11846946284032377,False,4.5
sub-HUP164,02,seeg,SEEG,True,1D,80.0,80.0,sz onset,ok,1024.0,160.0,9.0,97.0,0.2568064753495217,0.22663723325974983,False,4.2
sub-HUP164,03,seeg,SEEG,True,1D,80.0,80.0,sz onset,ok,1024.0,160.0,9.0,55.0,0.5320088300220751,0.5320088300220751,False,7.2
sub-HUP166,01,seeg,SEEG,False,3A,80.0,80.0,sz onset,ok,1024.0,145.0,5.0,37.0,0.6728571428571428,0.6885714285714286,False,5.8
sub-HUP166,02,seeg,SEEG,False,3A,80.0,80.0,sz onset,ok,1024.0,145.0,5.0,29.0,0.8078571428571428,0.7992857142857143,False,5.2
sub-HUP171,01,seeg,SEEG,False,2A,80.0,80.0,sz onset,ok,512.0,124.0,19.0,82.0,0.7283208020050125,0.6857142857142857,False,2.3
sub-HUP171,02,seeg,SEEG,False,2A,80.0,80.0,sz onset,ok,512.0,124.0,19.0,79.0,0.7152882205513784,0.7132832080200501,True,3.2
sub-HUP171,03,seeg,SEEG,False,2A,80.0,80.0,sz onset,ok,512.0,124.0,19.0,85.0,0.6451127819548872,0.5609022556390978,False,2.9
sub-HUP172,01,seeg,SEEG,False,2A,80.0,80.0,sz onset,ok,512.0,111.0,10.0,53.0,0.4806930693069307,0.4876237623762376,False,2.5
sub-HUP172,02,seeg,SEEG,False,2A,80.0,80.0,sz onset,ok,512.0,111.0,10.0,17.0,0.46584158415841587,0.4688118811881188,False,2.7
sub-HUP172,03,seeg,SEEG,False,2A,80.0,80.0,sz onset,ok,512.0,111.0,10.0,55.0,0.5193069306930693,0.5420792079207921,True,2.1
sub-HUP173,01,seeg,SEEG,True,1A,80.0,80.0,sz onset,ok,256.0,104.0,8.0,33.0,0.53515625,0.5299479166666666,False,1.2
sub-HUP173,02,seeg,SEEG,True,1A,80.0,80.0,sz onset,ok,256.0,104.0,8.0,42.0,0.5729166666666666,0.58203125,False,2.1
sub-HUP173,03,seeg,SEEG,True,1A,80.0,80.0,sz onset,ok,256.0,104.0,8.0,32.0,0.8235677083333334,0.830078125,False,2.1
sub-HUP177,01,seeg,SEEG,True,1A,80.0,80.0,sz onset,ok,512.0,153.0,12.0,53.0,0.8823877068557919,0.8900709219858156,False,2.1
sub-HUP177,02,seeg,SEEG,True,1A,80.0,80.0,sz onset,ok,512.0,153.0,12.0,66.0,0.48936170212765956,0.5549645390070922,False,3.0
sub-HUP177,03,seeg,SEEG,True,1A,80.0,80.0,sz onset,ok,512.0,153.0,12.0,63.0,0.608451536643026,0.6385933806146572,False,3.8
sub-HUP179,01,seeg,SEEG,False,3A,80.0,80.0,sz onset,ok,512.0,141.0,40.0,42.0,0.4452970297029703,0.4495049504950495,False,3.5
sub-HUP179,02,seeg,SEEG,False,3A,80.0,80.0,sz onset,ok,512.0,141.0,40.0,96.0,0.5982673267326732,0.6388613861386139,False,2.5
sub-HUP180,01,seeg,SEEG,True,1A,80.0,80.0,sz onset,ok,512.0,101.0,13.0,31.0,0.5734265734265734,0.5699300699300699,False,2.6
sub-HUP180,02,seeg,SEEG,True,1A,80.0,80.0,sz onset,ok,512.0,101.0,13.0,57.0,0.493006993006993,0.5550699300699301,False,1.5
sub-HUP180,03,seeg,SEEG,True,1A,80.0,80.0,sz onset,ok,512.0,101.0,13.0,21.0,0.5458916083916084,0.534527972027972,False,1.7
sub-HUP181,01,seeg,SEEG,False,3A,80.0,80.0,sz onset,ok,512.0,122.0,9.0,33.0,0.5545722713864307,0.5693215339233039,False,3.3
sub-HUP181,02,seeg,SEEG,False,3A,80.0,80.0,sz onset,ok,512.0,122.0,9.0,27.0,0.4296951819075713,0.4326450344149459,False,1.8
sub-HUP181,03,seeg,SEEG,False,3A,80.0,80.0,sz onset,ok,512.0,122.0,9.0,26.0,0.38495575221238937,0.38495575221238937,False,2.8
sub-HUP185,01,seeg,SEEG,True,1A,80.0,80.0,sz onset,ok,512.0,100.0,6.0,34.0,0.3945035460992908,0.38563829787234044,False,2.2
sub-HUP185,02,seeg,SEEG,True,1A,80.0,80.0,sz onset,ok,512.0,100.0,6.0,58.0,0.38652482269503546,0.2872340425531915,False,2.3
sub-HUP185,03,seeg,SEEG,True,1A,80.0,80.0,sz onset,ok,512.0,100.0,6.0,84.0,0.44060283687943264,0.46365248226950356,False,2.3
sub-HUP187,01,seeg,SEEG,False,2A,80.0,80.0,sz onset,ok,512.0,75.0,14.0,14.0,0.509367681498829,0.5163934426229508,False,1.3
sub-HUP187,02,seeg,SEEG,False,2A,80.0,80.0,sz onset,ok,512.0,75.0,14.0,15.0,0.6094847775175644,0.5977751756440282,True,1.9
sub-HUP187,03,seeg,SEEG,False,2A,80.0,80.0,sz onset,ok,512.0,75.0,14.0,15.0,0.5193208430913349,0.5216627634660421,False,1.7
sub-HUP188,01,seeg,SEEG,False,3A,80.0,80.0,sz onset,ok,512.0,145.0,23.0,47.0,0.630256593014968,0.6063791874554526,False,3.0
sub-HUP188,02,seeg,SEEG,False,3A,80.0,80.0,sz onset,ok,512.0,145.0,23.0,96.0,0.47861724875267286,0.5751960085531005,False,2.7
sub-HUP188,03,seeg,SEEG,False,3A,80.0,80.0,sz onset,ok,512.0,145.0,23.0,106.0,0.5060584461867427,0.5427655024946543,False,3.3
sub-HUP190,01,seeg,SEEG,False,3A,80.0,80.0,sz onset,ok,1024.0,132.0,12.0,30.0,0.5954861111111112,0.6246527777777777,False,5.3
sub-HUP190,02,seeg,SEEG,False,3A,80.0,80.0,sz onset,ok,1024.0,132.0,12.0,70.0,0.5642361111111112,0.446875,False,3.9
sub-HUP190,03,seeg,SEEG,False,3A,80.0,80.0,sz onset,ok,1024.0,132.0,12.0,36.0,0.42083333333333334,0.4222222222222222,False,3.7
