subject,site,seizure_free,engel,n_seizures,n_channels,n_soz,auc_ei,auc_er,top_in_zone
sub-HUP060,SEEG,False,3A,3,26,4,0.7613636363636364,0.7272727272727273,True
sub-HUP064,ECOG,True,1D,1,81,4,0.5844155844155844,0.5909090909090909,False
sub-HUP065,ECOG,True,1B,3,63,18,0.7030864197530864,0.5308641975308642,True
sub-HUP070,ECOG,True,1B,3,61,13,0.9919871794871795,0.9471153846153846,True
sub-HUP074,ECOG,True,1C,3,103,9,0.8841607565011821,0.6997635933806147,False
sub-HUP075,ECOG,False,4A,1,93,11,0.442350332594235,0.43237250554323725,False
sub-HUP080,ECOG,False,2C,3,85,19,0.6363636363636364,0.6850079744816587,False
sub-HUP082,ECOG,True,1A,3,81,18,0.4894179894179894,0.5097001763668431,False
sub-HUP086,ECOG,False,2A,2,87,9,0.8511396011396012,0.7357549857549858,False
sub-HUP087,ECOG,True,1D,2,73,13,0.6467948717948718,0.6724358974358975,False
sub-HUP088,ECOG,True,1D,3,41,9,0.8125,0.7743055555555556,False
sub-HUP089,ECOG,True,1B,3,83,3,0.42083333333333334,0.6708333333333333,False
sub-HUP094,ECOG,True,1B,3,67,3,0.9947916666666666,0.9895833333333334,True
sub-HUP097,ECOG,True,1D,3,76,9,0.44776119402985076,0.5953565505804311,False
sub-HUP105,ECOG,True,1A,2,41,8,0.7765151515151515,0.6515151515151515,False
sub-HUP106,ECOG,True,1B,3,102,5,1.0,0.9896907216494846,True
sub-HUP107,ECOG,True,1A,3,102,24,0.5913461538461539,0.6223290598290598,True
sub-HUP111,ECOG,True,1B,3,86,16,0.4714285714285714,0.4625,False
sub-HUP112,SEEG,False,3A,3,71,0,,,False
sub-HUP114,ECOG,False,3A,3,80,2,1.0,1.0,True
sub-HUP116,SEEG,True,1A,3,9,6,0.9166666666666666,1.0,True
sub-HUP117,SEEG,True,1A,3,18,6,0.4305555555555556,0.5138888888888888,False
sub-HUP123,ECOG,True,1A,3,100,9,0.7667887667887668,0.7716727716727717,False
sub-HUP126,ECOG,True,1A,3,110,4,0.875,0.8160377358490566,False
sub-HUP130,SEEG,True,1B,3,103,2,0.9702970297029703,0.9504950495049505,True
sub-HUP133,SEEG,False,3A,3,65,5,0.8566666666666667,0.755,True
sub-HUP134,SEEG,True,1B,1,71,5,0.9636363636363636,0.7757575757575758,False
sub-HUP135,SEEG,False,2A,2,92,2,0.8611111111111112,0.9722222222222222,False
sub-HUP138,SEEG,False,4A,3,82,4,1.0,0.9743589743589743,True
sub-HUP139,SEEG,True,1A,3,62,10,0.9692307692307692,0.8980769230769231,True
sub-HUP140,SEEG,True,1B,3,73,4,0.9021739130434783,0.7427536231884058,False
sub-HUP141,SEEG,True,1C,3,78,13,0.7065088757396449,0.8899408284023669,True
sub-HUP142,SEEG,True,1D,3,95,15,0.9933333333333333,0.9833333333333333,True
sub-HUP144,SEEG,True,1D,3,98,7,0.793563579277865,0.5596546310832025,True
sub-HUP146,SEEG,True,1A,3,88,11,0.756198347107438,0.7508854781582054,False
sub-HUP148,SEEG,True,1A,3,91,26,0.7325443786982249,0.7366863905325444,True
sub-HUP150,SEEG,True,1B,3,79,10,0.881159420289855,0.5811594202898551,True
sub-HUP157,SEEG,True,1B,3,145,15,0.8487179487179487,0.8558974358974359,True
sub-HUP158,SEEG,False,3A,1,164,4,0.309375,0.309375,False
sub-HUP160,SEEG,True,1A,3,90,23,0.4419208306294614,0.44386761842959116,False
sub-HUP162,SEEG,False,3A,3,151,11,0.8337662337662337,0.7863636363636364,True
sub-HUP163,SEEG,True,1D,3,142,6,0.8357843137254902,0.8774509803921569,False
sub-HUP164,SEEG,True,1D,3,160,9,0.8079470198675497,0.5459896983075792,False
sub-HUP166,SEEG,False,3A,2,145,5,0.8342857142857143,0.8171428571428572,False
sub-HUP171,SEEG,False,2A,3,124,19,0.6441102756892231,0.613032581453634,False
sub-HUP172,SEEG,False,2A,3,111,10,0.7673267326732673,0.801980198019802,False
sub-HUP173,SEEG,True,1A,3,104,8,0.4921875,0.4856770833333333,False
sub-HUP177,SEEG,True,1A,3,153,12,0.991725768321513,0.9940898345153665,True
sub-HUP179,SEEG,False,3A,2,141,40,0.5060643564356435,0.5410891089108911,False
sub-HUP180,SEEG,True,1A,3,101,13,0.7167832167832168,0.6844405594405595,True
sub-HUP181,SEEG,False,3A,3,122,9,0.40707964601769914,0.34316617502458213,False
sub-HUP185,SEEG,True,1A,3,100,6,0.30319148936170215,0.5762411347517731,False
sub-HUP187,SEEG,False,2A,3,75,14,0.9473067915690867,0.8313817330210773,True
sub-HUP188,SEEG,False,3A,3,145,23,0.7583749109052031,0.6895937277263008,True
sub-HUP190,SEEG,False,3A,3,132,12,0.9347222222222222,0.8847222222222222,True
