subject,implant,outcome,seizure_free,engel,therapy,band,sfreq,status,minutes,threshold_sd,n_channels,n_soz,n_resected_channels,n_events,n_events_resected,n_events_partial,n_events_spared,share_in_rz,share_in_rz_incl_partial,top_channel_resected,top3_resected,auc_soz,auc_resected
sub-HUP060,SEEG,F,False,3A,ABLATION,ripple,500.0,not analysable at 500 Hz,,,,,,,,,,,,,,,
sub-HUP060,SEEG,F,False,3A,ABLATION,fast_ripple,500.0,not analysable at 500 Hz,,,,,,,,,,,,,,,
sub-HUP064,ECOG,S,True,1D,RESECTION,ripple,512.0,not analysable at 512 Hz,,,,,,,,,,,,,,,
sub-HUP064,ECOG,S,True,1D,RESECTION,fast_ripple,512.0,not analysable at 512 Hz,,,,,,,,,,,,,,,
sub-HUP065,ECOG,S,True,1B,RESECTION,ripple,512.0,not analysable at 512 Hz,,,,,,,,,,,,,,,
sub-HUP065,ECOG,S,True,1B,RESECTION,fast_ripple,512.0,not analysable at 512 Hz,,,,,,,,,,,,,,,
sub-HUP070,ECOG,S,True,1B,RESECTION,ripple,512.0,not analysable at 512 Hz,,,,,,,,,,,,,,,
sub-HUP070,ECOG,S,True,1B,RESECTION,fast_ripple,512.0,not analysable at 512 Hz,,,,,,,,,,,,,,,
sub-HUP074,ECOG,S,True,1C,RESECTION,ripple,512.0,not analysable at 512 Hz,,,,,,,,,,,,,,,
sub-HUP074,ECOG,S,True,1C,RESECTION,fast_ripple,512.0,not analysable at 512 Hz,,,,,,,,,,,,,,,
sub-HUP075,ECOG,F,False,4A,RESECTION,ripple,512.0,not analysable at 512 Hz,,,,,,,,,,,,,,,
sub-HUP075,ECOG,F,False,4A,RESECTION,fast_ripple,512.0,not analysable at 512 Hz,,,,,,,,,,,,,,,
sub-HUP080,ECOG,F,False,2C,RESECTION,ripple,512.0,not analysable at 512 Hz,,,,,,,,,,,,,,,
sub-HUP080,ECOG,F,False,2C,RESECTION,fast_ripple,512.0,not analysable at 512 Hz,,,,,,,,,,,,,,,
sub-HUP082,ECOG,S,True,1A,RESECTION,ripple,512.0,not analysable at 512 Hz,,,,,,,,,,,,,,,
sub-HUP082,ECOG,S,True,1A,RESECTION,fast_ripple,512.0,not analysable at 512 Hz,,,,,,,,,,,,,,,
sub-HUP086,ECOG,F,False,2A,RESECTION,ripple,512.0,not analysable at 512 Hz,,,,,,,,,,,,,,,
sub-HUP086,ECOG,F,False,2A,RESECTION,fast_ripple,512.0,not analysable at 512 Hz,,,,,,,,,,,,,,,
sub-HUP087,ECOG,S,True,1D,RESECTION,ripple,512.0,not analysable at 512 Hz,,,,,,,,,,,,,,,
sub-HUP087,ECOG,S,True,1D,RESECTION,fast_ripple,512.0,not analysable at 512 Hz,,,,,,,,,,,,,,,
sub-HUP088,ECOG,S,True,1D,RESECTION,ripple,512.0,not analysable at 512 Hz,,,,,,,,,,,,,,,
sub-HUP088,ECOG,S,True,1D,RESECTION,fast_ripple,512.0,not analysable at 512 Hz,,,,,,,,,,,,,,,
sub-HUP089,ECOG,S,True,1B,RESECTION,ripple,512.0,not analysable at 512 Hz,,,,,,,,,,,,,,,
sub-HUP089,ECOG,S,True,1B,RESECTION,fast_ripple,512.0,not analysable at 512 Hz,,,,,,,,,,,,,,,
sub-HUP094,ECOG,S,True,1B,RESECTION,ripple,500.0,not analysable at 500 Hz,,,,,,,,,,,,,,,
sub-HUP094,ECOG,S,True,1B,RESECTION,fast_ripple,500.0,not analysable at 500 Hz,,,,,,,,,,,,,,,
sub-HUP097,ECOG,S,True,1D,RESECTION,ripple,500.0,not analysable at 500 Hz,,,,,,,,,,,,,,,
sub-HUP097,ECOG,S,True,1D,RESECTION,fast_ripple,500.0,not analysable at 500 Hz,,,,,,,,,,,,,,,
sub-HUP105,ECOG,S,True,1A,RESECTION,ripple,500.0,not analysable at 500 Hz,,,,,,,,,,,,,,,
sub-HUP105,ECOG,S,True,1A,RESECTION,fast_ripple,500.0,not analysable at 500 Hz,,,,,,,,,,,,,,,
sub-HUP106,ECOG,S,True,1B,RESECTION,ripple,500.0,not analysable at 500 Hz,,,,,,,,,,,,,,,
sub-HUP106,ECOG,S,True,1B,RESECTION,fast_ripple,500.0,not analysable at 500 Hz,,,,,,,,,,,,,,,
sub-HUP107,ECOG,S,True,1A,RESECTION,ripple,500.0,not analysable at 500 Hz,,,,,,,,,,,,,,,
sub-HUP107,ECOG,S,True,1A,RESECTION,fast_ripple,500.0,not analysable at 500 Hz,,,,,,,,,,,,,,,
sub-HUP111,ECOG,S,True,1B,RESECTION,ripple,500.0,not analysable at 500 Hz,,,,,,,,,,,,,,,
sub-HUP111,ECOG,S,True,1B,RESECTION,fast_ripple,500.0,not analysable at 500 Hz,,,,,,,,,,,,,,,
sub-HUP112,SEEG,F,False,3A,ABLATION,ripple,500.0,not analysable at 500 Hz,,,,,,,,,,,,,,,
sub-HUP112,SEEG,F,False,3A,ABLATION,fast_ripple,500.0,not analysable at 500 Hz,,,,,,,,,,,,,,,
sub-HUP114,ECOG,F,False,3A,ABLATION,ripple,500.0,not analysable at 500 Hz,,,,,,,,,,,,,,,
sub-HUP114,ECOG,F,False,3A,ABLATION,fast_ripple,500.0,not analysable at 500 Hz,,,,,,,,,,,,,,,
sub-HUP116,SEEG,S,True,1A,ABLATION,ripple,500.0,not analysable at 500 Hz,,,,,,,,,,,,,,,
sub-HUP116,SEEG,S,True,1A,ABLATION,fast_ripple,500.0,not analysable at 500 Hz,,,,,,,,,,,,,,,
sub-HUP117,SEEG,S,True,1A,RESECTION,ripple,500.0,not analysable at 500 Hz,,,,,,,,,,,,,,,
sub-HUP117,SEEG,S,True,1A,RESECTION,fast_ripple,500.0,not analysable at 500 Hz,,,,,,,,,,,,,,,
sub-HUP123,ECOG,S,True,1A,RESECTION,ripple,500.0,not analysable at 500 Hz,,,,,,,,,,,,,,,
sub-HUP123,ECOG,S,True,1A,RESECTION,fast_ripple,500.0,not analysable at 500 Hz,,,,,,,,,,,,,,,
sub-HUP126,ECOG,S,True,1A,ABLATION,ripple,1024.0,ok,5.0,2.0,110.0,4.0,6.0,3753.1999999999994,270.8,206.20000000000002,3276.1999999999994,0.07215176382819995,0.1270915485452414,0.0,0.0,0.8985849056603774,0.686698717948718
sub-HUP126,ECOG,S,True,1A,ABLATION,fast_ripple,1024.0,not analysable at 1024 Hz,,,,,,,,,,,,,,,
sub-HUP130,SEEG,S,True,1B,ABLATION,ripple,1024.0,ok,5.0,2.0,103.0,2.0,2.0,1084.0000000000002,14.200000000000001,4.6,1065.2000000000003,0.013099630996309961,0.017343173431734315,0.0,0.0,0.551980198019802,0.551980198019802
sub-HUP130,SEEG,S,True,1B,ABLATION,fast_ripple,1024.0,not analysable at 1024 Hz,,,,,,,,,,,,,,,
sub-HUP132,SEEG,F,False,3A,ABLATION,ripple,256.0,not analysable at 256 Hz,,,,,,,,,,,,,,,
sub-HUP132,SEEG,F,False,3A,ABLATION,fast_ripple,256.0,not analysable at 256 Hz,,,,,,,,,,,,,,,
sub-HUP133,SEEG,F,False,3A,ABLATION,ripple,512.0,not analysable at 512 Hz,,,,,,,,,,,,,,,
sub-HUP133,SEEG,F,False,3A,ABLATION,fast_ripple,512.0,not analysable at 512 Hz,,,,,,,,,,,,,,,
sub-HUP134,SEEG,S,True,1B,RESECTION,ripple,1024.0,ok,5.0,2.0,71.0,5.0,12.0,1325.9999999999998,253.39999999999995,118.6,953.9999999999999,0.19110105580693815,0.28054298642533937,0.0,0.3333333333333333,0.6272727272727273,0.588276836158192
sub-HUP134,SEEG,S,True,1B,RESECTION,fast_ripple,1024.0,not analysable at 1024 Hz,,,,,,,,,,,,,,,
sub-HUP135,SEEG,F,False,2A,ABLATION,ripple,512.0,not analysable at 512 Hz,,,,,,,,,,,,,,,
sub-HUP135,SEEG,F,False,2A,ABLATION,fast_ripple,512.0,not analysable at 512 Hz,,,,,,,,,,,,,,,
sub-HUP138,SEEG,F,False,4A,ABLATION,ripple,1024.0,ok,5.0,2.0,82.0,4.0,2.0,1169.3999999999999,48.2,37.4,1083.7999999999997,0.04121771848811357,0.07319993158884898,0.0,0.0,0.875,0.8
sub-HUP138,SEEG,F,False,4A,ABLATION,fast_ripple,1024.0,not analysable at 1024 Hz,,,,,,,,,,,,,,,
sub-HUP139,SEEG,S,True,1A,ABLATION,ripple,1024.0,ok,5.0,2.0,62.0,10.0,7.0,946.4000000000001,230.20000000000005,96.2,620.0,0.2432375316990702,0.3448858833474218,1.0,0.3333333333333333,0.8115384615384615,0.8701298701298701
sub-HUP139,SEEG,S,True,1A,ABLATION,fast_ripple,1024.0,not analysable at 1024 Hz,,,,,,,,,,,,,,,
sub-HUP140,SEEG,S,True,1B,ABLATION,ripple,1024.0,ok,5.0,2.0,73.0,4.0,4.0,945.0,17.4,10.4,917.2,0.018412698412698412,0.029417989417989416,0.0,0.0,0.1539855072463768,0.1539855072463768
sub-HUP140,SEEG,S,True,1B,ABLATION,fast_ripple,1024.0,not analysable at 1024 Hz,,,,,,,,,,,,,,,
sub-HUP141,SEEG,S,True,1C,ABLATION,ripple,512.0,not analysable at 512 Hz,,,,,,,,,,,,,,,
sub-HUP141,SEEG,S,True,1C,ABLATION,fast_ripple,512.0,not analysable at 512 Hz,,,,,,,,,,,,,,,
sub-HUP142,SEEG,S,True,1D,ABLATION,ripple,512.0,not analysable at 512 Hz,,,,,,,,,,,,,,,
sub-HUP142,SEEG,S,True,1D,ABLATION,fast_ripple,512.0,not analysable at 512 Hz,,,,,,,,,,,,,,,
sub-HUP144,SEEG,S,True,1D,RESECTION,ripple,512.0,not analysable at 512 Hz,,,,,,,,,,,,,,,
sub-HUP144,SEEG,S,True,1D,RESECTION,fast_ripple,512.0,not analysable at 512 Hz,,,,,,,,,,,,,,,
sub-HUP146,SEEG,S,True,1A,RESECTION,ripple,1024.0,ok,5.0,2.0,88.0,11.0,4.0,1710.2,134.0,116.8,1459.4,0.07835340895801661,0.146649514676646,0.0,0.3333333333333333,0.7632821723730815,0.7023809523809523
sub-HUP146,SEEG,S,True,1A,RESECTION,fast_ripple,1024.0,not analysable at 1024 Hz,,,,,,,,,,,,,,,
sub-HUP148,SEEG,S,True,1A,ABLATION,ripple,512.0,not analysable at 512 Hz,,,,,,,,,,,,,,,
sub-HUP148,SEEG,S,True,1A,ABLATION,fast_ripple,512.0,not analysable at 512 Hz,,,,,,,,,,,,,,,
sub-HUP150,SEEG,S,True,1B,ABLATION,ripple,512.0,not analysable at 512 Hz,,,,,,,,,,,,,,,
sub-HUP150,SEEG,S,True,1B,ABLATION,fast_ripple,512.0,not analysable at 512 Hz,,,,,,,,,,,,,,,
sub-HUP157,SEEG,S,True,1B,ABLATION,ripple,1024.0,ok,5.0,2.0,145.0,15.0,4.0,2897.0,94.2,28.599999999999998,2774.2000000000003,0.032516396272005525,0.04238867794269934,0.0,0.0,0.7941025641025641,0.6985815602836879
sub-HUP157,SEEG,S,True,1B,ABLATION,fast_ripple,1024.0,not analysable at 1024 Hz,,,,,,,,,,,,,,,
sub-HUP160,SEEG,S,True,1A,RESECTION,ripple,1024.0,ok,5.0,2.0,90.0,23.0,8.0,850.8000000000001,167.2,56.199999999999996,627.4000000000001,0.19652092148566053,0.26257639868359184,1.0,0.6666666666666666,0.8082414016872161,0.9024390243902439
sub-HUP160,SEEG,S,True,1A,RESECTION,fast_ripple,1024.0,not analysable at 1024 Hz,,,,,,,,,,,,,,,
sub-HUP162,SEEG,F,False,3A,ABLATION,ripple,1024.0,ok,5.0,2.0,151.0,11.0,6.0,2046.8000000000002,143.6,101.0,1802.2000000000003,0.07015829587649013,0.11950361539964822,0.0,0.0,0.8448051948051948,0.803448275862069
sub-HUP162,SEEG,F,False,3A,ABLATION,fast_ripple,1024.0,not analysable at 1024 Hz,,,,,,,,,,,,,,,
sub-HUP163,SEEG,S,True,1D,ABLATION,ripple,1024.0,ok,5.0,2.0,142.0,6.0,6.0,2188.6000000000004,95.8,27.6,2065.2000000000003,0.04377227451338755,0.0563830759389564,0.0,0.0,0.7524509803921569,0.7138480392156863
sub-HUP163,SEEG,S,True,1D,ABLATION,fast_ripple,1024.0,not analysable at 1024 Hz,,,,,,,,,,,,,,,
sub-HUP164,SEEG,S,True,1D,ABLATION,ripple,1024.0,ok,5.0,2.0,160.0,9.0,2.0,3478.6,142.8,42.8,3292.9999999999995,0.04105099752774105,0.05335479790720406,0.0,0.0,0.5022075055187638,0.9588607594936709
sub-HUP164,SEEG,S,True,1D,ABLATION,fast_ripple,1024.0,not analysable at 1024 Hz,,,,,,,,,,,,,,,
sub-HUP165,SEEG,F,False,3A,ABLATION,ripple,1024.0,ok,5.0,2.0,167.0,9.0,7.0,2133.4,135.4,131.0,1867.0,0.06346676666354177,0.12487109777819441,0.0,0.0,0.820675105485232,0.8308035714285714
sub-HUP165,SEEG,F,False,3A,ABLATION,fast_ripple,1024.0,not analysable at 1024 Hz,,,,,,,,,,,,,,,
sub-HUP166,SEEG,F,False,3A,RESECTION,ripple,1024.0,ok,5.0,2.0,145.0,5.0,10.0,2744.0,131.2,217.2,2395.6000000000004,0.0478134110787172,0.12696793002915452,0.0,0.0,0.265,0.4159259259259259
sub-HUP166,SEEG,F,False,3A,RESECTION,fast_ripple,1024.0,not analysable at 1024 Hz,,,,,,,,,,,,,,,
sub-HUP171,SEEG,F,False,2A,ABLATION,ripple,512.0,not analysable at 512 Hz,,,,,,,,,,,,,,,
sub-HUP171,SEEG,F,False,2A,ABLATION,fast_ripple,512.0,not analysable at 512 Hz,,,,,,,,,,,,,,,
sub-HUP172,SEEG,F,False,2A,ABLATION,ripple,512.0,not analysable at 512 Hz,,,,,,,,,,,,,,,
sub-HUP172,SEEG,F,False,2A,ABLATION,fast_ripple,512.0,not analysable at 512 Hz,,,,,,,,,,,,,,,
sub-HUP173,SEEG,S,True,1A,RESECTION,ripple,256.0,not analysable at 256 Hz,,,,,,,,,,,,,,,
sub-HUP173,SEEG,S,True,1A,RESECTION,fast_ripple,256.0,not analysable at 256 Hz,,,,,,,,,,,,,,,
sub-HUP177,SEEG,S,True,1A,RESECTION,ripple,512.0,not analysable at 512 Hz,,,,,,,,,,,,,,,
sub-HUP177,SEEG,S,True,1A,RESECTION,fast_ripple,512.0,not analysable at 512 Hz,,,,,,,,,,,,,,,
sub-HUP179,SEEG,F,False,3A,RESECTION,ripple,512.0,not analysable at 512 Hz,,,,,,,,,,,,,,,
sub-HUP179,SEEG,F,False,3A,RESECTION,fast_ripple,512.0,not analysable at 512 Hz,,,,,,,,,,,,,,,
sub-HUP180,SEEG,S,True,1A,ABLATION,ripple,512.0,not analysable at 512 Hz,,,,,,,,,,,,,,,
sub-HUP180,SEEG,S,True,1A,ABLATION,fast_ripple,512.0,not analysable at 512 Hz,,,,,,,,,,,,,,,
sub-HUP181,SEEG,F,False,3A,ABLATION,ripple,512.0,not analysable at 512 Hz,,,,,,,,,,,,,,,
sub-HUP181,SEEG,F,False,3A,ABLATION,fast_ripple,512.0,not analysable at 512 Hz,,,,,,,,,,,,,,,
sub-HUP185,SEEG,S,True,1A,ABLATION,ripple,512.0,not analysable at 512 Hz,,,,,,,,,,,,,,,
sub-HUP185,SEEG,S,True,1A,ABLATION,fast_ripple,512.0,not analysable at 512 Hz,,,,,,,,,,,,,,,
sub-HUP187,SEEG,F,False,2A,ABLATION,ripple,512.0,not analysable at 512 Hz,,,,,,,,,,,,,,,
sub-HUP187,SEEG,F,False,2A,ABLATION,fast_ripple,512.0,not analysable at 512 Hz,,,,,,,,,,,,,,,
sub-HUP188,SEEG,F,False,3A,RESECTION,ripple,512.0,not analysable at 512 Hz,,,,,,,,,,,,,,,
sub-HUP188,SEEG,F,False,3A,RESECTION,fast_ripple,512.0,not analysable at 512 Hz,,,,,,,,,,,,,,,
sub-HUP190,SEEG,F,False,3A,RESECTION,ripple,1024.0,ok,5.0,2.0,132.0,12.0,20.0,2699.7999999999997,409.7999999999999,74.8,2215.2,0.15178902140899322,0.17949477739091782,0.0,0.3333333333333333,0.5753472222222222,0.5803571428571429
sub-HUP190,SEEG,F,False,3A,RESECTION,fast_ripple,1024.0,not analysable at 1024 Hz,,,,,,,,,,,,,,,
