subject,band,channel,events,rate_per_min,zone,soz
sub-HUP126,ripple,LAT1-LAT2,244.0,48.8,spared,False
sub-HUP126,ripple,LAT2-LAT3,216.0,43.2,spared,False
sub-HUP126,ripple,LAT3-LAT4,223.0,44.6,spared,False
sub-HUP126,ripple,LDA1-LDA2,282.0,56.4,spared,False
sub-HUP126,ripple,LDA2-LDA3,245.0,49.0,spared,False
sub-HUP126,ripple,LDA3-LDA4,185.0,37.0,partial,False
sub-HUP126,ripple,LDA4-LDA5,115.0,23.0,resected,False
sub-HUP126,ripple,LDA5-LDA6,81.0,16.2,partial,False
sub-HUP126,ripple,LDA6-LDA7,64.0,12.8,spared,False
sub-HUP126,ripple,LDA7-LDA8,70.0,14.0,spared,False
sub-HUP126,ripple,LDAH1-LDAH2,339.0,67.8,spared,False
sub-HUP126,ripple,LDAH2-LDAH3,274.0,54.8,partial,False
sub-HUP126,ripple,LDAH3-LDAH4,300.0,60.0,resected,True
sub-HUP126,ripple,LDAH4-LDAH5,334.0,66.8,resected,True
sub-HUP126,ripple,LDAH5-LDAH6,134.0,26.8,resected,False
sub-HUP126,ripple,LDAH6-LDAH7,134.0,26.8,partial,False
sub-HUP126,ripple,LDAH7-LDAH8,157.0,31.4,spared,False
sub-HUP126,ripple,LDMH1-LDMH2,265.0,53.0,spared,False
sub-HUP126,ripple,LDMH2-LDMH3,260.0,52.0,partial,False
sub-HUP126,ripple,LDMH3-LDMH4,279.0,55.8,resected,True
sub-HUP126,ripple,LDMH4-LDMH5,192.0,38.4,resected,True
sub-HUP126,ripple,LDMH5-LDMH6,97.0,19.4,partial,False
sub-HUP126,ripple,LDMH6-LDMH7,160.0,32.0,spared,False
sub-HUP126,ripple,LDMH7-LDMH8,150.0,30.0,spared,False
sub-HUP126,ripple,LFP7-LFP8,21.0,4.2,spared,False
sub-HUP126,ripple,LG1-LG2,128.0,25.6,spared,False
sub-HUP126,ripple,LG2-LG3,125.0,25.0,spared,False
sub-HUP126,ripple,LG3-LG4,127.0,25.4,spared,False
sub-HUP126,ripple,LG4-LG5,99.0,19.8,spared,False
sub-HUP126,ripple,LG5-LG6,100.0,20.0,spared,False
sub-HUP126,ripple,LG6-LG7,122.0,24.4,spared,False
sub-HUP126,ripple,LG7-LG8,211.0,42.2,spared,False
sub-HUP126,ripple,LG8-LG9,220.0,44.0,spared,False
sub-HUP126,ripple,LG9-LG10,153.0,30.6,spared,False
sub-HUP126,ripple,LG10-LG11,111.0,22.2,spared,False
sub-HUP126,ripple,LG11-LG12,117.0,23.4,spared,False
sub-HUP126,ripple,LG12-LG13,110.0,22.0,spared,False
sub-HUP126,ripple,LG13-LG14,111.0,22.2,spared,False
sub-HUP126,ripple,LG14-LG15,89.0,17.8,spared,False
sub-HUP126,ripple,LG15-LG16,175.0,35.0,spared,False
sub-HUP126,ripple,LG16-LG17,229.0,45.8,spared,False
sub-HUP126,ripple,LG17-LG18,148.0,29.6,spared,False
sub-HUP126,ripple,LG18-LG19,161.0,32.2,spared,False
sub-HUP126,ripple,LG19-LG20,87.0,17.4,spared,False
sub-HUP126,ripple,LG20-LG21,106.0,21.2,spared,False
sub-HUP126,ripple,LG21-LG22,91.0,18.2,spared,False
sub-HUP126,ripple,LG22-LG23,102.0,20.4,spared,False
sub-HUP126,ripple,LG23-LG24,160.0,32.0,spared,False
sub-HUP126,ripple,LG24-LG25,135.0,27.0,spared,False
sub-HUP126,ripple,LG25-LG26,140.0,28.0,spared,False
sub-HUP126,ripple,LG26-LG27,106.0,21.2,spared,False
sub-HUP126,ripple,LG27-LG28,102.0,20.4,spared,False
sub-HUP126,ripple,LG28-LG29,160.0,32.0,spared,False
sub-HUP126,ripple,LG29-LG30,196.0,39.2,spared,False
sub-HUP126,ripple,LG30-LG31,158.0,31.6,spared,False
sub-HUP126,ripple,LG31-LG32,135.0,27.0,spared,False
sub-HUP126,ripple,LG32-LG33,131.0,26.2,spared,False
sub-HUP126,ripple,LG33-LG34,153.0,30.6,spared,False
sub-HUP126,ripple,LG34-LG35,166.0,33.2,spared,False
sub-HUP126,ripple,LG35-LG36,169.0,33.8,spared,False
sub-HUP126,ripple,LG36-LG37,146.0,29.2,spared,False
sub-HUP126,ripple,LG37-LG38,128.0,25.6,spared,False
sub-HUP126,ripple,LG38-LG39,116.0,23.2,spared,False
sub-HUP126,ripple,LG39-LG40,129.0,25.8,spared,False
sub-HUP126,ripple,LG40-LG41,137.0,27.4,spared,False
sub-HUP126,ripple,LG41-LG42,252.0,50.4,spared,False
sub-HUP126,ripple,LG42-LG43,223.0,44.6,spared,False
sub-HUP126,ripple,LG43-LG44,146.0,29.2,spared,False
sub-HUP126,ripple,LG44-LG45,177.0,35.4,spared,False
sub-HUP126,ripple,LG45-LG46,132.0,26.4,spared,False
sub-HUP126,ripple,LG46-LG47,125.0,25.0,spared,False
sub-HUP126,ripple,LG47-LG48,126.0,25.2,spared,False
sub-HUP126,ripple,LG48-LG49,171.0,34.2,spared,False
sub-HUP126,ripple,LG49-LG50,197.0,39.4,spared,False
sub-HUP126,ripple,LG50-LG51,180.0,36.0,spared,False
sub-HUP126,ripple,LG51-LG52,90.0,18.0,spared,False
sub-HUP126,ripple,LG52-LG53,108.0,21.6,spared,False
sub-HUP126,ripple,LG53-LG54,203.0,40.6,spared,False
sub-HUP126,ripple,LG54-LG55,169.0,33.8,spared,False
sub-HUP126,ripple,LG55-LG56,213.0,42.6,spared,False
sub-HUP126,ripple,LG56-LG57,172.0,34.4,spared,False
sub-HUP126,ripple,LG57-LG58,155.0,31.0,spared,False
sub-HUP126,ripple,LG58-LG59,146.0,29.2,spared,False
sub-HUP126,ripple,LG59-LG60,141.0,28.2,spared,False
sub-HUP126,ripple,LG60-LG61,174.0,34.8,spared,False
sub-HUP126,ripple,LG61-LG62,163.0,32.6,spared,False
sub-HUP126,ripple,LG62-LG63,165.0,33.0,spared,False
sub-HUP126,ripple,LG63-LG64,197.0,39.4,spared,False
sub-HUP126,ripple,LMT1-LMT2,193.0,38.6,spared,False
sub-HUP126,ripple,LMT2-LMT3,199.0,39.8,spared,False
sub-HUP126,ripple,LMT3-LMT4,135.0,27.0,spared,False
sub-HUP126,ripple,LO5-LO6,381.0,76.2,spared,False
sub-HUP126,ripple,LO6-LO7,138.0,27.6,spared,False
sub-HUP126,ripple,LO7-LO8,147.0,29.4,spared,False
sub-HUP126,ripple,LOF3-LOF4,177.0,35.4,spared,False
sub-HUP126,ripple,LOF4-LOF5,149.0,29.8,spared,False
sub-HUP126,ripple,LOF5-LOF6,142.0,28.4,spared,False
sub-HUP126,ripple,LP3-LP4,158.0,31.6,spared,False
sub-HUP126,ripple,LP4-LP5,117.0,23.4,spared,False
sub-HUP126,ripple,LP5-LP6,156.0,31.2,spared,False
sub-HUP126,ripple,LPT1-LPT2,146.0,29.2,spared,False
sub-HUP126,ripple,LPT2-LPT3,138.0,27.6,spared,False
sub-HUP126,ripple,LPT3-LPT4,191.0,38.2,spared,False
sub-HUP126,ripple,RDA2-RDA3,92.0,18.4,spared,False
sub-HUP126,ripple,RDA6-RDA7,351.0,70.2,spared,False
sub-HUP126,ripple,RDA7-RDA8,589.0,117.8,spared,False
sub-HUP126,ripple,RDH1-RDH2,152.0,30.4,spared,False
sub-HUP126,ripple,RDH2-RDH3,91.0,18.2,spared,False
sub-HUP126,ripple,RDH6-RDH7,296.0,59.2,spared,False
sub-HUP126,ripple,RDH7-RDH8,493.0,98.6,spared,False
sub-HUP130,ripple,LA1-LA2,168.0,33.6,spared,False
sub-HUP130,ripple,LA2-LA3,86.0,17.2,spared,False
sub-HUP130,ripple,LA3-LA4,73.0,14.6,spared,False
sub-HUP130,ripple,LA4-LA5,22.0,4.4,spared,False
sub-HUP130,ripple,LA5-LA6,24.0,4.8,spared,False
sub-HUP130,ripple,LA6-LA7,17.0,3.4,spared,False
sub-HUP130,ripple,LA7-LA8,14.0,2.8,spared,False
sub-HUP130,ripple,LB1-LB2,164.0,32.8,spared,False
sub-HUP130,ripple,LB2-LB3,159.0,31.8,spared,False
sub-HUP130,ripple,LB3-LB4,124.0,24.8,spared,False
sub-HUP130,ripple,LB4-LB5,68.0,13.6,spared,False
sub-HUP130,ripple,LB5-LB6,13.0,2.6,spared,False
sub-HUP130,ripple,LB6-LB7,10.0,2.0,spared,False
sub-HUP130,ripple,LB7-LB8,13.0,2.6,spared,False
sub-HUP130,ripple,LC1-LC2,79.0,15.8,spared,False
sub-HUP130,ripple,LC2-LC3,133.0,26.6,spared,False
sub-HUP130,ripple,LC3-LC4,27.0,5.4,spared,False
sub-HUP130,ripple,LC4-LC5,16.0,3.2,spared,False
sub-HUP130,ripple,LC5-LC6,12.0,2.4,spared,False
sub-HUP130,ripple,LC6-LC7,11.0,2.2,spared,False
sub-HUP130,ripple,LC7-LC8,16.0,3.2,spared,False
sub-HUP130,ripple,LD1-LD2,68.0,13.6,spared,False
sub-HUP130,ripple,LD2-LD3,156.0,31.2,spared,False
sub-HUP130,ripple,LD3-LD4,111.0,22.2,spared,False
sub-HUP130,ripple,LD4-LD5,110.0,22.0,spared,False
sub-HUP130,ripple,LD5-LD6,132.0,26.4,spared,False
sub-HUP130,ripple,LD6-LD7,336.0,67.2,spared,False
sub-HUP130,ripple,LE1-LE2,19.0,3.8,spared,False
sub-HUP130,ripple,LE2-LE3,13.0,2.6,spared,False
sub-HUP130,ripple,LE3-LE4,16.0,3.2,spared,False
sub-HUP130,ripple,LF1-LF2,31.0,6.2,spared,False
sub-HUP130,ripple,LF2-LF3,32.0,6.4,spared,False
sub-HUP130,ripple,LF3-LF4,18.0,3.6,spared,False
sub-HUP130,ripple,LF4-LF5,15.0,3.0,spared,False
sub-HUP130,ripple,LF5-LF6,21.0,4.2,spared,False
sub-HUP130,ripple,LF6-LF7,20.0,4.0,spared,False
sub-HUP130,ripple,LF7-LF8,17.0,3.4,spared,False
sub-HUP130,ripple,LG1-LG2,49.0,9.8,resected,True
sub-HUP130,ripple,LG2-LG3,22.0,4.4,resected,True
sub-HUP130,ripple,LG3-LG4,14.0,2.8,partial,False
sub-HUP130,ripple,LG4-LG5,8.0,1.6,spared,False
sub-HUP130,ripple,LG5-LG6,16.0,3.2,spared,False
sub-HUP130,ripple,LG6-LG7,26.0,5.2,spared,False
sub-HUP130,ripple,LG7-LG8,15.0,3.0,spared,False
sub-HUP130,ripple,LH1-LH2,32.0,6.4,spared,False
sub-HUP130,ripple,LH2-LH3,21.0,4.2,spared,False
sub-HUP130,ripple,LH3-LH4,9.0,1.8,partial,False
sub-HUP130,ripple,RA1-RA2,191.0,38.2,spared,False
sub-HUP130,ripple,RA2-RA3,198.0,39.6,spared,False
sub-HUP130,ripple,RA3-RA4,17.0,3.4,spared,False
sub-HUP130,ripple,RA4-RA5,12.0,2.4,spared,False
sub-HUP130,ripple,RA5-RA6,22.0,4.4,spared,False
sub-HUP130,ripple,RA6-RA7,19.0,3.8,spared,False
sub-HUP130,ripple,RA7-RA8,23.0,4.6,spared,False
sub-HUP130,ripple,RB1-RB2,79.0,15.8,spared,False
sub-HUP130,ripple,RB2-RB3,73.0,14.6,spared,False
sub-HUP130,ripple,RB3-RB4,99.0,19.8,spared,False
sub-HUP130,ripple,RB4-RB5,41.0,8.2,spared,False
sub-HUP130,ripple,RB5-RB6,27.0,5.4,spared,False
sub-HUP130,ripple,RB6-RB7,57.0,11.4,spared,False
sub-HUP130,ripple,RB7-RB8,72.0,14.4,spared,False
sub-HUP130,ripple,RC1-RC2,101.0,20.2,spared,False
sub-HUP130,ripple,RC2-RC3,88.0,17.6,spared,False
sub-HUP130,ripple,RC3-RC4,40.0,8.0,spared,False
sub-HUP130,ripple,RC4-RC5,18.0,3.6,spared,False
sub-HUP130,ripple,RC5-RC6,27.0,5.4,spared,False
sub-HUP130,ripple,RC6-RC7,97.0,19.4,spared,False
sub-HUP130,ripple,RC7-RC8,106.0,21.2,spared,False
sub-HUP130,ripple,RD1-RD2,101.0,20.2,spared,False
sub-HUP130,ripple,RD2-RD3,29.0,5.8,spared,False
sub-HUP130,ripple,RD3-RD4,76.0,15.2,spared,False
sub-HUP130,ripple,RD4-RD5,25.0,5.0,spared,False
sub-HUP130,ripple,RD5-RD6,32.0,6.4,spared,False
sub-HUP130,ripple,RD6-RD7,230.0,46.0,spared,False
sub-HUP130,ripple,RD7-RD8,22.0,4.4,spared,False
sub-HUP130,ripple,RE1-RE2,23.0,4.6,spared,False
sub-HUP130,ripple,RE2-RE3,14.0,2.8,spared,False
sub-HUP130,ripple,RE3-RE4,14.0,2.8,spared,False
sub-HUP130,ripple,RE4-RE5,73.0,14.6,spared,False
sub-HUP130,ripple,RE5-RE6,84.0,16.8,spared,False
sub-HUP130,ripple,RE6-RE7,55.0,11.0,spared,False
sub-HUP130,ripple,RE7-RE8,186.0,37.2,spared,False
sub-HUP130,ripple,RF1-RF2,14.0,2.8,spared,False
sub-HUP130,ripple,RF2-RF3,17.0,3.4,spared,False
sub-HUP130,ripple,RF3-RF4,14.0,2.8,spared,False
sub-HUP130,ripple,RF4-RF5,14.0,2.8,spared,False
sub-HUP130,ripple,RF5-RF6,18.0,3.6,spared,False
sub-HUP130,ripple,RF6-RF7,12.0,2.4,spared,False
sub-HUP130,ripple,RF7-RF8,14.0,2.8,spared,False
sub-HUP130,ripple,RG1-RG2,17.0,3.4,spared,False
sub-HUP130,ripple,RG2-RG3,18.0,3.6,spared,False
sub-HUP130,ripple,RG3-RG4,13.0,2.6,spared,False
sub-HUP130,ripple,RG4-RG5,24.0,4.8,spared,False
sub-HUP130,ripple,RG5-RG6,59.0,11.8,spared,False
sub-HUP130,ripple,RG6-RG7,59.0,11.8,spared,False
sub-HUP130,ripple,RG7-RG8,63.0,12.6,spared,False
sub-HUP130,ripple,RH1-RH2,27.0,5.4,spared,False
sub-HUP130,ripple,RH2-RH3,8.0,1.6,spared,False
sub-HUP130,ripple,RH3-RH4,11.0,2.2,spared,False
sub-HUP130,ripple,RH4-RH5,15.0,3.0,spared,False
sub-HUP130,ripple,RH5-RH6,16.0,3.2,spared,False
sub-HUP130,ripple,RH6-RH7,21.0,4.2,spared,False
sub-HUP130,ripple,RH7-RH8,19.0,3.8,spared,False
sub-HUP134,ripple,LA1-LA2,38.0,7.6,spared,False
sub-HUP134,ripple,LA2-LA3,38.0,7.6,spared,False
sub-HUP134,ripple,LA3-LA4,20.0,4.0,spared,False
sub-HUP134,ripple,LA4-LA5,48.0,9.6,spared,False
sub-HUP134,ripple,LA5-LA6,82.0,16.4,spared,False
sub-HUP134,ripple,LA6-LA7,93.0,18.6,spared,False
sub-HUP134,ripple,LA7-LA8,79.0,15.8,spared,False
sub-HUP134,ripple,LB1-LB2,150.0,30.0,spared,False
sub-HUP134,ripple,LB2-LB3,162.0,32.4,spared,False
sub-HUP134,ripple,LB3-LB4,41.0,8.2,spared,False
sub-HUP134,ripple,LB4-LB5,21.0,4.2,spared,False
sub-HUP134,ripple,LB5-LB6,26.0,5.2,spared,False
sub-HUP134,ripple,LB6-LB7,28.0,5.6,spared,False
sub-HUP134,ripple,LB7-LB8,39.0,7.8,spared,False
sub-HUP134,ripple,LB8-LB9,89.0,17.8,spared,False
sub-HUP134,ripple,LB9-LB10,485.0,97.0,spared,False
sub-HUP134,ripple,LC1-LC2,71.0,14.2,spared,False
sub-HUP134,ripple,LC2-LC3,87.0,17.4,spared,False
sub-HUP134,ripple,LC3-LC4,84.0,16.8,spared,False
sub-HUP134,ripple,LC4-LC5,96.0,19.2,spared,False
sub-HUP134,ripple,LC5-LC6,96.0,19.2,spared,False
sub-HUP134,ripple,LC6-LC7,112.0,22.4,spared,False
sub-HUP134,ripple,LC7-LC8,238.0,47.6,spared,False
sub-HUP134,ripple,RA1-RA2,35.0,7.0,spared,False
sub-HUP134,ripple,RA2-RA3,40.0,8.0,spared,False
sub-HUP134,ripple,RA3-RA4,42.0,8.4,spared,False
sub-HUP134,ripple,RA4-RA5,50.0,10.0,spared,False
sub-HUP134,ripple,RA5-RA6,65.0,13.0,spared,False
sub-HUP134,ripple,RA6-RA7,67.0,13.4,spared,False
sub-HUP134,ripple,RA7-RA8,105.0,21.0,spared,False
sub-HUP134,ripple,RB1-RB2,119.0,23.8,spared,False
sub-HUP134,ripple,RB2-RB3,92.0,18.4,spared,False
sub-HUP134,ripple,RB3-RB4,48.0,9.6,spared,False
sub-HUP134,ripple,RB4-RB5,34.0,6.8,spared,False
sub-HUP134,ripple,RB5-RB6,20.0,4.0,spared,False
sub-HUP134,ripple,RB6-RB7,51.0,10.2,spared,False
sub-HUP134,ripple,RB7-RB8,110.0,22.0,spared,False
sub-HUP134,ripple,RB8-RB9,100.0,20.0,spared,False
sub-HUP134,ripple,RB9-RB10,134.0,26.8,spared,False
sub-HUP134,ripple,RC1-RC2,19.0,3.8,spared,False
sub-HUP134,ripple,RC2-RC3,36.0,7.2,spared,False
sub-HUP134,ripple,RC3-RC4,32.0,6.4,spared,False
sub-HUP134,ripple,RC4-RC5,25.0,5.0,spared,False
sub-HUP134,ripple,RC5-RC6,24.0,4.8,spared,False
sub-HUP134,ripple,RC6-RC7,88.0,17.6,spared,False
sub-HUP134,ripple,RC7-RC8,105.0,21.0,spared,False
sub-HUP134,ripple,RC8-RC9,437.0,87.4,spared,False
sub-HUP134,ripple,RC9-RC10,312.0,62.4,spared,False
sub-HUP134,ripple,RD1-RD2,45.0,9.0,spared,False
sub-HUP134,ripple,RD2-RD3,18.0,3.6,spared,False
sub-HUP134,ripple,RE1-RE2,77.0,15.4,resected,True
sub-HUP134,ripple,RE2-RE3,80.0,16.0,resected,True
sub-HUP134,ripple,RE3-RE4,90.0,18.0,resected,True
sub-HUP134,ripple,RE4-RE5,124.0,24.8,resected,True
sub-HUP134,ripple,RE5-RE6,89.0,17.8,resected,True
sub-HUP134,ripple,RF1-RF2,31.0,6.2,resected,False
sub-HUP134,ripple,RF2-RF3,58.0,11.6,resected,False
sub-HUP134,ripple,RF3-RF4,36.0,7.2,partial,False
sub-HUP134,ripple,RF4-RF5,102.0,20.4,spared,False
sub-HUP134,ripple,RG1-RG2,99.0,19.8,spared,False
sub-HUP134,ripple,RG2-RG3,114.0,22.8,partial,False
sub-HUP134,ripple,RG3-RG4,130.0,26.0,resected,False
sub-HUP134,ripple,RG4-RG5,76.0,15.2,resected,False
sub-HUP134,ripple,RG5-RG6,56.0,11.2,resected,False
sub-HUP134,ripple,RH1-RH2,28.0,5.6,spared,False
sub-HUP134,ripple,RI1-RI2,369.0,73.8,resected,False
sub-HUP134,ripple,RI2-RI3,183.0,36.6,partial,False
sub-HUP134,ripple,RI3-RI4,171.0,34.2,partial,False
sub-HUP134,ripple,RI4-RI5,87.0,17.4,resected,False
sub-HUP134,ripple,RI5-RI6,89.0,17.8,partial,False
sub-HUP134,ripple,RI6-RI7,65.0,13.0,spared,False
sub-HUP138,ripple,LA01-LA02,89.0,17.8,resected,True
sub-HUP138,ripple,LA02-LA03,152.0,30.4,resected,True
sub-HUP138,ripple,LA03-LA04,187.0,37.4,partial,True
sub-HUP138,ripple,LA04-LA05,165.0,33.0,spared,True
sub-HUP138,ripple,LA05-LA06,42.0,8.4,spared,False
sub-HUP138,ripple,LA06-LA07,43.0,8.6,spared,False
sub-HUP138,ripple,LA07-LA08,44.0,8.8,spared,False
sub-HUP138,ripple,LB01-LB02,98.0,19.6,spared,False
sub-HUP138,ripple,LB02-LB03,95.0,19.0,spared,False
sub-HUP138,ripple,LB03-LB04,54.0,10.8,spared,False
sub-HUP138,ripple,LB04-LB05,36.0,7.2,spared,False
sub-HUP138,ripple,LB05-LB06,134.0,26.8,spared,False
sub-HUP138,ripple,LB06-LB07,159.0,31.8,spared,False
sub-HUP138,ripple,LB07-LB08,329.0,65.8,spared,False
sub-HUP138,ripple,LC01-LC02,70.0,14.0,spared,False
sub-HUP138,ripple,LC02-LC03,64.0,12.8,spared,False
sub-HUP138,ripple,LC03-LC04,94.0,18.8,spared,False
sub-HUP138,ripple,LC04-LC05,77.0,15.4,spared,False
sub-HUP138,ripple,LC05-LC06,88.0,17.6,spared,False
sub-HUP138,ripple,LC06-LC07,189.0,37.8,spared,False
sub-HUP138,ripple,LC07-LC08,197.0,39.4,spared,False
sub-HUP138,ripple,LD01-LD02,110.0,22.0,spared,False
sub-HUP138,ripple,LD02-LD03,114.0,22.8,spared,False
sub-HUP138,ripple,LD03-LD04,31.0,6.2,spared,False
sub-HUP138,ripple,LD04-LD05,15.0,3.0,spared,False
sub-HUP138,ripple,LD05-LD06,17.0,3.4,spared,False
sub-HUP138,ripple,LD06-LD07,18.0,3.6,spared,False
sub-HUP138,ripple,LD07-LD08,60.0,12.0,spared,False
sub-HUP138,ripple,LE01-LE02,15.0,3.0,spared,False
sub-HUP138,ripple,LE02-LE03,34.0,6.8,spared,False
sub-HUP138,ripple,LE03-LE04,11.0,2.2,spared,False
sub-HUP138,ripple,LE04-LE05,16.0,3.2,spared,False
sub-HUP138,ripple,LE05-LE06,13.0,2.6,spared,False
sub-HUP138,ripple,LE06-LE07,13.0,2.6,spared,False
sub-HUP138,ripple,LE07-LE08,16.0,3.2,spared,False
sub-HUP138,ripple,LF01-LF02,18.0,3.6,spared,False
sub-HUP138,ripple,LF02-LF03,9.0,1.8,spared,False
sub-HUP138,ripple,LF05-LF06,25.0,5.0,spared,False
sub-HUP138,ripple,LF06-LF07,17.0,3.4,spared,False
sub-HUP138,ripple,LF07-LF08,13.0,2.6,spared,False
sub-HUP138,ripple,LF08-LF09,60.0,12.0,spared,False
sub-HUP138,ripple,LF09-LF10,87.0,17.4,spared,False
sub-HUP138,ripple,LF10-LF11,100.0,20.0,spared,False
sub-HUP138,ripple,LF11-LF12,107.0,21.4,spared,False
sub-HUP138,ripple,LG01-LG02,20.0,4.0,spared,False
sub-HUP138,ripple,LG02-LG03,26.0,5.2,spared,False
sub-HUP138,ripple,LG03-LG04,13.0,2.6,spared,False
sub-HUP138,ripple,LG04-LG05,16.0,3.2,spared,False
sub-HUP138,ripple,LG05-LG06,79.0,15.8,spared,False
sub-HUP138,ripple,LG06-LG07,82.0,16.4,spared,False
sub-HUP138,ripple,LG07-LG08,65.0,13.0,spared,False
sub-HUP138,ripple,RA01-RA02,105.0,21.0,spared,False
sub-HUP138,ripple,RA02-RA03,61.0,12.2,spared,False
sub-HUP138,ripple,RA03-RA04,100.0,20.0,spared,False
sub-HUP138,ripple,RA04-RA05,84.0,16.8,spared,False
sub-HUP138,ripple,RA05-RA06,35.0,7.0,spared,False
sub-HUP138,ripple,RA06-RA07,48.0,9.6,spared,False
sub-HUP138,ripple,RA07-RA08,67.0,13.4,spared,False
sub-HUP138,ripple,RB01-RB02,96.0,19.2,spared,False
sub-HUP138,ripple,RB02-RB03,68.0,13.6,spared,False
sub-HUP138,ripple,RB03-RB04,51.0,10.2,spared,False
sub-HUP138,ripple,RB04-RB05,48.0,9.6,spared,False
sub-HUP138,ripple,RB05-RB06,125.0,25.0,spared,False
sub-HUP138,ripple,RC01-RC02,240.0,48.0,spared,False
sub-HUP138,ripple,RC06-RC07,178.0,35.6,spared,False
sub-HUP138,ripple,RC07-RC08,256.0,51.2,spared,False
sub-HUP138,ripple,RE01-RE02,64.0,12.8,spared,False
sub-HUP138,ripple,RE02-RE03,60.0,12.0,spared,False
sub-HUP138,ripple,RE03-RE04,70.0,14.0,spared,False
sub-HUP138,ripple,RE04-RE05,68.0,13.6,spared,False
sub-HUP138,ripple,RE05-RE06,31.0,6.2,spared,False
sub-HUP138,ripple,RF04-RF05,21.0,4.2,spared,False
sub-HUP138,ripple,RF05-RF06,10.0,2.0,spared,False
sub-HUP138,ripple,RF06-RF07,20.0,4.0,spared,False
sub-HUP138,ripple,RF07-RF08,12.0,2.4,spared,False
sub-HUP138,ripple,RF08-RF09,105.0,21.0,spared,False
sub-HUP138,ripple,RF09-RF10,98.0,19.6,spared,False
sub-HUP138,ripple,RG01-RG02,18.0,3.6,spared,False
sub-HUP138,ripple,RG04-RG05,27.0,5.4,spared,False
sub-HUP138,ripple,RG05-RG06,19.0,3.8,spared,False
sub-HUP138,ripple,RG06-RG07,17.0,3.4,spared,False
sub-HUP138,ripple,RG07-RG08,19.0,3.8,spared,False
sub-HUP139,ripple,LA01-LA02,250.0,50.0,spared,False
sub-HUP139,ripple,LA02-LA03,70.0,14.0,spared,False
sub-HUP139,ripple,LA03-LA04,27.0,5.4,spared,False
sub-HUP139,ripple,LA04-LA05,111.0,22.2,spared,False
sub-HUP139,ripple,LA05-LA06,134.0,26.8,spared,False
sub-HUP139,ripple,LB01-LB02,78.0,15.6,spared,False
sub-HUP139,ripple,LB02-LB03,10.0,2.0,spared,False
sub-HUP139,ripple,LB03-LB04,14.0,2.8,spared,False
sub-HUP139,ripple,LB04-LB05,11.0,2.2,spared,False
sub-HUP139,ripple,LB05-LB06,193.0,38.6,spared,False
sub-HUP139,ripple,LC01-LC02,43.0,8.6,partial,False
sub-HUP139,ripple,LC02-LC03,18.0,3.6,spared,False
sub-HUP139,ripple,LC03-LC04,12.0,2.4,spared,False
sub-HUP139,ripple,LD01-LD02,173.0,34.6,spared,False
sub-HUP139,ripple,LD02-LD03,10.0,2.0,spared,False
sub-HUP139,ripple,LD03-LD04,14.0,2.8,spared,False
sub-HUP139,ripple,LE01-LE02,139.0,27.8,partial,False
sub-HUP139,ripple,LE02-LE03,48.0,9.6,spared,False
sub-HUP139,ripple,LE03-LE04,31.0,6.2,spared,False
sub-HUP139,ripple,LE04-LE05,79.0,15.8,spared,False
sub-HUP139,ripple,LE05-LE06,13.0,2.6,spared,False
sub-HUP139,ripple,LF01-LF02,189.0,37.8,spared,False
sub-HUP139,ripple,LF02-LF03,136.0,27.2,partial,True
sub-HUP139,ripple,LF03-LF04,170.0,34.0,resected,True
sub-HUP139,ripple,LF04-LF05,181.0,36.2,resected,True
sub-HUP139,ripple,LF05-LF06,153.0,30.6,resected,True
sub-HUP139,ripple,LF06-LF07,106.0,21.2,partial,True
sub-HUP139,ripple,LF07-LF08,13.0,2.6,spared,False
sub-HUP139,ripple,LG01-LG02,124.0,24.8,resected,False
sub-HUP139,ripple,LG02-LG03,110.0,22.0,resected,True
sub-HUP139,ripple,LG03-LG04,254.0,50.8,resected,True
sub-HUP139,ripple,LG04-LG05,159.0,31.8,resected,True
sub-HUP139,ripple,LG05-LG06,57.0,11.4,partial,True
sub-HUP139,ripple,LG06-LG07,50.0,10.0,spared,True
sub-HUP139,ripple,LG07-LG08,67.0,13.4,spared,False
sub-HUP139,ripple,LG08-LG09,21.0,4.2,spared,False
sub-HUP139,ripple,LG09-LG10,21.0,4.2,spared,False
sub-HUP139,ripple,LH01-LH02,15.0,3.0,spared,False
sub-HUP139,ripple,LH04-LH05,14.0,2.8,spared,False
sub-HUP139,ripple,LH05-LH06,46.0,9.2,spared,False
sub-HUP139,ripple,LH06-LH07,242.0,48.4,spared,False
sub-HUP139,ripple,LH07-LH08,233.0,46.6,spared,False
sub-HUP139,ripple,LI01-LI02,62.0,12.4,spared,False
sub-HUP139,ripple,LI02-LI03,17.0,3.4,spared,False
sub-HUP139,ripple,LI03-LI04,18.0,3.6,spared,False
sub-HUP139,ripple,LI04-LI05,17.0,3.4,spared,False
sub-HUP139,ripple,LI05-LI06,21.0,4.2,spared,False
sub-HUP139,ripple,LI06-LI07,31.0,6.2,spared,False
sub-HUP139,ripple,LI07-LI08,25.0,5.0,spared,False
sub-HUP139,ripple,LI08-LI09,27.0,5.4,spared,False
sub-HUP139,ripple,LI09-LI10,23.0,4.6,spared,False
sub-HUP139,ripple,RI01-RI02,62.0,12.4,spared,False
sub-HUP139,ripple,RI02-RI03,39.0,7.8,spared,False
sub-HUP139,ripple,RI03-RI04,23.0,4.6,spared,False
sub-HUP139,ripple,RI04-RI05,18.0,3.6,spared,False
sub-HUP139,ripple,RI05-RI06,21.0,4.2,spared,False
sub-HUP139,ripple,RI06-RI07,15.0,3.0,spared,False
sub-HUP139,ripple,RI07-RI08,26.0,5.2,spared,False
sub-HUP139,ripple,RI08-RI09,48.0,9.6,spared,False
sub-HUP139,ripple,RI09-RI10,164.0,32.8,spared,False
sub-HUP139,ripple,RI10-RI11,163.0,32.6,spared,False
sub-HUP139,ripple,RI11-RI12,73.0,14.6,spared,False
sub-HUP140,ripple,LA01-LA02,28.0,5.6,resected,True
sub-HUP140,ripple,LA02-LA03,13.0,2.6,resected,True
sub-HUP140,ripple,LA03-LA04,15.0,3.0,partial,False
sub-HUP140,ripple,LA04-LA05,50.0,10.0,spared,False
sub-HUP140,ripple,LA05-LA06,75.0,15.0,spared,False
sub-HUP140,ripple,LA06-LA07,78.0,15.6,spared,False
sub-HUP140,ripple,LA07-LA08,97.0,19.4,spared,False
sub-HUP140,ripple,LA08-LA09,218.0,43.6,spared,False
sub-HUP140,ripple,LA09-LA10,21.0,4.2,spared,False
sub-HUP140,ripple,LA10-LA11,56.0,11.2,spared,False
sub-HUP140,ripple,LA11-LA12,16.0,3.2,spared,False
sub-HUP140,ripple,LB01-LB02,18.0,3.6,resected,True
sub-HUP140,ripple,LB02-LB03,28.0,5.6,resected,True
sub-HUP140,ripple,LB03-LB04,37.0,7.4,partial,False
sub-HUP140,ripple,LB04-LB05,36.0,7.2,spared,False
sub-HUP140,ripple,LB05-LB06,22.0,4.4,spared,False
sub-HUP140,ripple,LB06-LB07,74.0,14.8,spared,False
sub-HUP140,ripple,LB07-LB08,73.0,14.6,spared,False
sub-HUP140,ripple,LB10-LB11,35.0,7.0,spared,False
sub-HUP140,ripple,LB11-LB12,15.0,3.0,spared,False
sub-HUP140,ripple,LC01-LC02,24.0,4.8,spared,False
sub-HUP140,ripple,LC02-LC03,17.0,3.4,spared,False
sub-HUP140,ripple,LC03-LC04,38.0,7.6,spared,False
sub-HUP140,ripple,LC04-LC05,43.0,8.6,spared,False
sub-HUP140,ripple,LC05-LC06,58.0,11.6,spared,False
sub-HUP140,ripple,LC06-LC07,38.0,7.6,spared,False
sub-HUP140,ripple,LC07-LC08,61.0,12.2,spared,False
sub-HUP140,ripple,LD01-LD02,84.0,16.8,spared,False
sub-HUP140,ripple,LD02-LD03,54.0,10.8,spared,False
sub-HUP140,ripple,LD03-LD04,78.0,15.6,spared,False
sub-HUP140,ripple,LD04-LD05,57.0,11.4,spared,False
sub-HUP140,ripple,LD05-LD06,73.0,14.6,spared,False
sub-HUP140,ripple,LE01-LE02,104.0,20.8,spared,False
sub-HUP140,ripple,LE02-LE03,332.0,66.4,spared,False
sub-HUP140,ripple,LE03-LE04,60.0,12.0,spared,False
sub-HUP140,ripple,LE04-LE05,145.0,29.0,spared,False
sub-HUP140,ripple,LE05-LE06,48.0,9.6,spared,False
sub-HUP140,ripple,LE06-LE07,80.0,16.0,spared,False
sub-HUP140,ripple,LE07-LE08,91.0,18.2,spared,False
sub-HUP140,ripple,LF01-LF02,56.0,11.2,spared,False
sub-HUP140,ripple,LF02-LF03,16.0,3.2,spared,False
sub-HUP140,ripple,LF03-LF04,24.0,4.8,spared,False
sub-HUP140,ripple,LF04-LF05,25.0,5.0,spared,False
sub-HUP140,ripple,LF05-LF06,64.0,12.8,spared,False
sub-HUP140,ripple,LF06-LF07,62.0,12.4,spared,False
sub-HUP140,ripple,LF07-LF08,80.0,16.0,spared,False
sub-HUP140,ripple,LG01-LG02,26.0,5.2,spared,False
sub-HUP140,ripple,LG02-LG03,21.0,4.2,spared,False
sub-HUP140,ripple,LG03-LG04,62.0,12.4,spared,False
sub-HUP140,ripple,LG04-LG05,51.0,10.2,spared,False
sub-HUP140,ripple,LG05-LG06,40.0,8.0,spared,False
sub-HUP140,ripple,LG06-LG07,128.0,25.6,spared,False
sub-HUP140,ripple,LG07-LG08,314.0,62.8,spared,False
sub-HUP140,ripple,LH01-LH02,17.0,3.4,spared,False
sub-HUP140,ripple,LH04-LH05,24.0,4.8,spared,False
sub-HUP140,ripple,LH05-LH06,16.0,3.2,spared,False
sub-HUP140,ripple,LH06-LH07,14.0,2.8,spared,False
sub-HUP140,ripple,LH07-LH08,18.0,3.6,spared,False
sub-HUP140,ripple,RA01-RA02,119.0,23.8,spared,False
sub-HUP140,ripple,RA02-RA03,117.0,23.4,spared,False
sub-HUP140,ripple,RA03-RA04,147.0,29.4,spared,False
sub-HUP140,ripple,RA04-RA05,159.0,31.8,spared,False
sub-HUP140,ripple,RA05-RA06,96.0,19.2,spared,False
sub-HUP140,ripple,RA06-RA07,42.0,8.4,spared,False
sub-HUP140,ripple,RA07-RA08,44.0,8.8,spared,False
sub-HUP140,ripple,RB02-RB03,63.0,12.6,spared,False
sub-HUP140,ripple,RB03-RB04,59.0,11.8,spared,False
sub-HUP140,ripple,RB04-RB05,42.0,8.4,spared,False
sub-HUP140,ripple,RB05-RB06,53.0,10.6,spared,False
sub-HUP140,ripple,RB06-RB07,66.0,13.2,spared,False
sub-HUP140,ripple,RB07-RB08,56.0,11.2,spared,False
sub-HUP140,ripple,RB08-RB09,73.0,14.6,spared,False
sub-HUP140,ripple,RB11-RB12,41.0,8.2,spared,False
sub-HUP146,ripple,LG1-LG2,20.0,4.0,spared,False
sub-HUP146,ripple,LG2-LG3,29.0,5.8,spared,False
sub-HUP146,ripple,LG3-LG4,98.0,19.6,spared,False
sub-HUP146,ripple,LG4-LG5,78.0,15.6,spared,False
sub-HUP146,ripple,LG5-LG6,133.0,26.6,spared,False
sub-HUP146,ripple,LG6-LG7,140.0,28.0,spared,False
sub-HUP146,ripple,LG7-LG8,213.0,42.6,spared,False
sub-HUP146,ripple,LH1-LH2,25.0,5.0,spared,False
sub-HUP146,ripple,LH2-LH3,22.0,4.4,spared,False
sub-HUP146,ripple,LH3-LH4,20.0,4.0,spared,False
sub-HUP146,ripple,LH4-LH5,108.0,21.6,spared,False
sub-HUP146,ripple,LH5-LH6,154.0,30.8,spared,False
sub-HUP146,ripple,LH6-LH7,104.0,20.8,spared,False
sub-HUP146,ripple,LH7-LH8,118.0,23.6,spared,False
sub-HUP146,ripple,RA1-RA2,186.0,37.2,spared,True
sub-HUP146,ripple,RA2-RA3,200.0,40.0,partial,True
sub-HUP146,ripple,RA3-RA4,249.0,49.8,resected,True
sub-HUP146,ripple,RA4-RA5,279.0,55.8,resected,True
sub-HUP146,ripple,RA5-RA6,87.0,17.4,resected,True
sub-HUP146,ripple,RA6-RA7,55.0,11.0,resected,False
sub-HUP146,ripple,RA7-RA8,64.0,12.8,partial,False
sub-HUP146,ripple,RA8-RA9,123.0,24.6,spared,False
sub-HUP146,ripple,RA9-RA10,204.0,40.8,spared,False
sub-HUP146,ripple,RA10-RA11,86.0,17.2,spared,False
sub-HUP146,ripple,RA11-RA12,212.0,42.4,spared,False
sub-HUP146,ripple,RB1-RB2,87.0,17.4,spared,True
sub-HUP146,ripple,RB2-RB3,119.0,23.8,spared,True
sub-HUP146,ripple,RB3-RB4,269.0,53.8,spared,True
sub-HUP146,ripple,RB4-RB5,166.0,33.2,spared,True
sub-HUP146,ripple,RB5-RB6,126.0,25.2,spared,False
sub-HUP146,ripple,RB6-RB7,86.0,17.2,spared,False
sub-HUP146,ripple,RB7-RB8,92.0,18.4,spared,False
sub-HUP146,ripple,RB8-RB9,154.0,30.8,spared,False
sub-HUP146,ripple,RB9-RB10,123.0,24.6,spared,False
sub-HUP146,ripple,RB10-RB11,127.0,25.4,spared,False
sub-HUP146,ripple,RC1-RC2,124.0,24.8,spared,False
sub-HUP146,ripple,RC2-RC3,120.0,24.0,partial,False
sub-HUP146,ripple,RC3-RC4,135.0,27.0,partial,False
sub-HUP146,ripple,RC4-RC5,353.0,70.6,spared,False
sub-HUP146,ripple,RD1-RD2,17.0,3.4,spared,False
sub-HUP146,ripple,RD2-RD3,13.0,2.6,spared,False
sub-HUP146,ripple,RD3-RD4,20.0,4.0,spared,False
sub-HUP146,ripple,RD4-RD5,23.0,4.6,spared,False
sub-HUP146,ripple,RD5-RD6,54.0,10.8,spared,False
sub-HUP146,ripple,RD6-RD7,119.0,23.8,spared,False
sub-HUP146,ripple,RD7-RD8,125.0,25.0,spared,False
sub-HUP146,ripple,RF1-RF2,65.0,13.0,partial,True
sub-HUP146,ripple,RF2-RF3,85.0,17.0,spared,True
sub-HUP146,ripple,RF3-RF4,103.0,20.6,spared,False
sub-HUP146,ripple,RF4-RF5,32.0,6.4,spared,False
sub-HUP146,ripple,RF5-RF6,22.0,4.4,spared,False
sub-HUP146,ripple,RF6-RF7,47.0,9.4,spared,False
sub-HUP146,ripple,RF7-RF8,111.0,22.2,spared,False
sub-HUP146,ripple,RF8-RF9,85.0,17.0,spared,False
sub-HUP146,ripple,RF9-RF10,61.0,12.2,spared,False
sub-HUP146,ripple,RF10-RF11,37.0,7.4,spared,False
sub-HUP146,ripple,RF11-RF12,51.0,10.2,spared,False
sub-HUP146,ripple,RG1-RG2,23.0,4.6,spared,False
sub-HUP146,ripple,RG2-RG3,14.0,2.8,spared,False
sub-HUP146,ripple,RG3-RG4,22.0,4.4,spared,False
sub-HUP146,ripple,RG4-RG5,23.0,4.6,spared,False
sub-HUP146,ripple,RG5-RG6,33.0,6.6,spared,False
sub-HUP146,ripple,RG6-RG7,73.0,14.6,spared,False
sub-HUP146,ripple,RG7-RG8,74.0,14.8,spared,False
sub-HUP146,ripple,RH1-RH2,21.0,4.2,spared,False
sub-HUP146,ripple,RH2-RH3,20.0,4.0,spared,False
sub-HUP146,ripple,RH3-RH4,15.0,3.0,spared,False
sub-HUP146,ripple,RH4-RH5,187.0,37.4,spared,False
sub-HUP146,ripple,RH5-RH6,162.0,32.4,spared,False
sub-HUP146,ripple,RH6-RH7,107.0,21.4,spared,False
sub-HUP146,ripple,RH7-RH8,130.0,26.0,spared,False
sub-HUP146,ripple,RI1-RI2,173.0,34.6,spared,False
sub-HUP146,ripple,RI2-RI3,166.0,33.2,spared,False
sub-HUP146,ripple,RI3-RI4,19.0,3.8,spared,False
sub-HUP146,ripple,RI4-RI5,20.0,4.0,spared,False
sub-HUP146,ripple,RI5-RI6,22.0,4.4,spared,False
sub-HUP146,ripple,RI6-RI7,21.0,4.2,spared,False
sub-HUP146,ripple,RI7-RI8,37.0,7.4,spared,False
sub-HUP146,ripple,RI8-RI9,56.0,11.2,spared,False
sub-HUP146,ripple,RI9-RI10,88.0,17.6,spared,False
sub-HUP146,ripple,RI10-RI11,139.0,27.8,spared,False
sub-HUP146,ripple,RJ1-RJ2,121.0,24.2,spared,False
sub-HUP146,ripple,RJ2-RJ3,75.0,15.0,spared,False
sub-HUP146,ripple,RJ3-RJ4,55.0,11.0,spared,False
sub-HUP146,ripple,RJ4-RJ5,147.0,29.4,spared,False
sub-HUP146,ripple,RK1-RK2,126.0,25.2,spared,False
sub-HUP146,ripple,RK2-RK3,86.0,17.2,spared,False
sub-HUP146,ripple,RK3-RK4,138.0,27.6,spared,False
sub-HUP157,ripple,LA1-LA2,116.0,23.2,resected,True
sub-HUP157,ripple,LA2-LA3,86.0,17.2,resected,True
sub-HUP157,ripple,LA3-LA4,46.0,9.2,partial,False
sub-HUP157,ripple,LA4-LA5,25.0,5.0,spared,False
sub-HUP157,ripple,LA5-LA6,51.0,10.2,spared,False
sub-HUP157,ripple,LA6-LA7,69.0,13.8,spared,False
sub-HUP157,ripple,LA7-LA8,84.0,16.8,spared,False
sub-HUP157,ripple,LA8-LA9,642.0,128.4,spared,False
sub-HUP157,ripple,LA9-LA10,520.0,104.0,spared,False
sub-HUP157,ripple,LB1-LB2,108.0,21.6,resected,True
sub-HUP157,ripple,LB2-LB3,161.0,32.2,resected,True
sub-HUP157,ripple,LB3-LB4,97.0,19.4,partial,False
sub-HUP157,ripple,LB4-LB5,108.0,21.6,spared,False
sub-HUP157,ripple,LB5-LB6,107.0,21.4,spared,False
sub-HUP157,ripple,LB6-LB7,136.0,27.2,spared,True
sub-HUP157,ripple,LB7-LB8,114.0,22.8,spared,True
sub-HUP157,ripple,LB8-LB9,82.0,16.4,spared,True
sub-HUP157,ripple,LB9-LB10,110.0,22.0,spared,True
sub-HUP157,ripple,LC1-LC2,211.0,42.2,spared,True
sub-HUP157,ripple,LC2-LC3,222.0,44.4,spared,True
sub-HUP157,ripple,LC3-LC4,203.0,40.6,spared,False
sub-HUP157,ripple,LC4-LC5,165.0,33.0,spared,False
sub-HUP157,ripple,LC5-LC6,73.0,14.6,spared,False
sub-HUP157,ripple,LC6-LC7,172.0,34.4,spared,True
sub-HUP157,ripple,LC7-LC8,189.0,37.8,spared,True
sub-HUP157,ripple,LC8-LC9,150.0,30.0,spared,True
sub-HUP157,ripple,LD2-LD3,183.0,36.6,spared,False
sub-HUP157,ripple,LD3-LD4,141.0,28.2,spared,False
sub-HUP157,ripple,LD4-LD5,134.0,26.8,spared,False
sub-HUP157,ripple,LD5-LD6,633.0,126.6,spared,False
sub-HUP157,ripple,LD6-LD7,243.0,48.6,spared,False
sub-HUP157,ripple,LD7-LD8,14.0,2.8,spared,False
sub-HUP157,ripple,LE1-LE2,45.0,9.0,spared,False
sub-HUP157,ripple,LE2-LE3,49.0,9.8,spared,False
sub-HUP157,ripple,LE3-LE4,71.0,14.2,spared,False
sub-HUP157,ripple,LE4-LE5,99.0,19.8,spared,False
sub-HUP157,ripple,LE5-LE6,106.0,21.2,spared,False
sub-HUP157,ripple,LE6-LE7,142.0,28.4,spared,False
sub-HUP157,ripple,LE7-LE8,161.0,32.2,spared,False
sub-HUP157,ripple,LE8-LE9,124.0,24.8,spared,False
sub-HUP157,ripple,LF1-LF2,42.0,8.4,spared,False
sub-HUP157,ripple,LF2-LF3,19.0,3.8,spared,False
sub-HUP157,ripple,LF3-LF4,14.0,2.8,spared,False
sub-HUP157,ripple,LF4-LF5,16.0,3.2,spared,False
sub-HUP157,ripple,LF5-LF6,17.0,3.4,spared,False
sub-HUP157,ripple,LF6-LF7,23.0,4.6,spared,False
sub-HUP157,ripple,LF7-LF8,22.0,4.4,spared,False
sub-HUP157,ripple,LG1-LG2,93.0,18.6,spared,False
sub-HUP157,ripple,LG2-LG3,98.0,19.6,spared,False
sub-HUP157,ripple,LG3-LG4,50.0,10.0,spared,False
sub-HUP157,ripple,LG4-LG5,28.0,5.6,spared,False
sub-HUP157,ripple,LG5-LG6,24.0,4.8,spared,False
sub-HUP157,ripple,LG6-LG7,51.0,10.2,spared,False
sub-HUP157,ripple,LG7-LG8,90.0,18.0,spared,False
sub-HUP157,ripple,LH1-LH2,26.0,5.2,spared,False
sub-HUP157,ripple,LH2-LH3,32.0,6.4,spared,False
sub-HUP157,ripple,LH3-LH4,32.0,6.4,spared,False
sub-HUP157,ripple,LH4-LH5,20.0,4.0,spared,False
sub-HUP157,ripple,LH5-LH6,19.0,3.8,spared,False
sub-HUP157,ripple,LH6-LH7,34.0,6.8,spared,False
sub-HUP157,ripple,LH7-LH8,78.0,15.6,spared,False
sub-HUP157,ripple,LJ1-LJ2,144.0,28.8,spared,True
sub-HUP157,ripple,LJ2-LJ3,96.0,19.2,spared,False
sub-HUP157,ripple,LJ3-LJ4,47.0,9.4,spared,False
sub-HUP157,ripple,LJ4-LJ5,36.0,7.2,spared,False
sub-HUP157,ripple,LJ5-LJ6,43.0,8.6,spared,False
sub-HUP157,ripple,LJ6-LJ7,75.0,15.0,spared,False
sub-HUP157,ripple,LJ7-LJ8,134.0,26.8,spared,False
sub-HUP157,ripple,RA1-RA2,114.0,22.8,spared,False
sub-HUP157,ripple,RA2-RA3,91.0,18.2,spared,False
sub-HUP157,ripple,RA3-RA4,81.0,16.2,spared,False
sub-HUP157,ripple,RA4-RA5,45.0,9.0,spared,False
sub-HUP157,ripple,RA5-RA6,45.0,9.0,spared,False
sub-HUP157,ripple,RA6-RA7,105.0,21.0,spared,False
sub-HUP157,ripple,RA7-RA8,127.0,25.4,spared,False
sub-HUP157,ripple,RA8-RA9,171.0,34.2,spared,False
sub-HUP157,ripple,RA9-RA10,197.0,39.4,spared,False
sub-HUP157,ripple,RB1-RB2,133.0,26.6,spared,False
sub-HUP157,ripple,RB2-RB3,197.0,39.4,spared,False
sub-HUP157,ripple,RB3-RB4,134.0,26.8,spared,False
sub-HUP157,ripple,RB4-RB5,89.0,17.8,spared,False
sub-HUP157,ripple,RB5-RB6,120.0,24.0,spared,False
sub-HUP157,ripple,RB6-RB7,154.0,30.8,spared,False
sub-HUP157,ripple,RB7-RB8,168.0,33.6,spared,False
sub-HUP157,ripple,RB8-RB9,225.0,45.0,spared,False
sub-HUP157,ripple,RC1-RC2,188.0,37.6,spared,False
sub-HUP157,ripple,RC2-RC3,161.0,32.2,spared,False
sub-HUP157,ripple,RC3-RC4,34.0,6.8,spared,False
sub-HUP157,ripple,RC4-RC5,38.0,7.6,spared,False
sub-HUP157,ripple,RC5-RC6,90.0,18.0,spared,False
sub-HUP157,ripple,RC6-RC7,92.0,18.4,spared,False
sub-HUP157,ripple,RC7-RC8,131.0,26.2,spared,False
sub-HUP157,ripple,RC8-RC9,584.0,116.8,spared,False
sub-HUP157,ripple,RC9-RC10,830.0,166.0,spared,False
sub-HUP157,ripple,RC10-RC11,308.0,61.6,spared,False
sub-HUP157,ripple,RC11-RC12,20.0,4.0,spared,False
sub-HUP157,ripple,RD1-RD2,161.0,32.2,spared,False
sub-HUP157,ripple,RD2-RD3,125.0,25.0,spared,False
sub-HUP157,ripple,RD3-RD4,71.0,14.2,spared,False
sub-HUP157,ripple,RD4-RD5,118.0,23.6,spared,False
sub-HUP157,ripple,RD5-RD6,87.0,17.4,spared,False
sub-HUP157,ripple,RD6-RD7,126.0,25.2,spared,False
sub-HUP157,ripple,RD7-RD8,216.0,43.2,spared,False
sub-HUP157,ripple,RE1-RE2,30.0,6.0,spared,False
sub-HUP157,ripple,RE2-RE3,15.0,3.0,spared,False
sub-HUP157,ripple,RE3-RE4,16.0,3.2,spared,False
sub-HUP157,ripple,RE4-RE5,76.0,15.2,spared,False
sub-HUP157,ripple,RE5-RE6,14.0,2.8,spared,False
sub-HUP157,ripple,RE6-RE7,16.0,3.2,spared,False
sub-HUP157,ripple,RE7-RE8,17.0,3.4,spared,False
sub-HUP157,ripple,RF1-RF2,18.0,3.6,spared,False
sub-HUP157,ripple,RF2-RF3,17.0,3.4,spared,False
sub-HUP157,ripple,RF3-RF4,21.0,4.2,spared,False
sub-HUP157,ripple,RF4-RF5,19.0,3.8,spared,False
sub-HUP157,ripple,RF5-RF6,18.0,3.6,spared,False
sub-HUP157,ripple,RF6-RF7,14.0,2.8,spared,False
sub-HUP157,ripple,RF7-RF8,27.0,5.4,spared,False
sub-HUP157,ripple,RG1-RG2,31.0,6.2,spared,False
sub-HUP157,ripple,RG2-RG3,27.0,5.4,spared,False
sub-HUP157,ripple,RG3-RG4,27.0,5.4,spared,False
sub-HUP157,ripple,RG4-RG5,17.0,3.4,spared,False
sub-HUP157,ripple,RG5-RG6,19.0,3.8,spared,False
sub-HUP157,ripple,RG6-RG7,17.0,3.4,spared,False
sub-HUP157,ripple,RG7-RG8,24.0,4.8,spared,False
sub-HUP157,ripple,RH1-RH2,61.0,12.2,spared,False
sub-HUP157,ripple,RH2-RH3,23.0,4.6,spared,False
sub-HUP157,ripple,RH3-RH4,12.0,2.4,spared,False
sub-HUP157,ripple,RH4-RH5,17.0,3.4,spared,False
sub-HUP157,ripple,RH5-RH6,20.0,4.0,spared,False
sub-HUP157,ripple,RH6-RH7,14.0,2.8,spared,False
sub-HUP157,ripple,RH7-RH8,21.0,4.2,spared,False
sub-HUP157,ripple,RI1-RI2,21.0,4.2,spared,False
sub-HUP157,ripple,RI2-RI3,19.0,3.8,spared,False
sub-HUP157,ripple,RI3-RI4,15.0,3.0,spared,False
sub-HUP157,ripple,RI4-RI5,16.0,3.2,spared,False
sub-HUP157,ripple,RI5-RI6,16.0,3.2,spared,False
sub-HUP157,ripple,RI6-RI7,14.0,2.8,spared,False
sub-HUP157,ripple,RI7-RI8,22.0,4.4,spared,False
sub-HUP157,ripple,RJ1-RJ2,119.0,23.8,spared,True
sub-HUP157,ripple,RJ2-RJ3,84.0,16.8,spared,False
sub-HUP157,ripple,RJ3-RJ4,71.0,14.2,spared,False
sub-HUP157,ripple,RJ4-RJ5,50.0,10.0,spared,False
sub-HUP157,ripple,RJ5-RJ6,56.0,11.2,spared,False
sub-HUP157,ripple,RJ6-RJ7,79.0,15.8,spared,False
sub-HUP157,ripple,RJ7-RJ8,84.0,16.8,spared,False
sub-HUP160,ripple,LA1-LA2,17.0,3.4,spared,False
sub-HUP160,ripple,LA2-LA3,14.0,2.8,spared,False
sub-HUP160,ripple,LA3-LA4,22.0,4.4,spared,False
sub-HUP160,ripple,LA4-LA5,38.0,7.6,spared,False
sub-HUP160,ripple,LA5-LA6,63.0,12.6,spared,False
sub-HUP160,ripple,LA6-LA7,59.0,11.8,spared,False
sub-HUP160,ripple,LA7-LA8,71.0,14.2,spared,False
sub-HUP160,ripple,RA1-RA2,21.0,4.2,spared,False
sub-HUP160,ripple,RA2-RA3,19.0,3.8,partial,False
sub-HUP160,ripple,RA3-RA4,158.0,31.6,resected,True
sub-HUP160,ripple,RA4-RA5,120.0,24.0,resected,True
sub-HUP160,ripple,RA5-RA6,101.0,20.2,resected,True
sub-HUP160,ripple,RA6-RA7,97.0,19.4,resected,True
sub-HUP160,ripple,RA7-RA8,94.0,18.8,resected,False
sub-HUP160,ripple,RB2-RB3,160.0,32.0,resected,True
sub-HUP160,ripple,RB3-RB4,54.0,10.8,resected,True
sub-HUP160,ripple,RB4-RB5,52.0,10.4,resected,True
sub-HUP160,ripple,RB5-RB6,58.0,11.6,partial,False
sub-HUP160,ripple,RB6-RB7,49.0,9.8,spared,False
sub-HUP160,ripple,RB7-RB8,31.0,6.2,spared,False
sub-HUP160,ripple,RC1-RC2,78.0,15.6,partial,True
sub-HUP160,ripple,RC2-RC3,89.0,17.8,partial,True
sub-HUP160,ripple,RC3-RC4,37.0,7.4,partial,False
sub-HUP160,ripple,RC4-RC5,14.0,2.8,spared,False
sub-HUP160,ripple,RC5-RC6,17.0,3.4,spared,False
sub-HUP160,ripple,RC6-RC7,23.0,4.6,spared,False
sub-HUP160,ripple,RD1-RD2,24.0,4.8,spared,False
sub-HUP160,ripple,RD2-RD3,26.0,5.2,spared,False
sub-HUP160,ripple,RD3-RD4,16.0,3.2,spared,False
sub-HUP160,ripple,RD4-RD5,21.0,4.2,spared,False
sub-HUP160,ripple,RD5-RD6,21.0,4.2,spared,False
sub-HUP160,ripple,RD6-RD7,31.0,6.2,spared,False
sub-HUP160,ripple,RD7-RD8,12.0,2.4,spared,False
sub-HUP160,ripple,RD8-RD9,19.0,3.8,spared,False
sub-HUP160,ripple,RD9-RD10,21.0,4.2,spared,False
sub-HUP160,ripple,RD10-RD11,106.0,21.2,spared,False
sub-HUP160,ripple,RF1-RF2,31.0,6.2,spared,False
sub-HUP160,ripple,RF2-RF3,21.0,4.2,spared,False
sub-HUP160,ripple,RF3-RF4,12.0,2.4,spared,False
sub-HUP160,ripple,RF4-RF5,13.0,2.6,spared,False
sub-HUP160,ripple,RF5-RF6,48.0,9.6,spared,True
sub-HUP160,ripple,RF6-RF7,80.0,16.0,spared,True
sub-HUP160,ripple,RF7-RF8,68.0,13.6,spared,True
sub-HUP160,ripple,RF8-RF9,96.0,19.2,spared,True
sub-HUP160,ripple,RF9-RF10,98.0,19.6,spared,False
sub-HUP160,ripple,RF10-RF11,43.0,8.6,spared,False
sub-HUP160,ripple,RG1-RG2,32.0,6.4,spared,True
sub-HUP160,ripple,RG2-RG3,40.0,8.0,spared,True
sub-HUP160,ripple,RG3-RG4,22.0,4.4,spared,True
sub-HUP160,ripple,RG4-RG5,51.0,10.2,spared,False
sub-HUP160,ripple,RG5-RG6,35.0,7.0,spared,False
sub-HUP160,ripple,RG6-RG7,21.0,4.2,spared,False
sub-HUP160,ripple,RG7-RG8,25.0,5.0,spared,False
sub-HUP160,ripple,RH2-RH3,30.0,6.0,spared,False
sub-HUP160,ripple,RH3-RH4,18.0,3.6,spared,False
sub-HUP160,ripple,RH4-RH5,13.0,2.6,spared,False
sub-HUP160,ripple,RH5-RH6,23.0,4.6,spared,False
sub-HUP160,ripple,RH6-RH7,20.0,4.0,spared,False
sub-HUP160,ripple,RH7-RH8,17.0,3.4,spared,False
sub-HUP160,ripple,RI1-RI2,66.0,13.2,spared,True
sub-HUP160,ripple,RI2-RI3,53.0,10.6,spared,True
sub-HUP160,ripple,RI3-RI4,23.0,4.6,spared,True
sub-HUP160,ripple,RI4-RI5,24.0,4.8,spared,False
sub-HUP160,ripple,RI5-RI6,20.0,4.0,spared,False
sub-HUP160,ripple,RI6-RI7,19.0,3.8,spared,False
sub-HUP160,ripple,RI7-RI8,26.0,5.2,spared,False
sub-HUP160,ripple,RJ1-RJ2,65.0,13.0,spared,False
sub-HUP160,ripple,RJ2-RJ3,50.0,10.0,spared,False
sub-HUP160,ripple,RJ3-RJ4,34.0,6.8,spared,False
sub-HUP160,ripple,RJ4-RJ5,15.0,3.0,spared,False
sub-HUP160,ripple,RJ5-RJ6,17.0,3.4,spared,False
sub-HUP160,ripple,RJ6-RJ7,26.0,5.2,spared,False
sub-HUP160,ripple,RJ7-RJ8,22.0,4.4,spared,False
sub-HUP160,ripple,RK2-RK3,94.0,18.8,spared,False
sub-HUP160,ripple,RK3-RK4,119.0,23.8,spared,False
sub-HUP160,ripple,RK4-RK5,73.0,14.6,spared,False
sub-HUP160,ripple,RK5-RK6,61.0,12.2,spared,False
sub-HUP160,ripple,RK6-RK7,122.0,24.4,spared,False
sub-HUP160,ripple,RK7-RK8,31.0,6.2,spared,False
sub-HUP160,ripple,RL1-RL2,113.0,22.6,spared,False
sub-HUP160,ripple,RL2-RL3,61.0,12.2,spared,False
sub-HUP160,ripple,RL3-RL4,28.0,5.6,spared,False
sub-HUP160,ripple,RL4-RL5,18.0,3.6,spared,False
sub-HUP160,ripple,RL5-RL6,17.0,3.4,spared,False
sub-HUP160,ripple,RL6-RL7,40.0,8.0,spared,False
sub-HUP160,ripple,RL7-RL8,78.0,15.6,spared,True
sub-HUP160,ripple,RL8-RL9,69.0,13.8,spared,True
sub-HUP160,ripple,RL9-RL10,47.0,9.4,spared,True
sub-HUP160,ripple,RL10-RL11,52.0,10.4,spared,True
sub-HUP160,ripple,RL11-RL12,61.0,12.2,spared,False
sub-HUP162,ripple,LA1-LA2,151.0,30.2,partial,True
sub-HUP162,ripple,LA2-LA3,70.0,14.0,resected,True
sub-HUP162,ripple,LA3-LA4,69.0,13.8,resected,True
sub-HUP162,ripple,LA4-LA5,78.0,15.6,partial,False
sub-HUP162,ripple,LA5-LA6,20.0,4.0,spared,False
sub-HUP162,ripple,LA6-LA7,26.0,5.2,spared,False
sub-HUP162,ripple,LA7-LA8,18.0,3.6,spared,False
sub-HUP162,ripple,LA8-LA9,48.0,9.6,spared,False
sub-HUP162,ripple,LB1-LB2,116.0,23.2,resected,True
sub-HUP162,ripple,LB2-LB3,113.0,22.6,resected,True
sub-HUP162,ripple,LB3-LB4,169.0,33.8,resected,True
sub-HUP162,ripple,LB4-LB5,181.0,36.2,resected,True
sub-HUP162,ripple,LB5-LB6,195.0,39.0,partial,False
sub-HUP162,ripple,LB6-LB7,91.0,18.2,spared,False
sub-HUP162,ripple,LB7-LB8,27.0,5.4,spared,False
sub-HUP162,ripple,LB8-LB9,26.0,5.2,spared,False
sub-HUP162,ripple,LB9-LB10,17.0,3.4,spared,False
sub-HUP162,ripple,LB10-LB11,16.0,3.2,spared,False
sub-HUP162,ripple,LC1-LC2,19.0,3.8,spared,False
sub-HUP162,ripple,LC2-LC3,41.0,8.2,partial,False
sub-HUP162,ripple,LC3-LC4,40.0,8.0,partial,False
sub-HUP162,ripple,LC4-LC5,132.0,26.4,spared,False
sub-HUP162,ripple,LC5-LC6,34.0,6.8,spared,False
sub-HUP162,ripple,LC6-LC7,41.0,8.2,spared,False
sub-HUP162,ripple,LC7-LC8,65.0,13.0,spared,False
sub-HUP162,ripple,LC8-LC9,32.0,6.4,spared,False
sub-HUP162,ripple,LC9-LC10,56.0,11.2,spared,False
sub-HUP162,ripple,LC10-LC11,127.0,25.4,spared,False
sub-HUP162,ripple,LD1-LD2,193.0,38.6,spared,False
sub-HUP162,ripple,LD2-LD3,75.0,15.0,spared,False
sub-HUP162,ripple,LD3-LD4,47.0,9.4,spared,False
sub-HUP162,ripple,LD4-LD5,31.0,6.2,spared,False
sub-HUP162,ripple,LD5-LD6,22.0,4.4,spared,False
sub-HUP162,ripple,LD6-LD7,30.0,6.0,spared,False
sub-HUP162,ripple,LD7-LD8,62.0,12.4,spared,False
sub-HUP162,ripple,LD8-LD9,78.0,15.6,spared,False
sub-HUP162,ripple,LD9-LD10,165.0,33.0,spared,False
sub-HUP162,ripple,LD10-LD11,290.0,58.0,spared,False
sub-HUP162,ripple,LE1-LE2,136.0,27.2,spared,False
sub-HUP162,ripple,LE2-LE3,125.0,25.0,spared,False
sub-HUP162,ripple,LE3-LE4,97.0,19.4,spared,False
sub-HUP162,ripple,LE4-LE5,41.0,8.2,spared,False
sub-HUP162,ripple,LE5-LE6,18.0,3.6,spared,False
sub-HUP162,ripple,LE6-LE7,34.0,6.8,spared,False
sub-HUP162,ripple,LE7-LE8,90.0,18.0,spared,False
sub-HUP162,ripple,LE8-LE9,47.0,9.4,spared,False
sub-HUP162,ripple,LE9-LE10,122.0,24.4,spared,False
sub-HUP162,ripple,LE10-LE11,117.0,23.4,spared,False
sub-HUP162,ripple,LF1-LF2,126.0,25.2,spared,False
sub-HUP162,ripple,LF2-LF3,130.0,26.0,spared,False
sub-HUP162,ripple,LF3-LF4,123.0,24.6,spared,False
sub-HUP162,ripple,LF4-LF5,47.0,9.4,spared,False
sub-HUP162,ripple,LF5-LF6,25.0,5.0,spared,False
sub-HUP162,ripple,LF6-LF7,92.0,18.4,spared,False
sub-HUP162,ripple,LF7-LF8,74.0,14.8,spared,False
sub-HUP162,ripple,LF8-LF9,79.0,15.8,spared,False
sub-HUP162,ripple,LF9-LF10,205.0,41.0,spared,False
sub-HUP162,ripple,LG1-LG2,68.0,13.6,spared,False
sub-HUP162,ripple,LG2-LG3,45.0,9.0,spared,False
sub-HUP162,ripple,LG3-LG4,49.0,9.8,spared,False
sub-HUP162,ripple,LG4-LG5,55.0,11.0,spared,False
sub-HUP162,ripple,LG5-LG6,51.0,10.2,spared,False
sub-HUP162,ripple,LG6-LG7,22.0,4.4,spared,False
sub-HUP162,ripple,LG7-LG8,21.0,4.2,spared,False
sub-HUP162,ripple,LG8-LG9,81.0,16.2,spared,False
sub-HUP162,ripple,LG9-LG10,73.0,14.6,spared,False
sub-HUP162,ripple,LG10-LG11,79.0,15.8,spared,False
sub-HUP162,ripple,LH1-LH2,51.0,10.2,spared,False
sub-HUP162,ripple,LH2-LH3,61.0,12.2,spared,False
sub-HUP162,ripple,LH3-LH4,64.0,12.8,spared,False
sub-HUP162,ripple,LH4-LH5,78.0,15.6,spared,False
sub-HUP162,ripple,LH5-LH6,53.0,10.6,spared,False
sub-HUP162,ripple,LH6-LH7,29.0,5.8,spared,False
sub-HUP162,ripple,LH7-LH8,20.0,4.0,spared,False
sub-HUP162,ripple,LH8-LH9,16.0,3.2,spared,False
sub-HUP162,ripple,LH9-LH10,13.0,2.6,spared,False
sub-HUP162,ripple,LH10-LH11,5.0,1.0,spared,False
sub-HUP162,ripple,LI3-LI4,30.0,6.0,spared,False
sub-HUP162,ripple,LI4-LI5,17.0,3.4,spared,False
sub-HUP162,ripple,LI5-LI6,22.0,4.4,spared,False
sub-HUP162,ripple,LI6-LI7,14.0,2.8,spared,False
sub-HUP162,ripple,LI7-LI8,20.0,4.0,spared,False
sub-HUP162,ripple,LI8-LI9,22.0,4.4,spared,False
sub-HUP162,ripple,LI9-LI10,24.0,4.8,spared,False
sub-HUP162,ripple,LJ1-LJ2,54.0,10.8,spared,False
sub-HUP162,ripple,LJ2-LJ3,30.0,6.0,spared,False
sub-HUP162,ripple,LJ3-LJ4,12.0,2.4,spared,False
sub-HUP162,ripple,LJ4-LJ5,19.0,3.8,spared,False
sub-HUP162,ripple,LJ5-LJ6,22.0,4.4,spared,False
sub-HUP162,ripple,LJ6-LJ7,18.0,3.6,spared,False
sub-HUP162,ripple,LJ7-LJ8,14.0,2.8,spared,False
sub-HUP162,ripple,LJ8-LJ9,28.0,5.6,spared,False
sub-HUP162,ripple,LJ9-LJ10,55.0,11.0,spared,False
sub-HUP162,ripple,LJ10-LJ11,64.0,12.8,spared,False
sub-HUP162,ripple,RA1-RA2,109.0,21.8,spared,False
sub-HUP162,ripple,RA2-RA3,99.0,19.8,spared,False
sub-HUP162,ripple,RA3-RA4,73.0,14.6,spared,False
sub-HUP162,ripple,RA4-RA5,47.0,9.4,spared,False
sub-HUP162,ripple,RA5-RA6,47.0,9.4,spared,False
sub-HUP162,ripple,RA6-RA7,24.0,4.8,spared,False
sub-HUP162,ripple,RA7-RA8,29.0,5.8,spared,False
sub-HUP162,ripple,RA8-RA9,52.0,10.4,spared,False
sub-HUP162,ripple,RB1-RB2,151.0,30.2,spared,False
sub-HUP162,ripple,RB2-RB3,139.0,27.8,spared,False
sub-HUP162,ripple,RB3-RB4,161.0,32.2,spared,False
sub-HUP162,ripple,RB4-RB5,125.0,25.0,spared,False
sub-HUP162,ripple,RB5-RB6,190.0,38.0,spared,False
sub-HUP162,ripple,RB6-RB7,202.0,40.4,spared,True
sub-HUP162,ripple,RB7-RB8,303.0,60.6,spared,True
sub-HUP162,ripple,RB8-RB9,224.0,44.8,spared,True
sub-HUP162,ripple,RB9-RB10,40.0,8.0,spared,True
sub-HUP162,ripple,RB10-RB11,25.0,5.0,spared,False
sub-HUP162,ripple,RC1-RC2,93.0,18.6,spared,False
sub-HUP162,ripple,RC2-RC3,69.0,13.8,spared,False
sub-HUP162,ripple,RC3-RC4,165.0,33.0,spared,False
sub-HUP162,ripple,RC4-RC5,188.0,37.6,spared,False
sub-HUP162,ripple,RC5-RC6,169.0,33.8,spared,False
sub-HUP162,ripple,RC6-RC7,239.0,47.8,spared,False
sub-HUP162,ripple,RC7-RC8,154.0,30.8,spared,False
sub-HUP162,ripple,RC8-RC9,30.0,6.0,spared,False
sub-HUP162,ripple,RC9-RC10,62.0,12.4,spared,False
sub-HUP162,ripple,RD1-RD2,11.0,2.2,spared,False
sub-HUP162,ripple,RD2-RD3,12.0,2.4,spared,False
sub-HUP162,ripple,RD3-RD4,17.0,3.4,spared,False
sub-HUP162,ripple,RD4-RD5,20.0,4.0,spared,False
sub-HUP162,ripple,RD5-RD6,25.0,5.0,spared,False
sub-HUP162,ripple,RD6-RD7,22.0,4.4,spared,False
sub-HUP162,ripple,RD7-RD8,23.0,4.6,spared,False
sub-HUP162,ripple,RD8-RD9,16.0,3.2,spared,False
sub-HUP162,ripple,RD9-RD10,19.0,3.8,spared,False
sub-HUP162,ripple,RD10-RD11,26.0,5.2,spared,False
sub-HUP162,ripple,RE1-RE2,25.0,5.0,spared,False
sub-HUP162,ripple,RE2-RE3,23.0,4.6,spared,False
sub-HUP162,ripple,RE3-RE4,37.0,7.4,spared,False
sub-HUP162,ripple,RE4-RE5,36.0,7.2,spared,False
sub-HUP162,ripple,RE5-RE6,26.0,5.2,spared,False
sub-HUP162,ripple,RE6-RE7,14.0,2.8,spared,False
sub-HUP162,ripple,RE7-RE8,30.0,6.0,spared,False
sub-HUP162,ripple,RE8-RE9,36.0,7.2,spared,False
sub-HUP162,ripple,RE9-RE10,34.0,6.8,spared,False
sub-HUP162,ripple,RE10-RE11,96.0,19.2,spared,False
sub-HUP162,ripple,RF1-RF2,64.0,12.8,spared,False
sub-HUP162,ripple,RF2-RF3,36.0,7.2,spared,False
sub-HUP162,ripple,RF3-RF4,19.0,3.8,spared,False
sub-HUP162,ripple,RF4-RF5,19.0,3.8,spared,False
sub-HUP162,ripple,RF5-RF6,20.0,4.0,spared,False
sub-HUP162,ripple,RF6-RF7,20.0,4.0,spared,False
sub-HUP162,ripple,RF7-RF8,16.0,3.2,spared,False
sub-HUP162,ripple,RF8-RF9,18.0,3.6,spared,False
sub-HUP162,ripple,RF9-RF10,46.0,9.2,spared,False
sub-HUP162,ripple,RF10-RF11,81.0,16.2,spared,False
sub-HUP163,ripple,LA1-LA2,91.0,18.2,resected,True
sub-HUP163,ripple,LA2-LA3,60.0,12.0,resected,True
sub-HUP163,ripple,LA3-LA4,54.0,10.8,resected,True
sub-HUP163,ripple,LA4-LA5,64.0,12.8,resected,False
sub-HUP163,ripple,LA5-LA6,27.0,5.4,partial,False
sub-HUP163,ripple,LA6-LA7,35.0,7.0,spared,False
sub-HUP163,ripple,LA7-LA8,38.0,7.6,spared,False
sub-HUP163,ripple,LA8-LA9,74.0,14.8,spared,False
sub-HUP163,ripple,LB1-LB2,111.0,22.2,resected,True
sub-HUP163,ripple,LB2-LB3,99.0,19.8,resected,True
sub-HUP163,ripple,LB3-LB4,111.0,22.2,partial,True
sub-HUP163,ripple,LB4-LB5,124.0,24.8,spared,False
sub-HUP163,ripple,LB5-LB6,60.0,12.0,spared,False
sub-HUP163,ripple,LB6-LB7,79.0,15.8,spared,False
sub-HUP163,ripple,LB7-LB8,107.0,21.4,spared,False
sub-HUP163,ripple,LB8-LB9,53.0,10.6,spared,False
sub-HUP163,ripple,LB9-LB10,33.0,6.6,spared,False
sub-HUP163,ripple,LB10-LB11,76.0,15.2,spared,False
sub-HUP163,ripple,LB11-LB12,204.0,40.8,spared,False
sub-HUP163,ripple,LC1-LC2,68.0,13.6,spared,False
sub-HUP163,ripple,LC2-LC3,83.0,16.6,spared,False
sub-HUP163,ripple,LC3-LC4,77.0,15.4,spared,False
sub-HUP163,ripple,LC4-LC5,40.0,8.0,spared,False
sub-HUP163,ripple,LC5-LC6,99.0,19.8,spared,False
sub-HUP163,ripple,LC6-LC7,105.0,21.0,spared,False
sub-HUP163,ripple,LC7-LC8,100.0,20.0,spared,False
sub-HUP163,ripple,LC8-LC9,125.0,25.0,spared,False
sub-HUP163,ripple,LC9-LC10,380.0,76.0,spared,False
sub-HUP163,ripple,LC10-LC11,787.0,157.4,spared,False
sub-HUP163,ripple,LC11-LC12,158.0,31.6,spared,False
sub-HUP163,ripple,LD2-LD3,150.0,30.0,spared,False
sub-HUP163,ripple,LD3-LD4,90.0,18.0,spared,False
sub-HUP163,ripple,LD4-LD5,212.0,42.4,spared,False
sub-HUP163,ripple,LD5-LD6,202.0,40.4,spared,False
sub-HUP163,ripple,LD6-LD7,58.0,11.6,spared,False
sub-HUP163,ripple,LD7-LD8,32.0,6.4,spared,False
sub-HUP163,ripple,LE1-LE2,21.0,4.2,spared,False
sub-HUP163,ripple,LE2-LE3,21.0,4.2,spared,False
sub-HUP163,ripple,LE3-LE4,29.0,5.8,spared,False
sub-HUP163,ripple,LE4-LE5,44.0,8.8,spared,False
sub-HUP163,ripple,LE5-LE6,45.0,9.0,spared,False
sub-HUP163,ripple,LE6-LE7,39.0,7.8,spared,False
sub-HUP163,ripple,LE7-LE8,20.0,4.0,spared,False
sub-HUP163,ripple,LE8-LE9,19.0,3.8,spared,False
sub-HUP163,ripple,LE9-LE10,35.0,7.0,spared,False
sub-HUP163,ripple,LE10-LE11,50.0,10.0,spared,False
sub-HUP163,ripple,LE11-LE12,60.0,12.0,spared,False
sub-HUP163,ripple,LF1-LF2,53.0,10.6,spared,False
sub-HUP163,ripple,LF2-LF3,38.0,7.6,spared,False
sub-HUP163,ripple,LF3-LF4,82.0,16.4,spared,False
sub-HUP163,ripple,LF4-LF5,65.0,13.0,spared,False
sub-HUP163,ripple,LF5-LF6,48.0,9.6,spared,False
sub-HUP163,ripple,LF6-LF7,12.0,2.4,spared,False
sub-HUP163,ripple,LF7-LF8,16.0,3.2,spared,False
sub-HUP163,ripple,LF8-LF9,26.0,5.2,spared,False
sub-HUP163,ripple,LF9-LF10,19.0,3.8,spared,False
sub-HUP163,ripple,LF10-LF11,51.0,10.2,spared,False
sub-HUP163,ripple,LF11-LF12,89.0,17.8,spared,False
sub-HUP163,ripple,LG1-LG2,69.0,13.8,spared,False
sub-HUP163,ripple,LG2-LG3,65.0,13.0,spared,False
sub-HUP163,ripple,LG3-LG4,71.0,14.2,spared,False
sub-HUP163,ripple,LG4-LG5,31.0,6.2,spared,False
sub-HUP163,ripple,LG5-LG6,15.0,3.0,spared,False
sub-HUP163,ripple,LG6-LG7,15.0,3.0,spared,False
sub-HUP163,ripple,LG7-LG8,23.0,4.6,spared,False
sub-HUP163,ripple,LG8-LG9,33.0,6.6,spared,False
sub-HUP163,ripple,LG9-LG10,60.0,12.0,spared,False
sub-HUP163,ripple,LG10-LG11,56.0,11.2,spared,False
sub-HUP163,ripple,LH1-LH2,251.0,50.2,spared,False
sub-HUP163,ripple,LH2-LH3,102.0,20.4,spared,False
sub-HUP163,ripple,LH3-LH4,106.0,21.2,spared,False
sub-HUP163,ripple,LH4-LH5,51.0,10.2,spared,False
sub-HUP163,ripple,LH5-LH6,21.0,4.2,spared,False
sub-HUP163,ripple,LH6-LH7,14.0,2.8,spared,False
sub-HUP163,ripple,LH7-LH8,10.0,2.0,spared,False
sub-HUP163,ripple,LH8-LH9,20.0,4.0,spared,False
sub-HUP163,ripple,LH9-LH10,12.0,2.4,spared,False
sub-HUP163,ripple,LH10-LH11,15.0,3.0,spared,False
sub-HUP163,ripple,LH11-LH12,17.0,3.4,spared,False
sub-HUP163,ripple,LI1-LI2,65.0,13.0,spared,False
sub-HUP163,ripple,LI2-LI3,16.0,3.2,spared,False
sub-HUP163,ripple,LI3-LI4,40.0,8.0,spared,False
sub-HUP163,ripple,LI4-LI5,62.0,12.4,spared,False
sub-HUP163,ripple,LI5-LI6,64.0,12.8,spared,False
sub-HUP163,ripple,LI6-LI7,52.0,10.4,spared,False
sub-HUP163,ripple,LI7-LI8,59.0,11.8,spared,False
sub-HUP163,ripple,LI8-LI9,63.0,12.6,spared,False
sub-HUP163,ripple,LI9-LI10,65.0,13.0,spared,False
sub-HUP163,ripple,LI10-LI11,233.0,46.6,spared,False
sub-HUP163,ripple,LI11-LI12,535.0,107.0,spared,False
sub-HUP163,ripple,LJ1-LJ2,38.0,7.6,spared,False
sub-HUP163,ripple,LJ2-LJ3,50.0,10.0,spared,False
sub-HUP163,ripple,LJ3-LJ4,37.0,7.4,spared,False
sub-HUP163,ripple,LJ4-LJ5,16.0,3.2,spared,False
sub-HUP163,ripple,LJ5-LJ6,22.0,4.4,spared,False
sub-HUP163,ripple,LJ6-LJ7,29.0,5.8,spared,False
sub-HUP163,ripple,LJ7-LJ8,47.0,9.4,spared,False
sub-HUP163,ripple,LJ8-LJ9,50.0,10.0,spared,False
sub-HUP163,ripple,LK1-LK2,54.0,10.8,spared,False
sub-HUP163,ripple,LK2-LK3,27.0,5.4,spared,False
sub-HUP163,ripple,LK3-LK4,15.0,3.0,spared,False
sub-HUP163,ripple,LK4-LK5,18.0,3.6,spared,False
sub-HUP163,ripple,LK5-LK6,13.0,2.6,spared,False
sub-HUP163,ripple,LK6-LK7,14.0,2.8,spared,False
sub-HUP163,ripple,LK7-LK8,11.0,2.2,spared,False
sub-HUP163,ripple,LK8-LK9,38.0,7.6,spared,False
sub-HUP163,ripple,LK9-LK10,111.0,22.2,spared,False
sub-HUP163,ripple,LK10-LK11,81.0,16.2,spared,False
sub-HUP163,ripple,LK11-LK12,51.0,10.2,spared,False
sub-HUP163,ripple,LL1-LL2,250.0,50.0,spared,False
sub-HUP163,ripple,LL2-LL3,79.0,15.8,spared,False
sub-HUP163,ripple,LL3-LL4,77.0,15.4,spared,False
sub-HUP163,ripple,LL4-LL5,19.0,3.8,spared,False
sub-HUP163,ripple,LL5-LL6,15.0,3.0,spared,False
sub-HUP163,ripple,LL6-LL7,22.0,4.4,spared,False
sub-HUP163,ripple,LL7-LL8,13.0,2.6,spared,False
sub-HUP163,ripple,LL8-LL9,14.0,2.8,spared,False
sub-HUP163,ripple,LL9-LL10,57.0,11.4,spared,False
sub-HUP163,ripple,LL10-LL11,80.0,16.0,spared,False
sub-HUP163,ripple,LL11-LL12,215.0,43.0,spared,False
sub-HUP163,ripple,RB1-RB2,210.0,42.0,spared,False
sub-HUP163,ripple,RB2-RB3,163.0,32.6,spared,False
sub-HUP163,ripple,RB3-RB4,196.0,39.2,spared,False
sub-HUP163,ripple,RB4-RB5,268.0,53.6,spared,False
sub-HUP163,ripple,RB5-RB6,35.0,7.0,spared,False
sub-HUP163,ripple,RB6-RB7,41.0,8.2,spared,False
sub-HUP163,ripple,RB7-RB8,54.0,10.8,spared,False
sub-HUP163,ripple,RB8-RB9,85.0,17.0,spared,False
sub-HUP163,ripple,RB9-RB10,529.0,105.8,spared,False
sub-HUP163,ripple,RB10-RB11,43.0,8.6,spared,False
sub-HUP163,ripple,RB11-RB12,21.0,4.2,spared,False
sub-HUP163,ripple,RE1-RE2,19.0,3.8,spared,False
sub-HUP163,ripple,RE2-RE3,17.0,3.4,spared,False
sub-HUP163,ripple,RE3-RE4,19.0,3.8,spared,False
sub-HUP163,ripple,RE4-RE5,21.0,4.2,spared,False
sub-HUP163,ripple,RE5-RE6,12.0,2.4,spared,False
sub-HUP163,ripple,RE6-RE7,21.0,4.2,spared,False
sub-HUP163,ripple,RE7-RE8,25.0,5.0,spared,False
sub-HUP163,ripple,RE8-RE9,17.0,3.4,spared,False
sub-HUP163,ripple,RE9-RE10,20.0,4.0,spared,False
sub-HUP163,ripple,RE10-RE11,21.0,4.2,spared,False
sub-HUP163,ripple,RE11-RE12,84.0,16.8,spared,False
sub-HUP164,ripple,LA1-LA2,36.0,7.2,spared,True
sub-HUP164,ripple,LA2-LA3,34.0,6.8,spared,True
sub-HUP164,ripple,LA3-LA4,22.0,4.4,spared,True
sub-HUP164,ripple,LA4-LA5,43.0,8.6,spared,False
sub-HUP164,ripple,LA5-LA6,96.0,19.2,spared,False
sub-HUP164,ripple,LA6-LA7,102.0,20.4,spared,False
sub-HUP164,ripple,LA7-LA8,146.0,29.2,spared,False
sub-HUP164,ripple,LA8-LA9,180.0,36.0,spared,False
sub-HUP164,ripple,LA9-LA10,185.0,37.0,spared,False
sub-HUP164,ripple,LA10-LA11,135.0,27.0,spared,False
sub-HUP164,ripple,LA11-LA12,676.0,135.2,spared,False
sub-HUP164,ripple,LB1-LB2,45.0,9.0,spared,True
sub-HUP164,ripple,LB2-LB3,42.0,8.4,spared,True
sub-HUP164,ripple,LB3-LB4,23.0,4.6,spared,True
sub-HUP164,ripple,LB4-LB5,30.0,6.0,spared,False
sub-HUP164,ripple,LB5-LB6,35.0,7.0,spared,False
sub-HUP164,ripple,LB6-LB7,32.0,6.4,spared,False
sub-HUP164,ripple,LB7-LB8,22.0,4.4,spared,False
sub-HUP164,ripple,LB8-LB9,22.0,4.4,spared,False
sub-HUP164,ripple,LB9-LB10,30.0,6.0,spared,False
sub-HUP164,ripple,LB10-LB11,35.0,7.0,spared,False
sub-HUP164,ripple,LB11-LB12,21.0,4.2,spared,False
sub-HUP164,ripple,LC1-LC2,330.0,66.0,resected,True
sub-HUP164,ripple,LC2-LC3,384.0,76.8,resected,True
sub-HUP164,ripple,LC3-LC4,214.0,42.8,partial,True
sub-HUP164,ripple,LC4-LC5,81.0,16.2,spared,False
sub-HUP164,ripple,LC5-LC6,43.0,8.6,spared,False
sub-HUP164,ripple,LC6-LC7,24.0,4.8,spared,False
sub-HUP164,ripple,LC7-LC8,24.0,4.8,spared,False
sub-HUP164,ripple,LC8-LC9,48.0,9.6,spared,False
sub-HUP164,ripple,LC9-LC10,67.0,13.4,spared,False
sub-HUP164,ripple,LC10-LC11,117.0,23.4,spared,False
sub-HUP164,ripple,LC11-LC12,355.0,71.0,spared,False
sub-HUP164,ripple,LD1-LD2,211.0,42.2,spared,False
sub-HUP164,ripple,LD2-LD3,27.0,5.4,spared,False
sub-HUP164,ripple,LD3-LD4,13.0,2.6,spared,False
sub-HUP164,ripple,LD4-LD5,14.0,2.8,spared,False
sub-HUP164,ripple,LD5-LD6,77.0,15.4,spared,False
sub-HUP164,ripple,LD6-LD7,61.0,12.2,spared,False
sub-HUP164,ripple,LD7-LD8,84.0,16.8,spared,False
sub-HUP164,ripple,LD8-LD9,46.0,9.2,spared,False
sub-HUP164,ripple,LD9-LD10,72.0,14.4,spared,False
sub-HUP164,ripple,LE1-LE2,120.0,24.0,spared,False
sub-HUP164,ripple,LE2-LE3,177.0,35.4,spared,False
sub-HUP164,ripple,LE3-LE4,158.0,31.6,spared,False
sub-HUP164,ripple,LE4-LE5,62.0,12.4,spared,False
sub-HUP164,ripple,LE5-LE6,131.0,26.2,spared,False
sub-HUP164,ripple,LE6-LE7,132.0,26.4,spared,False
sub-HUP164,ripple,LE7-LE8,112.0,22.4,spared,False
sub-HUP164,ripple,LE8-LE9,108.0,21.6,spared,False
sub-HUP164,ripple,LE9-LE10,91.0,18.2,spared,False
sub-HUP164,ripple,LE10-LE11,91.0,18.2,spared,False
sub-HUP164,ripple,LE11-LE12,145.0,29.0,spared,False
sub-HUP164,ripple,LF1-LF2,29.0,5.8,spared,False
sub-HUP164,ripple,LF2-LF3,21.0,4.2,spared,False
sub-HUP164,ripple,LF3-LF4,11.0,2.2,spared,False
sub-HUP164,ripple,LF4-LF5,13.0,2.6,spared,False
sub-HUP164,ripple,LF5-LF6,17.0,3.4,spared,False
sub-HUP164,ripple,LF6-LF7,17.0,3.4,spared,False
sub-HUP164,ripple,LF7-LF8,17.0,3.4,spared,False
sub-HUP164,ripple,LF8-LF9,66.0,13.2,spared,False
sub-HUP164,ripple,LF9-LF10,160.0,32.0,spared,False
sub-HUP164,ripple,LF10-LF11,255.0,51.0,spared,False
sub-HUP164,ripple,LF11-LF12,114.0,22.8,spared,False
sub-HUP164,ripple,LG1-LG2,48.0,9.6,spared,False
sub-HUP164,ripple,LG2-LG3,50.0,10.0,spared,False
sub-HUP164,ripple,LG3-LG4,40.0,8.0,spared,False
sub-HUP164,ripple,LG4-LG5,56.0,11.2,spared,False
sub-HUP164,ripple,LG5-LG6,51.0,10.2,spared,False
sub-HUP164,ripple,LG6-LG7,27.0,5.4,spared,False
sub-HUP164,ripple,LG7-LG8,26.0,5.2,spared,False
sub-HUP164,ripple,LG8-LG9,34.0,6.8,spared,False
sub-HUP164,ripple,LG9-LG10,37.0,7.4,spared,False
sub-HUP164,ripple,LG10-LG11,26.0,5.2,spared,False
sub-HUP164,ripple,LG11-LG12,43.0,8.6,spared,False
sub-HUP164,ripple,LH1-LH2,49.0,9.8,spared,False
sub-HUP164,ripple,LH2-LH3,21.0,4.2,spared,False
sub-HUP164,ripple,LH3-LH4,20.0,4.0,spared,False
sub-HUP164,ripple,LH4-LH5,23.0,4.6,spared,False
sub-HUP164,ripple,LH5-LH6,30.0,6.0,spared,False
sub-HUP164,ripple,LH6-LH7,30.0,6.0,spared,False
sub-HUP164,ripple,LH7-LH8,49.0,9.8,spared,False
sub-HUP164,ripple,LH8-LH9,55.0,11.0,spared,False
sub-HUP164,ripple,LH9-LH10,77.0,15.4,spared,False
sub-HUP164,ripple,LH10-LH11,857.0,171.4,spared,False
sub-HUP164,ripple,LH11-LH12,93.0,18.6,spared,False
sub-HUP164,ripple,LI1-LI2,80.0,16.0,spared,False
sub-HUP164,ripple,LI2-LI3,29.0,5.8,spared,False
sub-HUP164,ripple,LI3-LI4,19.0,3.8,spared,False
sub-HUP164,ripple,LI4-LI5,23.0,4.6,spared,False
sub-HUP164,ripple,LI5-LI6,18.0,3.6,spared,False
sub-HUP164,ripple,LI6-LI7,13.0,2.6,spared,False
sub-HUP164,ripple,LI7-LI8,14.0,2.8,spared,False
sub-HUP164,ripple,LI8-LI9,32.0,6.4,spared,False
sub-HUP164,ripple,LI9-LI10,154.0,30.8,spared,False
sub-HUP164,ripple,LI10-LI11,319.0,63.8,spared,False
sub-HUP164,ripple,LI11-LI12,116.0,23.2,spared,False
sub-HUP164,ripple,LJ1-LJ2,178.0,35.6,spared,False
sub-HUP164,ripple,LJ2-LJ3,59.0,11.8,spared,False
sub-HUP164,ripple,LJ3-LJ4,114.0,22.8,spared,False
sub-HUP164,ripple,LJ4-LJ5,162.0,32.4,spared,False
sub-HUP164,ripple,LJ5-LJ6,147.0,29.4,spared,False
sub-HUP164,ripple,LJ6-LJ7,47.0,9.4,spared,False
sub-HUP164,ripple,LK1-LK2,51.0,10.2,spared,False
sub-HUP164,ripple,LK2-LK3,118.0,23.6,spared,False
sub-HUP164,ripple,LK3-LK4,174.0,34.8,spared,False
sub-HUP164,ripple,LK4-LK5,277.0,55.4,spared,False
sub-HUP164,ripple,LK5-LK6,27.0,5.4,spared,False
sub-HUP164,ripple,LK6-LK7,16.0,3.2,spared,False
sub-HUP164,ripple,LK7-LK8,16.0,3.2,spared,False
sub-HUP164,ripple,LL1-LL2,18.0,3.6,spared,False
sub-HUP164,ripple,LL2-LL3,11.0,2.2,spared,False
sub-HUP164,ripple,LL3-LL4,22.0,4.4,spared,False
sub-HUP164,ripple,LL4-LL5,17.0,3.4,spared,False
sub-HUP164,ripple,LL5-LL6,61.0,12.2,spared,False
sub-HUP164,ripple,LL6-LL7,170.0,34.0,spared,False
sub-HUP164,ripple,LM1-LM2,300.0,60.0,spared,False
sub-HUP164,ripple,LM2-LM3,336.0,67.2,spared,False
sub-HUP164,ripple,LM3-LM4,406.0,81.2,spared,False
sub-HUP164,ripple,LM4-LM5,253.0,50.6,spared,False
sub-HUP164,ripple,LM5-LM6,284.0,56.8,spared,False
sub-HUP164,ripple,LM6-LM7,299.0,59.8,spared,False
sub-HUP164,ripple,LM7-LM8,258.0,51.6,spared,False
sub-HUP164,ripple,LM8-LM9,197.0,39.4,spared,False
sub-HUP164,ripple,LM9-LM10,171.0,34.2,spared,False
sub-HUP164,ripple,LM10-LM11,63.0,12.6,spared,False
sub-HUP164,ripple,LM11-LM12,34.0,6.8,spared,False
sub-HUP164,ripple,RA1-RA2,160.0,32.0,spared,False
sub-HUP164,ripple,RA2-RA3,199.0,39.8,spared,False
sub-HUP164,ripple,RA3-RA4,230.0,46.0,spared,False
sub-HUP164,ripple,RA4-RA5,199.0,39.8,spared,False
sub-HUP164,ripple,RA5-RA6,120.0,24.0,spared,False
sub-HUP164,ripple,RA6-RA7,44.0,8.8,spared,False
sub-HUP164,ripple,RA7-RA8,39.0,7.8,spared,False
sub-HUP164,ripple,RA8-RA9,61.0,12.2,spared,False
sub-HUP164,ripple,RA9-RA10,72.0,14.4,spared,False
sub-HUP164,ripple,RA10-RA11,472.0,94.4,spared,False
sub-HUP164,ripple,RA11-RA12,37.0,7.4,spared,False
sub-HUP164,ripple,RB1-RB2,115.0,23.0,spared,False
sub-HUP164,ripple,RB2-RB3,199.0,39.8,spared,False
sub-HUP164,ripple,RB3-RB4,198.0,39.6,spared,False
sub-HUP164,ripple,RB4-RB5,181.0,36.2,spared,False
sub-HUP164,ripple,RB5-RB6,66.0,13.2,spared,False
sub-HUP164,ripple,RB6-RB7,32.0,6.4,spared,False
sub-HUP164,ripple,RB7-RB8,20.0,4.0,spared,False
sub-HUP164,ripple,RB8-RB9,28.0,5.6,spared,False
sub-HUP164,ripple,RB9-RB10,74.0,14.8,spared,False
sub-HUP164,ripple,RB10-RB11,30.0,6.0,spared,False
sub-HUP164,ripple,RB11-RB12,20.0,4.0,spared,False
sub-HUP164,ripple,RC1-RC2,257.0,51.4,spared,False
sub-HUP164,ripple,RC2-RC3,399.0,79.8,spared,False
sub-HUP164,ripple,RC3-RC4,369.0,73.8,spared,False
sub-HUP164,ripple,RC4-RC5,114.0,22.8,spared,False
sub-HUP164,ripple,RC5-RC6,52.0,10.4,spared,False
sub-HUP164,ripple,RC6-RC7,133.0,26.6,spared,False
sub-HUP164,ripple,RC7-RC8,129.0,25.8,spared,False
sub-HUP164,ripple,RC8-RC9,45.0,9.0,spared,False
sub-HUP164,ripple,RC9-RC10,42.0,8.4,spared,False
sub-HUP164,ripple,RC10-RC11,29.0,5.8,spared,False
sub-HUP164,ripple,RC11-RC12,52.0,10.4,spared,False
sub-HUP165,ripple,LA1-LA2,311.0,62.2,spared,False
sub-HUP165,ripple,LA2-LA3,151.0,30.2,spared,False
sub-HUP165,ripple,LA3-LA4,155.0,31.0,spared,False
sub-HUP165,ripple,LA4-LA5,88.0,17.6,spared,False
sub-HUP165,ripple,LA5-LA6,28.0,5.6,spared,False
sub-HUP165,ripple,LA6-LA7,17.0,3.4,spared,False
sub-HUP165,ripple,LA7-LA8,31.0,6.2,spared,False
sub-HUP165,ripple,LA8-LA9,18.0,3.6,spared,False
sub-HUP165,ripple,LA9-LA10,360.0,72.0,spared,False
sub-HUP165,ripple,LA10-LA11,313.0,62.6,spared,False
sub-HUP165,ripple,LA11-LA12,11.0,2.2,spared,False
sub-HUP165,ripple,LB1-LB2,15.0,3.0,spared,False
sub-HUP165,ripple,LB2-LB3,12.0,2.4,spared,False
sub-HUP165,ripple,LB3-LB4,51.0,10.2,spared,False
sub-HUP165,ripple,LB4-LB5,104.0,20.8,spared,False
sub-HUP165,ripple,LB5-LB6,226.0,45.2,spared,False
sub-HUP165,ripple,LB6-LB7,176.0,35.2,spared,False
sub-HUP165,ripple,LB7-LB8,152.0,30.4,spared,False
sub-HUP165,ripple,LB8-LB9,311.0,62.2,spared,False
sub-HUP165,ripple,LB9-LB10,226.0,45.2,spared,False
sub-HUP165,ripple,LB10-LB11,41.0,8.2,spared,False
sub-HUP165,ripple,LB11-LB12,61.0,12.2,spared,False
sub-HUP165,ripple,LC1-LC2,96.0,19.2,spared,False
sub-HUP165,ripple,LC2-LC3,82.0,16.4,spared,False
sub-HUP165,ripple,LC3-LC4,79.0,15.8,spared,False
sub-HUP165,ripple,LC4-LC5,22.0,4.4,spared,False
sub-HUP165,ripple,LC5-LC6,55.0,11.0,spared,False
sub-HUP165,ripple,LC6-LC7,22.0,4.4,spared,False
sub-HUP165,ripple,LC7-LC8,36.0,7.2,spared,False
sub-HUP165,ripple,LC8-LC9,42.0,8.4,spared,False
sub-HUP165,ripple,LC9-LC10,62.0,12.4,spared,False
sub-HUP165,ripple,LC10-LC11,17.0,3.4,spared,False
sub-HUP165,ripple,LC11-LC12,14.0,2.8,spared,False
sub-HUP165,ripple,LD1-LD2,52.0,10.4,spared,False
sub-HUP165,ripple,LD2-LD3,44.0,8.8,spared,False
sub-HUP165,ripple,LD3-LD4,41.0,8.2,spared,False
sub-HUP165,ripple,LD4-LD5,29.0,5.8,spared,False
sub-HUP165,ripple,LE1-LE2,25.0,5.0,spared,False
sub-HUP165,ripple,LE2-LE3,63.0,12.6,spared,False
sub-HUP165,ripple,LE3-LE4,79.0,15.8,spared,False
sub-HUP165,ripple,LE4-LE5,86.0,17.2,spared,False
sub-HUP165,ripple,LE5-LE6,33.0,6.6,spared,False
sub-HUP165,ripple,LE6-LE7,64.0,12.8,spared,False
sub-HUP165,ripple,LE7-LE8,87.0,17.4,spared,False
sub-HUP165,ripple,LE8-LE9,56.0,11.2,spared,False
sub-HUP165,ripple,LE9-LE10,62.0,12.4,spared,False
sub-HUP165,ripple,LE10-LE11,48.0,9.6,spared,False
sub-HUP165,ripple,LE11-LE12,39.0,7.8,spared,False
sub-HUP165,ripple,LH1-LH2,18.0,3.6,spared,False
sub-HUP165,ripple,LH2-LH3,17.0,3.4,spared,False
sub-HUP165,ripple,LH3-LH4,11.0,2.2,spared,False
sub-HUP165,ripple,LH4-LH5,16.0,3.2,spared,False
sub-HUP165,ripple,LH5-LH6,14.0,2.8,spared,False
sub-HUP165,ripple,LH6-LH7,13.0,2.6,spared,False
sub-HUP165,ripple,LH7-LH8,47.0,9.4,spared,False
sub-HUP165,ripple,LH8-LH9,52.0,10.4,spared,False
sub-HUP165,ripple,LH9-LH10,43.0,8.6,spared,False
sub-HUP165,ripple,LN1-LN2,105.0,21.0,spared,False
sub-HUP165,ripple,LN2-LN3,21.0,4.2,spared,False
sub-HUP165,ripple,LN3-LN4,15.0,3.0,spared,False
sub-HUP165,ripple,LN4-LN5,10.0,2.0,spared,False
sub-HUP165,ripple,LN5-LN6,13.0,2.6,spared,False
sub-HUP165,ripple,LN6-LN7,11.0,2.2,spared,False
sub-HUP165,ripple,LN7-LN8,15.0,3.0,spared,False
sub-HUP165,ripple,LN8-LN9,7.0,1.4,spared,False
sub-HUP165,ripple,LN9-LN10,15.0,3.0,spared,False
sub-HUP165,ripple,LN10-LN11,87.0,17.4,spared,False
sub-HUP165,ripple,LN11-LN12,81.0,16.2,spared,False
sub-HUP165,ripple,RA1-RA2,256.0,51.2,spared,True
sub-HUP165,ripple,RA2-RA3,145.0,29.0,partial,True
sub-HUP165,ripple,RA3-RA4,80.0,16.0,resected,True
sub-HUP165,ripple,RA4-RA5,121.0,24.2,resected,True
sub-HUP165,ripple,RA5-RA6,117.0,23.4,partial,True
sub-HUP165,ripple,RA6-RA7,35.0,7.0,spared,True
sub-HUP165,ripple,RA7-RA8,16.0,3.2,spared,False
sub-HUP165,ripple,RA8-RA9,50.0,10.0,spared,False
sub-HUP165,ripple,RA9-RA10,54.0,10.8,spared,False
sub-HUP165,ripple,RA10-RA11,53.0,10.6,spared,False
sub-HUP165,ripple,RA11-RA12,66.0,13.2,spared,False
sub-HUP165,ripple,RB1-RB2,109.0,21.8,partial,True
sub-HUP165,ripple,RB2-RB3,90.0,18.0,resected,True
sub-HUP165,ripple,RB3-RB4,80.0,16.0,resected,True
sub-HUP165,ripple,RB4-RB5,78.0,15.6,partial,False
sub-HUP165,ripple,RB5-RB6,56.0,11.2,spared,False
sub-HUP165,ripple,RB6-RB7,79.0,15.8,spared,False
sub-HUP165,ripple,RB7-RB8,87.0,17.4,spared,False
sub-HUP165,ripple,RB8-RB9,67.0,13.4,spared,False
sub-HUP165,ripple,RB9-RB10,56.0,11.2,spared,False
sub-HUP165,ripple,RB10-RB11,63.0,12.6,spared,False
sub-HUP165,ripple,RB11-RB12,19.0,3.8,spared,False
sub-HUP165,ripple,RC1-RC2,178.0,35.6,partial,False
sub-HUP165,ripple,RC2-RC3,132.0,26.4,resected,False
sub-HUP165,ripple,RC3-RC4,92.0,18.4,resected,False
sub-HUP165,ripple,RC4-RC5,82.0,16.4,resected,False
sub-HUP165,ripple,RC5-RC6,28.0,5.6,partial,False
sub-HUP165,ripple,RC6-RC7,33.0,6.6,spared,False
sub-HUP165,ripple,RC7-RC8,24.0,4.8,spared,False
sub-HUP165,ripple,RC8-RC9,29.0,5.8,spared,False
sub-HUP165,ripple,RC9-RC10,38.0,7.6,spared,False
sub-HUP165,ripple,RC10-RC11,38.0,7.6,spared,False
sub-HUP165,ripple,RC11-RC12,14.0,2.8,spared,False
sub-HUP165,ripple,RD1-RD2,94.0,18.8,spared,False
sub-HUP165,ripple,RD2-RD3,82.0,16.4,spared,False
sub-HUP165,ripple,RD3-RD4,63.0,12.6,spared,False
sub-HUP165,ripple,RD4-RD5,30.0,6.0,spared,False
sub-HUP165,ripple,RD5-RD6,19.0,3.8,spared,False
sub-HUP165,ripple,RD6-RD7,13.0,2.6,spared,False
sub-HUP165,ripple,RD7-RD8,16.0,3.2,spared,False
sub-HUP165,ripple,RE1-RE2,11.0,2.2,spared,False
sub-HUP165,ripple,RE2-RE3,17.0,3.4,spared,False
sub-HUP165,ripple,RE3-RE4,14.0,2.8,spared,False
sub-HUP165,ripple,RE4-RE5,12.0,2.4,spared,False
sub-HUP165,ripple,RE5-RE6,13.0,2.6,spared,False
sub-HUP165,ripple,RE6-RE7,11.0,2.2,spared,False
sub-HUP165,ripple,RE7-RE8,11.0,2.2,spared,False
sub-HUP165,ripple,RE8-RE9,11.0,2.2,spared,False
sub-HUP165,ripple,RE9-RE10,29.0,5.8,spared,False
sub-HUP165,ripple,RE10-RE11,58.0,11.6,spared,False
sub-HUP165,ripple,RF1-RF2,87.0,17.4,spared,False
sub-HUP165,ripple,RF2-RF3,58.0,11.6,spared,False
sub-HUP165,ripple,RF3-RF4,60.0,12.0,spared,False
sub-HUP165,ripple,RF4-RF5,46.0,9.2,spared,False
sub-HUP165,ripple,RF5-RF6,19.0,3.8,spared,False
sub-HUP165,ripple,RF6-RF7,79.0,15.8,spared,False
sub-HUP165,ripple,RF7-RF8,75.0,15.0,spared,False
sub-HUP165,ripple,RF8-RF9,54.0,10.8,spared,False
sub-HUP165,ripple,RF9-RF10,31.0,6.2,spared,False
sub-HUP165,ripple,RF10-RF11,41.0,8.2,spared,False
sub-HUP165,ripple,RF11-RF12,81.0,16.2,spared,False
sub-HUP165,ripple,RH1-RH2,29.0,5.8,spared,False
sub-HUP165,ripple,RH2-RH3,12.0,2.4,spared,False
sub-HUP165,ripple,RH3-RH4,16.0,3.2,spared,False
sub-HUP165,ripple,RH4-RH5,14.0,2.8,spared,False
sub-HUP165,ripple,RH5-RH6,38.0,7.6,spared,False
sub-HUP165,ripple,RH6-RH7,35.0,7.0,spared,False
sub-HUP165,ripple,RH7-RH8,29.0,5.8,spared,False
sub-HUP165,ripple,RH8-RH9,64.0,12.8,spared,False
sub-HUP165,ripple,RH11-RH12,23.0,4.6,spared,False
sub-HUP165,ripple,RI1-RI2,117.0,23.4,spared,False
sub-HUP165,ripple,RI2-RI3,82.0,16.4,spared,False
sub-HUP165,ripple,RI3-RI4,61.0,12.2,spared,False
sub-HUP165,ripple,RI4-RI5,34.0,6.8,spared,False
sub-HUP165,ripple,RI5-RI6,31.0,6.2,spared,False
sub-HUP165,ripple,RI6-RI7,124.0,24.8,spared,False
sub-HUP165,ripple,RI7-RI8,135.0,27.0,spared,False
sub-HUP165,ripple,RI8-RI9,100.0,20.0,spared,False
sub-HUP165,ripple,RI9-RI10,92.0,18.4,spared,False
sub-HUP165,ripple,RI10-RI11,75.0,15.0,spared,False
sub-HUP165,ripple,RI11-RI12,56.0,11.2,spared,False
sub-HUP165,ripple,RK1-RK2,40.0,8.0,spared,False
sub-HUP165,ripple,RK2-RK3,27.0,5.4,spared,False
sub-HUP165,ripple,RK3-RK4,60.0,12.0,spared,False
sub-HUP165,ripple,RK4-RK5,74.0,14.8,spared,False
sub-HUP165,ripple,RK5-RK6,85.0,17.0,spared,False
sub-HUP165,ripple,RK6-RK7,68.0,13.6,spared,False
sub-HUP165,ripple,RK7-RK8,54.0,10.8,spared,False
sub-HUP165,ripple,RN1-RN2,70.0,14.0,spared,False
sub-HUP165,ripple,RN2-RN3,82.0,16.4,spared,False
sub-HUP165,ripple,RN3-RN4,83.0,16.6,spared,False
sub-HUP165,ripple,RN4-RN5,51.0,10.2,spared,False
sub-HUP165,ripple,RN5-RN6,84.0,16.8,spared,False
sub-HUP165,ripple,RN6-RN7,47.0,9.4,spared,False
sub-HUP165,ripple,RN7-RN8,46.0,9.2,spared,False
sub-HUP165,ripple,RN8-RN9,63.0,12.6,spared,False
sub-HUP165,ripple,RN9-RN10,53.0,10.6,spared,False
sub-HUP165,ripple,RN10-RN11,55.0,11.0,spared,False
sub-HUP165,ripple,RN11-RN12,54.0,10.8,spared,False
sub-HUP166,ripple,LA1-LA2,136.0,27.2,resected,False
sub-HUP166,ripple,LA2-LA3,142.0,28.4,resected,False
sub-HUP166,ripple,LA3-LA4,18.0,3.6,resected,False
sub-HUP166,ripple,LA4-LA5,16.0,3.2,resected,False
sub-HUP166,ripple,LA5-LA6,28.0,5.6,resected,False
sub-HUP166,ripple,LA6-LA7,24.0,4.8,resected,False
sub-HUP166,ripple,LA7-LA8,28.0,5.6,partial,False
sub-HUP166,ripple,LA8-LA9,56.0,11.2,spared,False
sub-HUP166,ripple,LA9-LA10,73.0,14.6,spared,False
sub-HUP166,ripple,LA10-LA11,68.0,13.6,spared,False
sub-HUP166,ripple,LB0-LB1,370.0,74.0,partial,False
sub-HUP166,ripple,LB1-LB2,50.0,10.0,partial,False
sub-HUP166,ripple,LB2-LB3,61.0,12.2,partial,False
sub-HUP166,ripple,LB3-LB4,124.0,24.8,spared,False
sub-HUP166,ripple,LB4-LB5,109.0,21.8,spared,False
sub-HUP166,ripple,LB5-LB6,79.0,15.8,spared,False
sub-HUP166,ripple,LB6-LB7,60.0,12.0,spared,False
sub-HUP166,ripple,LB7-LB8,38.0,7.6,spared,False
sub-HUP166,ripple,LB8-LB9,135.0,27.0,spared,False
sub-HUP166,ripple,LB11-LB12,20.0,4.0,spared,False
sub-HUP166,ripple,LC1-LC2,64.0,12.8,spared,False
sub-HUP166,ripple,LC2-LC3,59.0,11.8,spared,False
sub-HUP166,ripple,LC3-LC4,42.0,8.4,spared,False
sub-HUP166,ripple,LC4-LC5,63.0,12.6,spared,False
sub-HUP166,ripple,LC5-LC6,81.0,16.2,spared,False
sub-HUP166,ripple,LC6-LC7,53.0,10.6,spared,False
sub-HUP166,ripple,LC7-LC8,19.0,3.8,spared,False
sub-HUP166,ripple,LC8-LC9,13.0,2.6,spared,False
sub-HUP166,ripple,LC9-LC10,39.0,7.8,spared,False
sub-HUP166,ripple,LC10-LC11,288.0,57.6,spared,False
sub-HUP166,ripple,LD1-LD2,63.0,12.6,spared,False
sub-HUP166,ripple,LD2-LD3,60.0,12.0,spared,False
sub-HUP166,ripple,LD3-LD4,93.0,18.6,spared,False
sub-HUP166,ripple,LD4-LD5,64.0,12.8,spared,False
sub-HUP166,ripple,LD5-LD6,49.0,9.8,spared,False
sub-HUP166,ripple,LD6-LD7,37.0,7.4,spared,False
sub-HUP166,ripple,LD7-LD8,119.0,23.8,spared,False
sub-HUP166,ripple,LE1-LE2,116.0,23.2,spared,False
sub-HUP166,ripple,LE2-LE3,49.0,9.8,partial,False
sub-HUP166,ripple,LE3-LE4,20.0,4.0,resected,False
sub-HUP166,ripple,LE4-LE5,29.0,5.8,resected,False
sub-HUP166,ripple,LE5-LE6,156.0,31.2,resected,False
sub-HUP166,ripple,LE6-LE7,270.0,54.0,partial,False
sub-HUP166,ripple,LE7-LE8,121.0,24.2,partial,False
sub-HUP166,ripple,LE8-LE9,87.0,17.4,resected,False
sub-HUP166,ripple,LE9-LE10,137.0,27.4,partial,False
sub-HUP166,ripple,LE10-LE11,130.0,26.0,spared,False
sub-HUP166,ripple,LE11-LE12,109.0,21.8,spared,False
sub-HUP166,ripple,LF1-LF2,134.0,26.8,spared,False
sub-HUP166,ripple,LF2-LF3,88.0,17.6,spared,False
sub-HUP166,ripple,LF3-LF4,96.0,19.2,spared,False
sub-HUP166,ripple,LF6-LF7,24.0,4.8,spared,False
sub-HUP166,ripple,LF7-LF8,27.0,5.4,spared,False
sub-HUP166,ripple,LG1-LG2,32.0,6.4,spared,False
sub-HUP166,ripple,LG2-LG3,23.0,4.6,spared,False
sub-HUP166,ripple,LG3-LG4,49.0,9.8,spared,False
sub-HUP166,ripple,LG4-LG5,45.0,9.0,spared,False
sub-HUP166,ripple,LG5-LG6,55.0,11.0,spared,False
sub-HUP166,ripple,LG6-LG7,59.0,11.8,spared,False
sub-HUP166,ripple,LG7-LG8,29.0,5.8,spared,False
sub-HUP166,ripple,LG8-LG9,12.0,2.4,spared,False
sub-HUP166,ripple,LG9-LG10,39.0,7.8,spared,False
sub-HUP166,ripple,LG10-LG11,31.0,6.2,spared,False
sub-HUP166,ripple,LG11-LG12,28.0,5.6,spared,False
sub-HUP166,ripple,LH3-LH4,82.0,16.4,spared,False
sub-HUP166,ripple,LH4-LH5,100.0,20.0,spared,False
sub-HUP166,ripple,LH5-LH6,87.0,17.4,spared,False
sub-HUP166,ripple,LH6-LH7,126.0,25.2,spared,False
sub-HUP166,ripple,LH7-LH8,146.0,29.2,spared,False
sub-HUP166,ripple,LH8-LH9,18.0,3.6,spared,False
sub-HUP166,ripple,LH9-LH10,129.0,25.8,spared,False
sub-HUP166,ripple,LH10-LH11,106.0,21.2,spared,False
sub-HUP166,ripple,LH11-LH12,137.0,27.4,spared,False
sub-HUP166,ripple,LI1-LI2,21.0,4.2,spared,False
sub-HUP166,ripple,LI2-LI3,87.0,17.4,spared,False
sub-HUP166,ripple,LI3-LI4,84.0,16.8,spared,False
sub-HUP166,ripple,LI4-LI5,113.0,22.6,spared,False
sub-HUP166,ripple,LI5-LI6,177.0,35.4,spared,False
sub-HUP166,ripple,LI6-LI7,56.0,11.2,spared,False
sub-HUP166,ripple,LI7-LI8,10.0,2.0,spared,False
sub-HUP166,ripple,LJ1-LJ2,81.0,16.2,spared,True
sub-HUP166,ripple,LJ2-LJ3,74.0,14.8,spared,True
sub-HUP166,ripple,LJ3-LJ4,25.0,5.0,spared,True
sub-HUP166,ripple,LJ4-LJ5,8.0,1.6,spared,True
sub-HUP166,ripple,LJ5-LJ6,15.0,3.0,spared,True
sub-HUP166,ripple,LJ6-LJ7,10.0,2.0,spared,False
sub-HUP166,ripple,LJ7-LJ8,7.0,1.4,spared,False
sub-HUP166,ripple,LJ8-LJ9,15.0,3.0,spared,False
sub-HUP166,ripple,LJ9-LJ10,114.0,22.8,spared,False
sub-HUP166,ripple,LJ10-LJ11,110.0,22.0,spared,False
sub-HUP166,ripple,LJ11-LJ12,113.0,22.6,spared,False
sub-HUP166,ripple,LK1-LK2,59.0,11.8,spared,False
sub-HUP166,ripple,LK2-LK3,12.0,2.4,spared,False
sub-HUP166,ripple,LK3-LK4,15.0,3.0,spared,False
sub-HUP166,ripple,LK4-LK5,16.0,3.2,spared,False
sub-HUP166,ripple,LK5-LK6,14.0,2.8,spared,False
sub-HUP166,ripple,LK6-LK7,25.0,5.0,spared,False
sub-HUP166,ripple,LK7-LK8,47.0,9.4,spared,False
sub-HUP166,ripple,LK8-LK9,84.0,16.8,spared,False
sub-HUP166,ripple,LK9-LK10,728.0,145.6,spared,False
sub-HUP166,ripple,LK10-LK11,1216.0,243.2,spared,False
sub-HUP166,ripple,LK11-LK12,305.0,61.0,spared,False
sub-HUP166,ripple,LL2-LL3,20.0,4.0,spared,False
sub-HUP166,ripple,LL3-LL4,54.0,10.8,spared,False
sub-HUP166,ripple,LL4-LL5,45.0,9.0,spared,False
sub-HUP166,ripple,LL5-LL6,62.0,12.4,spared,False
sub-HUP166,ripple,LL6-LL7,64.0,12.8,spared,False
sub-HUP166,ripple,LL7-LL8,67.0,13.4,spared,False
sub-HUP166,ripple,LM1-LM2,133.0,26.6,spared,False
sub-HUP166,ripple,LM2-LM3,136.0,27.2,spared,False
sub-HUP166,ripple,LM3-LM4,135.0,27.0,spared,False
sub-HUP166,ripple,LM4-LM5,154.0,30.8,spared,False
sub-HUP166,ripple,LM5-LM6,45.0,9.0,spared,False
sub-HUP166,ripple,LM6-LM7,16.0,3.2,spared,False
sub-HUP166,ripple,LM7-LM8,104.0,20.8,spared,False
sub-HUP166,ripple,LM8-LM9,132.0,26.4,spared,False
sub-HUP166,ripple,LM9-LM10,109.0,21.8,spared,False
sub-HUP166,ripple,LM10-LM11,79.0,15.8,spared,False
sub-HUP166,ripple,LM11-LM12,77.0,15.4,spared,False
sub-HUP166,ripple,RA1-RA2,192.0,38.4,spared,False
sub-HUP166,ripple,RA2-RA3,172.0,34.4,spared,False
sub-HUP166,ripple,RA3-RA4,142.0,28.4,spared,False
sub-HUP166,ripple,RA4-RA5,136.0,27.2,spared,False
sub-HUP166,ripple,RA5-RA6,213.0,42.6,spared,False
sub-HUP166,ripple,RA6-RA7,213.0,42.6,spared,False
sub-HUP166,ripple,RA7-RA8,81.0,16.2,spared,False
sub-HUP166,ripple,RA8-RA9,20.0,4.0,spared,False
sub-HUP166,ripple,RA9-RA10,19.0,3.8,spared,False
sub-HUP166,ripple,RA10-RA11,29.0,5.8,spared,False
sub-HUP166,ripple,RA11-RA12,45.0,9.0,spared,False
sub-HUP166,ripple,RB1-RB2,85.0,17.0,spared,False
sub-HUP166,ripple,RB2-RB3,111.0,22.2,spared,False
sub-HUP166,ripple,RB3-RB4,151.0,30.2,spared,False
sub-HUP166,ripple,RB4-RB5,24.0,4.8,spared,False
sub-HUP166,ripple,RB5-RB6,99.0,19.8,spared,False
sub-HUP166,ripple,RB6-RB7,106.0,21.2,spared,False
sub-HUP166,ripple,RB7-RB8,226.0,45.2,spared,False
sub-HUP166,ripple,RB8-RB9,16.0,3.2,spared,False
sub-HUP166,ripple,RC1-RC2,113.0,22.6,spared,False
sub-HUP166,ripple,RC2-RC3,69.0,13.8,spared,False
sub-HUP166,ripple,RC3-RC4,170.0,34.0,spared,False
sub-HUP166,ripple,RC4-RC5,140.0,28.0,spared,False
sub-HUP166,ripple,RC5-RC6,241.0,48.2,spared,False
sub-HUP166,ripple,RC6-RC7,28.0,5.6,spared,False
sub-HUP166,ripple,RC7-RC8,39.0,7.8,spared,False
sub-HUP190,ripple,LA01-LA02,83.0,16.6,resected,True
sub-HUP190,ripple,LA02-LA03,57.0,11.4,resected,True
sub-HUP190,ripple,LA03-LA04,50.0,10.0,resected,True
sub-HUP190,ripple,LA04-LA05,42.0,8.4,resected,False
sub-HUP190,ripple,LA05-LA06,31.0,6.2,resected,False
sub-HUP190,ripple,LA06-LA07,62.0,12.4,resected,False
sub-HUP190,ripple,LA07-LA08,81.0,16.2,resected,False
sub-HUP190,ripple,LA10-LA11,27.0,5.4,spared,False
sub-HUP190,ripple,LA11-LA12,11.0,2.2,spared,False
sub-HUP190,ripple,LB01-LB02,109.0,21.8,resected,True
sub-HUP190,ripple,LB02-LB03,80.0,16.0,resected,True
sub-HUP190,ripple,LB03-LB04,110.0,22.0,resected,True
sub-HUP190,ripple,LB04-LB05,98.0,19.6,resected,True
sub-HUP190,ripple,LB05-LB06,52.0,10.4,resected,True
sub-HUP190,ripple,LB06-LB07,50.0,10.0,resected,False
sub-HUP190,ripple,LB07-LB08,52.0,10.4,resected,False
sub-HUP190,ripple,LB08-LB09,117.0,23.4,resected,False
sub-HUP190,ripple,LB09-LB10,410.0,82.0,resected,False
sub-HUP190,ripple,LC01-LC02,81.0,16.2,resected,True
sub-HUP190,ripple,LC02-LC03,182.0,36.4,resected,True
sub-HUP190,ripple,LC03-LC04,117.0,23.4,resected,True
sub-HUP190,ripple,LC04-LC05,54.0,10.8,partial,True
sub-HUP190,ripple,LC05-LC06,55.0,11.0,spared,False
sub-HUP190,ripple,LC06-LC07,78.0,15.6,spared,False
sub-HUP190,ripple,LC07-LC08,87.0,17.4,spared,False
sub-HUP190,ripple,LC08-LC09,499.0,99.8,spared,False
sub-HUP190,ripple,LC09-LC10,386.0,77.2,spared,False
sub-HUP190,ripple,LC10-LC11,16.0,3.2,spared,False
sub-HUP190,ripple,LC11-LC12,8.0,1.6,spared,False
sub-HUP190,ripple,LD01-LD02,181.0,36.2,spared,False
sub-HUP190,ripple,LD02-LD03,156.0,31.2,spared,False
sub-HUP190,ripple,LD03-LD04,130.0,26.0,spared,False
sub-HUP190,ripple,LD04-LD05,96.0,19.2,spared,False
sub-HUP190,ripple,LD05-LD06,39.0,7.8,spared,False
sub-HUP190,ripple,LD06-LD07,91.0,18.2,spared,False
sub-HUP190,ripple,LD07-LD08,121.0,24.2,spared,False
sub-HUP190,ripple,LD08-LD09,122.0,24.4,spared,False
sub-HUP190,ripple,LD09-LD10,251.0,50.2,spared,False
sub-HUP190,ripple,LD10-LD11,12.0,2.4,spared,False
sub-HUP190,ripple,LD11-LD12,22.0,4.4,spared,False
sub-HUP190,ripple,LG01-LG02,94.0,18.8,spared,False
sub-HUP190,ripple,LG02-LG03,80.0,16.0,spared,False
sub-HUP190,ripple,LG03-LG04,109.0,21.8,spared,False
sub-HUP190,ripple,LG04-LG05,78.0,15.6,spared,False
sub-HUP190,ripple,LG05-LG06,46.0,9.2,spared,False
sub-HUP190,ripple,LG06-LG07,267.0,53.4,spared,False
sub-HUP190,ripple,LG07-LG08,331.0,66.2,spared,False
sub-HUP190,ripple,LG08-LG09,17.0,3.4,spared,False
sub-HUP190,ripple,LG09-LG10,17.0,3.4,spared,False
sub-HUP190,ripple,LG10-LG11,13.0,2.6,spared,False
sub-HUP190,ripple,LG11-LG12,15.0,3.0,spared,False
sub-HUP190,ripple,LH01-LH02,43.0,8.6,spared,False
sub-HUP190,ripple,LH02-LH03,195.0,39.0,partial,False
sub-HUP190,ripple,LH03-LH04,185.0,37.0,resected,False
sub-HUP190,ripple,LH04-LH05,125.0,25.0,partial,False
sub-HUP190,ripple,LH05-LH06,94.0,18.8,spared,False
sub-HUP190,ripple,LH06-LH07,367.0,73.4,spared,False
sub-HUP190,ripple,LH07-LH08,189.0,37.8,spared,False
sub-HUP190,ripple,LH08-LH09,19.0,3.8,spared,False
sub-HUP190,ripple,LH09-LH10,9.0,1.8,spared,False
sub-HUP190,ripple,LH10-LH11,13.0,2.6,spared,False
sub-HUP190,ripple,LH11-LH12,13.0,2.6,spared,False
sub-HUP190,ripple,LI01-LI02,39.0,7.8,spared,False
sub-HUP190,ripple,LI02-LI03,35.0,7.0,spared,False
sub-HUP190,ripple,LI03-LI04,18.0,3.6,spared,False
sub-HUP190,ripple,LI04-LI05,23.0,4.6,spared,False
sub-HUP190,ripple,LI05-LI06,124.0,24.8,spared,False
sub-HUP190,ripple,LI06-LI07,158.0,31.6,spared,False
sub-HUP190,ripple,LI07-LI08,185.0,37.0,spared,False
sub-HUP190,ripple,LI08-LI09,144.0,28.8,spared,False
sub-HUP190,ripple,LI09-LI10,187.0,37.4,spared,False
sub-HUP190,ripple,LI10-LI11,611.0,122.2,spared,False
sub-HUP190,ripple,LI11-LI12,45.0,9.0,spared,False
sub-HUP190,ripple,LJ01-LJ02,20.0,4.0,spared,False
sub-HUP190,ripple,LJ02-LJ03,25.0,5.0,spared,False
sub-HUP190,ripple,LJ03-LJ04,19.0,3.8,spared,False
sub-HUP190,ripple,LJ04-LJ05,16.0,3.2,spared,False
sub-HUP190,ripple,LJ05-LJ06,15.0,3.0,spared,False
sub-HUP190,ripple,LJ06-LJ07,128.0,25.6,spared,False
sub-HUP190,ripple,LJ07-LJ08,182.0,36.4,spared,False
sub-HUP190,ripple,LJ08-LJ09,180.0,36.0,spared,False
sub-HUP190,ripple,LJ09-LJ10,232.0,46.4,spared,False
sub-HUP190,ripple,LJ10-LJ11,163.0,32.6,spared,False
sub-HUP190,ripple,LJ11-LJ12,347.0,69.4,spared,False
sub-HUP190,ripple,LK01-LK02,211.0,42.2,spared,False
sub-HUP190,ripple,LK02-LK03,58.0,11.6,spared,False
sub-HUP190,ripple,LK03-LK04,14.0,2.8,spared,False
sub-HUP190,ripple,LK04-LK05,21.0,4.2,spared,False
sub-HUP190,ripple,LK05-LK06,45.0,9.0,spared,False
sub-HUP190,ripple,LK06-LK07,25.0,5.0,spared,False
sub-HUP190,ripple,LK07-LK08,27.0,5.4,spared,False
sub-HUP190,ripple,LK08-LK09,23.0,4.6,spared,False
sub-HUP190,ripple,LK09-LK10,16.0,3.2,spared,False
sub-HUP190,ripple,LK10-LK11,20.0,4.0,spared,False
sub-HUP190,ripple,LK11-LK12,96.0,19.2,spared,False
sub-HUP190,ripple,LL01-LL02,89.0,17.8,spared,False
sub-HUP190,ripple,LL02-LL03,65.0,13.0,spared,False
sub-HUP190,ripple,LL03-LL04,63.0,12.6,spared,False
sub-HUP190,ripple,LL04-LL05,120.0,24.0,spared,False
sub-HUP190,ripple,LL05-LL06,78.0,15.6,spared,False
sub-HUP190,ripple,LL06-LL07,57.0,11.4,spared,False
sub-HUP190,ripple,LL07-LL08,59.0,11.8,spared,False
sub-HUP190,ripple,LL08-LL09,58.0,11.6,spared,False
sub-HUP190,ripple,LL09-LL10,62.0,12.4,spared,False
sub-HUP190,ripple,LL10-LL11,48.0,9.6,spared,False
sub-HUP190,ripple,LL11-LL12,29.0,5.8,spared,False
sub-HUP190,ripple,RB03-RB04,191.0,38.2,spared,False
sub-HUP190,ripple,RB04-RB05,137.0,27.4,spared,False
sub-HUP190,ripple,RB05-RB06,22.0,4.4,spared,False
sub-HUP190,ripple,RB06-RB07,40.0,8.0,spared,False
sub-HUP190,ripple,RB07-RB08,52.0,10.4,spared,False
sub-HUP190,ripple,RB08-RB09,362.0,72.4,spared,False
sub-HUP190,ripple,RB11-RB12,18.0,3.6,spared,False
sub-HUP190,ripple,RC01-RC02,198.0,39.6,spared,False
sub-HUP190,ripple,RC02-RC03,183.0,36.6,spared,False
sub-HUP190,ripple,RC03-RC04,133.0,26.6,spared,False
sub-HUP190,ripple,RC04-RC05,13.0,2.6,spared,False
sub-HUP190,ripple,RC05-RC06,29.0,5.8,spared,False
sub-HUP190,ripple,RC06-RC07,43.0,8.6,spared,False
sub-HUP190,ripple,RC07-RC08,93.0,18.6,spared,False
sub-HUP190,ripple,RC08-RC09,260.0,52.0,spared,False
sub-HUP190,ripple,RH01-RH02,40.0,8.0,spared,False
sub-HUP190,ripple,RH02-RH03,67.0,13.4,spared,False
sub-HUP190,ripple,RH03-RH04,66.0,13.2,spared,False
sub-HUP190,ripple,RH04-RH05,84.0,16.8,spared,False
sub-HUP190,ripple,RH05-RH06,114.0,22.8,spared,False
sub-HUP190,ripple,RH06-RH07,130.0,26.0,spared,False
sub-HUP190,ripple,RH07-RH08,347.0,69.4,spared,False
sub-HUP190,ripple,RH08-RH09,21.0,4.2,spared,False
sub-HUP190,ripple,RH09-RH10,18.0,3.6,spared,False
sub-HUP190,ripple,RH10-RH11,15.0,3.0,spared,False
sub-HUP190,ripple,RH11-RH12,18.0,3.6,spared,False
