subject,fraction,sfreq,seconds,channels,kept,ours,theirs_passed,theirs_all,rho_passed,rho_all,our_top,their_top
01,0.0,2000.0,300,52,52,619,551,731,0.9,0.89,P3-O1,P3-O1
01,0.05,2000.0,300,52,52,248,551,731,0.86,0.86,P3-Pz,P3-O1
01,0.1,2000.0,300,52,52,544,551,731,0.9,0.89,P3-O1,P3-O1
01,0.15,2000.0,300,52,52,590,551,731,0.91,0.89,P3-O1,P3-O1
01,0.2,2000.0,300,52,52,599,551,731,0.91,0.89,P3-O1,P3-O1
01,0.3,2000.0,300,52,52,619,551,731,0.9,0.89,P3-O1,P3-O1
01,0.4,2000.0,300,52,52,619,551,731,0.9,0.89,P3-O1,P3-O1
02,0.0,2000.0,300,52,52,2526,134,1328,0.24,0.79,C3-Cz,T6-P4
02,0.05,2000.0,300,52,52,261,134,1328,0.31,0.8,T6-O2,T6-P4
02,0.1,2000.0,300,52,52,676,134,1328,0.28,0.79,C3-Cz,T6-P4
02,0.15,2000.0,300,52,52,2413,134,1328,0.25,0.79,C3-Cz,T6-P4
02,0.2,2000.0,300,52,52,2500,134,1328,0.25,0.79,C3-Cz,T6-P4
02,0.3,2000.0,300,52,52,2526,134,1328,0.24,0.79,C3-Cz,T6-P4
02,0.4,2000.0,300,52,52,2526,134,1328,0.24,0.79,C3-Cz,T6-P4
03,0.0,2000.0,300,52,52,240,232,287,0.47,0.48,T6-P4,T6-P4
03,0.05,2000.0,300,52,52,159,232,287,0.48,0.51,T6-P4,T6-P4
03,0.1,2000.0,300,52,52,228,232,287,0.53,0.54,T6-P4,T6-P4
03,0.15,2000.0,300,52,52,240,232,287,0.47,0.48,T6-P4,T6-P4
03,0.2,2000.0,300,52,52,240,232,287,0.47,0.48,T6-P4,T6-P4
03,0.3,2000.0,300,52,52,240,232,287,0.47,0.48,T6-P4,T6-P4
03,0.4,2000.0,300,52,52,240,232,287,0.47,0.48,T6-P4,T6-P4
04,0.0,2000.0,300,52,52,543,266,358,0.79,0.81,T5-P3,Fp1-F3
04,0.05,2000.0,300,52,52,189,266,358,0.69,0.72,Fp1-F3,Fp1-F3
04,0.1,2000.0,300,52,52,377,266,358,0.73,0.79,T5-P3,Fp1-F3
04,0.15,2000.0,300,52,52,480,266,358,0.78,0.81,T5-P3,Fp1-F3
04,0.2,2000.0,300,52,52,529,266,358,0.8,0.81,T5-P3,Fp1-F3
04,0.3,2000.0,300,52,52,543,266,358,0.79,0.81,T5-P3,Fp1-F3
04,0.4,2000.0,300,52,52,543,266,358,0.79,0.81,T5-P3,Fp1-F3
05,0.0,2000.0,300,52,52,4270,349,3890,0.86,0.99,Fp1-F3,C3-P3
05,0.05,2000.0,300,52,52,170,349,3890,0.78,0.83,Fp1-F7,C3-P3
05,0.1,2000.0,300,52,52,441,349,3890,0.75,0.91,Fp1-F3,C3-P3
05,0.15,2000.0,300,52,52,556,349,3890,0.78,0.93,Fp1-F3,C3-P3
05,0.2,2000.0,300,52,52,854,349,3890,0.81,0.95,Fp1-F3,C3-P3
05,0.3,2000.0,300,52,52,1503,349,3890,0.82,0.97,Fp1-F3,C3-P3
05,0.4,2000.0,300,52,52,2229,349,3890,0.85,0.98,Fp1-F3,C3-P3
06,0.0,2000.0,300,52,52,239,146,186,0.79,0.72,Fp2-F4,F8-C4
06,0.05,2000.0,300,52,52,91,146,186,0.77,0.72,Fp2-F4,F8-C4
06,0.1,2000.0,300,52,52,159,146,186,0.79,0.73,Fp2-F4,F8-C4
06,0.15,2000.0,300,52,52,201,146,186,0.8,0.73,Fp2-F4,F8-C4
06,0.2,2000.0,300,52,52,239,146,186,0.79,0.72,Fp2-F4,F8-C4
06,0.3,2000.0,300,52,52,239,146,186,0.79,0.72,Fp2-F4,F8-C4
06,0.4,2000.0,300,52,52,239,146,186,0.79,0.72,Fp2-F4,F8-C4
07,0.0,2000.0,300,52,52,2127,175,1177,0.16,0.65,T3-F3,Pz-O1
07,0.05,2000.0,300,52,52,273,175,1177,0.25,0.55,Pz-O1,Pz-O1
07,0.1,2000.0,300,52,52,591,175,1177,0.22,0.57,Fp1-Fp2,Pz-O1
07,0.15,2000.0,300,52,52,822,175,1177,0.15,0.51,Fp1-Fp2,Pz-O1
07,0.2,2000.0,300,52,52,1103,175,1177,0.1,0.48,Fp1-Fp2,Pz-O1
07,0.3,2000.0,300,52,52,1311,175,1177,0.13,0.56,Fp1-Fp2,Pz-O1
07,0.4,2000.0,300,52,52,1508,175,1177,0.14,0.6,T3-F3,Pz-O1
08,0.0,2000.0,300,52,52,274,119,184,0.76,0.78,T6-O2,T6-O2
08,0.05,2000.0,300,52,52,68,119,184,0.56,0.62,T6-O2,T6-O2
08,0.1,2000.0,300,52,52,159,119,184,0.73,0.75,T6-O2,T6-O2
08,0.15,2000.0,300,52,52,226,119,184,0.75,0.75,T6-O2,T6-O2
08,0.2,2000.0,300,52,52,259,119,184,0.76,0.77,T6-O2,T6-O2
08,0.3,2000.0,300,52,52,274,119,184,0.76,0.78,T6-O2,T6-O2
08,0.4,2000.0,300,52,52,274,119,184,0.76,0.78,T6-O2,T6-O2
09,0.0,2000.0,300,52,52,196,77,114,0.61,0.65,T5-C3,T5-C3
09,0.05,2000.0,300,52,52,90,77,114,0.62,0.53,T5-C3,T5-C3
09,0.1,2000.0,300,52,52,149,77,114,0.68,0.65,T5-C3,T5-C3
09,0.15,2000.0,300,52,52,182,77,114,0.61,0.66,T5-C3,T5-C3
09,0.2,2000.0,300,52,52,196,77,114,0.61,0.65,T5-C3,T5-C3
09,0.3,2000.0,300,52,52,196,77,114,0.61,0.65,T5-C3,T5-C3
09,0.4,2000.0,300,52,52,196,77,114,0.61,0.65,T5-C3,T5-C3
10,0.0,2000.0,300,52,52,140,60,114,0.71,0.81,F3-C3,F3-C3
10,0.05,2000.0,300,52,52,75,60,114,0.53,0.67,F8-T4,F3-C3
10,0.1,2000.0,300,52,52,99,60,114,0.59,0.69,F8-T4,F3-C3
10,0.15,2000.0,300,52,52,107,60,114,0.66,0.75,F3-C3,F3-C3
10,0.2,2000.0,300,52,52,125,60,114,0.67,0.76,F3-C3,F3-C3
10,0.3,2000.0,300,52,52,140,60,114,0.71,0.81,F3-C3,F3-C3
10,0.4,2000.0,300,52,52,140,60,114,0.71,0.81,F3-C3,F3-C3
