subject,sfreq,seconds,channels,kept,ours,theirs_passed,theirs_all,rho_passed,rho_all,our_top,their_top
01,2000.0,300,52,52,619,551,731,0.9,0.89,P3-O1,P3-O1
02,2000.0,300,52,52,2526,134,1328,0.24,0.79,C3-Cz,T6-P4
03,2000.0,300,52,52,240,232,287,0.47,0.48,T6-P4,T6-P4
04,2000.0,300,52,52,543,266,358,0.79,0.81,T5-P3,Fp1-F3
05,2000.0,300,52,52,4270,349,3890,0.86,0.99,Fp1-F3,C3-P3
06,2000.0,300,52,52,239,146,186,0.79,0.72,Fp2-F4,F8-C4
07,2000.0,300,52,52,2127,175,1177,0.16,0.65,T3-F3,Pz-O1
08,2000.0,300,52,52,274,119,184,0.76,0.78,T6-O2,T6-O2
09,2000.0,300,52,52,196,77,114,0.61,0.65,T5-C3,T5-C3
10,2000.0,300,52,52,140,60,114,0.71,0.81,F3-C3,F3-C3
