dataset,subject,status,n_contacts,correlation,correlation_warped,warp_shift_mm,in_own_brain,registered_to_author_mm,near_brain_registered,near_brain_warped,near_brain_blended,near_brain_identity,n_deep,n_primary,agree_registered,agree_warped,agree_blended,agree_identity,seconds,warped_to_author_mm,blended_to_author_mm,identity_to_author_mm
ds004473,sub-1,ok,119,0.431,0.688,4.95,0.9159663865546218,,1.0,1.0,1.0,1.0,6,6,6.0,6.0,6.0,6.0,24.8,,,
ds004473,sub-2,ok,121,0.454,0.693,3.23,0.8264462809917356,,1.0,1.0,1.0,1.0,9,6,5.0,5.0,5.0,2.0,38.6,,,
ds004473,sub-5,ok,123,0.142,0.306,3.61,0.8699186991869918,,1.0,1.0,1.0,1.0,16,16,1.0,2.0,2.0,13.0,25.9,,,
ds004473,sub-6,ok,124,0.296,0.399,2.32,0.8387096774193549,,0.984,0.984,0.984,1.0,16,16,11.0,9.0,9.0,9.0,30.8,,,
ds004473,sub-9,ok,124,0.44,0.696,3.97,0.9193548387096774,,0.919,1.0,0.919,0.992,12,9,4.0,8.0,8.0,8.0,30.4,,,
ds004473,sub-10,ok,123,0.582,0.74,2.17,0.8861788617886179,,1.0,1.0,1.0,1.0,13,8,7.0,7.0,7.0,7.0,20.5,,,
ds004473,sub-11,ok,125,0.17,0.3,3.38,0.824,,0.976,0.976,0.976,0.96,21,21,1.0,8.0,8.0,1.0,28.7,,,
ds004473,sub-12,ok,119,0.42,0.689,4.32,0.7647058823529411,,0.992,0.992,0.992,1.0,9,9,6.0,4.0,4.0,2.0,32.1,,,
ds004696,sub-01,ok,165,0.196,0.466,4.86,,7.58,1.0,0.994,1.0,0.218,11,8,6.0,6.0,6.0,0.0,32.2,7.08,6.82,74.68
ds004696,sub-02,ok,211,0.221,0.334,3.48,,11.09,1.0,0.995,1.0,1.0,35,16,14.0,15.0,15.0,10.0,20.9,9.94,9.94,11.43
ds004696,sub-03,ok,181,0.469,0.73,3.18,,8.99,0.978,0.989,0.978,0.442,14,10,9.0,9.0,8.0,0.0,40.0,7.71,8.67,49.36
ds004696,sub-04,ok,147,0.236,0.438,3.83,,12.65,1.0,0.986,1.0,1.0,13,13,5.0,8.0,8.0,12.0,17.9,10.34,10.51,5.87
ds004696,sub-05,ok,166,0.421,0.693,3.79,,5.33,1.0,0.994,1.0,0.488,5,4,4.0,3.0,4.0,0.0,28.5,4.62,4.64,58.86
ds004696,sub-06,frame mismatch,160,0.329,0.446,3.82,,28.7,1.0,1.0,1.0,1.0,14,11,8.0,8.0,8.0,8.0,16.9,27.43,27.43,29.9
ds004696,sub-07,frame mismatch,189,0.158,0.267,2.83,,23.82,1.0,1.0,1.0,1.0,8,7,0.0,6.0,6.0,1.0,18.0,21.89,22.83,22.27
ds004696,sub-08,ok,206,0.344,0.634,3.32,,7.26,0.995,0.99,0.995,1.0,14,12,8.0,11.0,11.0,9.0,16.6,5.33,5.21,6.25
ds005574,sub-01,ok,103,0.459,0.741,2.25,,6.09,0.922,0.99,0.922,0.427,0,0,,,,,21.7,5.3,6.0,27.61
ds005574,sub-02,ok,95,0.479,0.722,3.74,,4.85,1.0,1.0,1.0,0.958,0,0,,,,,34.5,3.34,3.19,34.3
ds005574,sub-03,ok,264,0.556,0.787,3.06,,4.63,0.992,1.0,0.992,0.708,0,0,,,,,19.6,5.96,4.53,29.44
ds005574,sub-04,ok,155,0.552,0.751,2.09,,4.78,0.981,0.877,0.981,0.716,0,0,,,,,28.8,5.04,4.43,36.41
ds005574,sub-05,ok,160,0.501,0.722,3.01,,4.56,1.0,0.994,1.0,1.0,0,0,,,,,22.4,4.97,4.12,8.77
ds005574,sub-06,ok,171,0.608,0.772,2.89,,3.32,0.982,1.0,0.982,0.93,0,0,,,,,22.4,3.95,3.14,22.05
ds005574,sub-07,ok,119,0.558,0.758,2.87,,5.04,0.992,0.983,0.992,0.529,0,0,,,,,24.5,4.59,4.44,33.99
ds005574,sub-08,ok,75,0.475,0.704,4.11,,5.32,1.0,1.0,1.0,1.0,0,0,,,,,28.3,7.1,5.74,13.35
ds005574,sub-09,ok,188,0.528,0.738,2.92,,4.52,0.995,0.973,0.995,0.601,0,0,,,,,30.4,4.34,4.22,28.62
