subject,shaft,n,spacing_mm,max_off_line_mm
sub-HUP060,LAF,4,7.7735525330996245,0.7882921026174835
sub-HUP060,RA,4,5.677153301435115,1.9198222393738626
sub-HUP060,RAFa,4,5.935840474599889,1.913639291788609
sub-HUP060,RAFb,4,4.676023326601194,0.39391705082187956
sub-HUP060,RAFc,4,4.148379563449655,1.147351956463055
sub-HUP060,RAFd,4,5.552921645114541,2.5341280007736406
sub-HUP060,RH,4,5.281298267212059,2.0918712466148732
sub-HUP060,RPFa,4,6.0862053080367,0.7721159177369561
sub-HUP112,LAF14-,8,5.907360063313848,1.6384401824003394
sub-HUP112,LPF15-,6,5.150554069121923,3.1240699304173605
sub-HUP112,RAF1-,4,7.089206785203973,1.0549265283801024
sub-HUP112,RAF2-,4,7.286280942406521,2.2645734208879635
sub-HUP112,RAF3-,4,6.691327001963491,1.6189805904522128
sub-HUP112,RAF4-,4,9.407514879224419,3.090032641322817
sub-HUP112,RAF5-,4,6.6036595224366526,1.5661687550869239
sub-HUP112,RAF6-,4,7.6197832557926715,1.4455133451856563
sub-HUP112,RPF10-,4,7.1981430456450886,1.2183693502807353
sub-HUP112,RPF7-,4,6.904478069385357,2.3662428540578686
sub-HUP112,RPF8-,4,6.540225714111298,3.0846587075079013
sub-HUP112,RPF9-,4,8.878756385586863,2.65307025425377
sub-HUP112,RT11-,8,5.659178550173898,2.4763313337202932
sub-HUP112,RT12-,4,6.2047312711454286,3.5169947191471893
sub-HUP112,RT13-,6,5.571933481946076,2.5963992451586346
sub-HUP116,LAF,4,7.372310573097731,2.1443932164791026
sub-HUP116,RA,4,6.078848693035295,1.003777505133804
sub-HUP116,RH,4,5.743051241109592,2.136735957569277
sub-HUP117,ACCC,4,5.272642736572776,0.28863146196387174
sub-HUP117,AMFG-A,4,5.254417510620241,0.47953953666929167
sub-HUP117,AMFG-B,4,4.761463730607747,0.5855949043112942
sub-HUP117,CING-P,4,5.079810134338123,0.35640362949182064
sub-HUP117,HIPP,4,4.75141250255926,0.20661954774619373
sub-HUP117,INS-A,4,5.037256234611208,4.718169582096596e-05
sub-HUP117,INS-P,4,5.602073501167942,0.2822582445103426
sub-HUP117,MTG,4,4.957571861013681,0.29951468613685817
sub-HUP117,OF,4,5.275788504330474,0.4997949916214996
sub-HUP117,OFAL,4,5.305582248440161,0.4705592738061065
sub-HUP117,PIFG-,4,5.225609531206254,0.2864833282694919
sub-HUP117,STG,4,4.835944468510337,0.2028753951190552
sub-HUP130,LA,8,6.041395360841939,2.0046756086730806
sub-HUP130,LB,8,5.5115091158520375,2.1364175275595545
sub-HUP130,LC,8,5.7533192722380075,2.6992733202544823
sub-HUP130,LD,7,5.825491058699772,4.500778550750087
sub-HUP130,LE,7,5.820774557889656,2.0217530877744645
sub-HUP130,LF,8,6.570718787921701,6.246099657545906
sub-HUP130,LG,8,5.614171867206095,1.741840890120389
sub-HUP130,LH,4,5.414792988325888,1.2222560668303917
sub-HUP130,RA,8,5.165893218641155,1.0914183108869442
sub-HUP130,RB,8,5.491701864664634,2.190494187961821
sub-HUP130,RC,8,5.78951387785236,4.3912837108838065
sub-HUP130,RD,8,5.716646756987008,4.621445706265065
sub-HUP130,RE,8,4.976227100286484,3.3900367328739853
sub-HUP130,RF,8,6.279136097404109,1.0755719599870237
sub-HUP130,RG,8,5.79422387928626,1.9659473412056654
sub-HUP130,RH,8,5.783685878417833,3.786348090244748
sub-HUP132,LA,8,6.328966642233069,1.9369435172148866
sub-HUP132,LB,8,6.879666136414263,6.518999203137524
sub-HUP132,LC,8,6.203560650749755,2.8183768299597562
sub-HUP132,LD,8,5.702177766995256,3.5857070886281375
sub-HUP132,LH,8,5.882813904043214,6.009686973325374
sub-HUP132,LI,7,6.605261667231861,1.6467024061652893
sub-HUP132,LJ,8,6.034789474312417,3.964146035155073
sub-HUP132,LK,8,6.11619388248115,3.0931758261075637
sub-HUP132,LM,8,5.697720833874425,2.486099222026653
sub-HUP132,LN,8,6.428108829884594,1.2715169735799483
sub-HUP132,RA,7,6.318113963067354,1.8137413312974184
sub-HUP132,RB,8,6.696967919650623,3.845442042072592
sub-HUP132,RC,8,6.176186448355672,2.4033671161556542
sub-HUP132,RD,8,5.410479338367186,2.6918712263296714
sub-HUP132,RE,8,6.755781050848938,3.108405347863872
sub-HUP132,RF,8,5.7718283435540405,4.931385221873096
sub-HUP133,LA,8,5.0892542602612645,7.4576908845420675
sub-HUP133,LB,8,6.415847390597102,2.8057876563293407
sub-HUP133,LC,8,5.43106210781696,4.016595933515675
sub-HUP133,LD,8,5.810136598686775,2.834352514930452
sub-HUP133,LE,8,6.2871235295418675,3.583380681722701
sub-HUP133,LF,8,6.822853144628089,1.9449819006777564
sub-HUP133,LG,7,5.536339308068192,2.1400793682432315
sub-HUP133,LH,8,5.416758400054367,0.9831017908264742
sub-HUP133,RI,8,5.02380026605909,3.2664098551338148
sub-HUP133,RJ,7,5.722174845501407,1.0681679311808234
sub-HUP134,LA,8,5.027047460597732,1.8250063267289263
sub-HUP134,LB,10,4.94075060706205,6.568341106517929
sub-HUP134,LC,8,4.322914981426317,3.416901986816275
sub-HUP134,RA,8,5.177129400500887,3.018138262497586
sub-HUP134,RB,10,4.575662356759868,6.614598947177257
sub-HUP134,RC,10,5.129969244537115,4.341565915039247
sub-HUP134,RE,6,6.157474046803768,3.371144403131702
sub-HUP134,RF,5,6.954658075449675,5.024373247572905
sub-HUP134,RG,6,5.092963974347655,4.045308231317047
sub-HUP134,RI,7,5.958882567492847,5.382348365209848
sub-HUP135,RA,8,4.804950957433277,1.0607034209493915
sub-HUP135,RB,8,5.447503821269403,3.2850988007870487
sub-HUP135,RC,10,4.67607898973628,1.405945203572901
sub-HUP135,RD,8,5.064348471714808,4.054306747207027
sub-HUP135,RE,12,5.455246011802763,1.841914290403951
sub-HUP135,RF,12,5.566685062708207,4.503041720082568
sub-HUP135,RG,12,5.0399888274082425,4.9510741135060705
sub-HUP135,RH,9,5.515296349131635,2.908253769859244
sub-HUP135,RI,12,5.426105326879763,3.819609966505637
sub-HUP135,RJ,12,5.10917962915105,3.8274773790790024
sub-HUP138,LA,8,5.063389325588726,1.58993465781779
sub-HUP138,LB,8,5.9796133630812465,6.802041881017045
sub-HUP138,LC,8,4.7883175347999964,4.200494697896809
sub-HUP138,LD,8,4.907359581316054,1.5880173627554246
sub-HUP138,LE,8,5.921797274180146,4.023598303489424
sub-HUP138,LF,12,5.656819507014481,5.305145488360608
sub-HUP138,LG,8,6.09408746735891,5.11934983566977
sub-HUP138,RA,8,5.80250695065904,2.1773539400160167
sub-HUP138,RB,8,6.143233145005172,3.4203913309479628
sub-HUP138,RC,8,6.079184706480403,5.108439629485443
sub-HUP138,RE,8,5.6204829854455935,1.3688928969148086
sub-HUP138,RF,12,5.347276783159963,5.072974374107893
sub-HUP138,RG,8,5.74582761342203,2.9892517835368637
sub-HUP139,LA,7,5.711819322566768,5.713106715816464
sub-HUP139,LB,11,4.566162265035054,2.6883711325233213
sub-HUP139,LC,8,4.729302366426517,2.67832854437944
sub-HUP139,LD,8,5.457054187175784,2.8184690708207363
sub-HUP139,LE,8,5.33691965271881,3.056257602712691
sub-HUP139,LF,8,6.0946431285949165,4.219561735076053
sub-HUP139,LG,12,5.799958045106917,4.876886641856656
sub-HUP139,LH,12,5.288371014664895,6.154326729437145
sub-HUP139,LI,12,5.957005514848242,6.595553423487275
sub-HUP139,RI,12,5.528405617517468,3.524197641462561
sub-HUP140,LA,12,5.390053947167008,4.798284168010144
sub-HUP140,LB,12,5.58195359754574,5.009368442339831
sub-HUP140,LC,8,5.640010194356077,2.7185978786375777
sub-HUP140,LD,8,5.529192488779768,2.0217478252061376
sub-HUP140,LE,11,5.775139851768475,4.627616832841825
sub-HUP140,LF,8,6.003611385469558,3.572313099853802
sub-HUP140,LG,7,6.405122452260385,2.6738150297029835
sub-HUP140,LH,7,5.514958542311128,1.813511072604038
sub-HUP140,RA,8,5.316424114069662,3.3822972233333406
sub-HUP140,RB,12,6.093186844750648,5.604543601518437
sub-HUP141,LA,4,,2.0730408860499656
sub-HUP141,LB,4,,2.45479807024552
sub-HUP141,LC,4,,2.4178745712492096
sub-HUP141,LE,4,,4.32106475231795
sub-HUP141,LF,4,,2.989101611036275
sub-HUP141,LG,4,,2.229697508461678
sub-HUP141,RA,8,6.201167029521735,2.7975666979733673
sub-HUP141,RB,12,5.420507698592726,5.628461466085293
sub-HUP141,RC,12,5.447721903996419,5.435374998553477
sub-HUP141,RD,8,5.98663394205075,8.016119859050553
sub-HUP141,RE,8,5.796373624284094,4.065353777189251
sub-HUP141,RF,8,6.230154039233296,2.6524272866314456
sub-HUP141,RG,8,5.515218085894682,3.8969813485644034
sub-HUP141,RH,8,6.012677080215154,1.1207914787187157
sub-HUP141,RI,8,6.063529886684787,1.841735710616929
sub-HUP141,RJ,8,7.155153146863022,3.0155508450308655
sub-HUP142,LDA,8,5.387374370087569,2.233474433342817
sub-HUP142,LDB,8,5.649694094674317,3.134122875410322
sub-HUP142,LDC,7,5.185117015125424,3.3524204405223323
sub-HUP142,LDD,7,6.18831694011406,5.3436848910807555
sub-HUP142,LDE,12,6.255523605564889,23.132097808799166
sub-HUP142,LDF,12,5.997985876502317,21.727003051464724
sub-HUP142,LDG,12,6.074070144032136,20.33846661207619
sub-HUP142,LGR,48,10.871817006162045,45.46606129297133
sub-HUP144,RA,11,5.225576512417959,0.7844321738522435
sub-HUP144,RB,11,5.074693688578368,0.9373623181431078
sub-HUP144,RC,11,5.171460197882569,0.515014159241161
sub-HUP144,RD,8,4.79807037209737,1.130366213869026
sub-HUP144,RE,10,5.138651392063413,0.8388571615766809
sub-HUP144,RF,8,5.138651530306141,0.9625399435846854
sub-HUP144,RG,7,5.006478237451617,0.8987766401455619
sub-HUP144,RH,7,5.143484915336332,0.7885024328612074
sub-HUP144,RI,8,5.001940367084569,0.8106859637916054
sub-HUP144,RJ,8,4.295042563010288,0.5831952805586417
sub-HUP144,RK,8,4.946322093387689,1.1395127590348781
sub-HUP144,RL,8,4.351176527838984,0.578932842351969
sub-HUP144,RM,8,5.066796276498268,1.4376189387837057
sub-HUP146,LE,6,,3.5509747066380966
sub-HUP146,LF,6,,1.022225372890929
sub-HUP146,LG,8,6.392156755690166,3.3699252962760355
sub-HUP146,LH,8,5.097699845014056,3.4790433440739066
sub-HUP146,LI,4,,2.187285756586493
sub-HUP146,RA,12,5.664315942612776,5.219874362898187
sub-HUP146,RB,12,5.342312424024597,5.433989365363743
sub-HUP146,RC,5,4.938394175848341,1.8320828948100232
sub-HUP146,RD,10,6.3895116588209895,6.152148255304629
sub-HUP146,RE,6,,5.416042796011705
sub-HUP146,RF,12,5.384283496521112,4.050780818714409
sub-HUP146,RG,8,6.072242189862543,2.4226742750777204
sub-HUP146,RH,8,6.115497239256672,3.1157660342123745
sub-HUP146,RI,12,5.844219019451743,1.9294180883829604
sub-HUP146,RJ,5,5.174196131194927,3.64627869939141
sub-HUP146,RK,4,5.347523046060322,1.4331677814674166
sub-HUP148,LA,12,5.782474095163627,4.815699006541961
sub-HUP148,LB,12,5.53018863316434,2.7247611099099656
sub-HUP148,LC,12,5.404855419309462,6.880266282609416
sub-HUP148,LD,12,5.010179342650418,2.0739813603724695
sub-HUP148,LE,8,5.403326370118179,2.7125540313227816
sub-HUP148,LF,8,6.086497342396385,3.7657534292026447
sub-HUP148,LG,8,6.095510326816965,2.5410725738207525
sub-HUP148,LH,11,5.9515861889054715,2.5347886231649945
sub-HUP148,LI,11,5.562631950132568,4.202851860381834
sub-HUP148,RB,12,5.287524924052502,4.101008489458189
sub-HUP150,RA,8,5.801761951445639,4.292752151984145
sub-HUP150,RB,8,5.3444755909613715,1.8140090029300238
sub-HUP150,RC,8,5.467449129141086,2.2318867468055728
sub-HUP150,RD,8,5.04777374276741,4.115631542645962
sub-HUP150,RE,11,5.276039267922528,6.122093557251202
sub-HUP150,RF,8,5.6191764333813845,5.145417050477718
sub-HUP150,RG,12,5.184304858957054,2.442066678192296
sub-HUP150,RH,11,5.767892222735048,7.461179197370053
sub-HUP150,RI,8,6.825661816542225,4.574358642640328
sub-HUP150,RJ,11,5.583379759645586,4.41661942761672
sub-HUP151,LA,8,6.240237324173445,4.234738001819087
sub-HUP151,LB,12,5.34570861784804,3.933960319176509
sub-HUP151,LC,12,5.33765746128626,3.1824365378547275
sub-HUP151,LD,12,6.047224396223899,5.465752283587845
sub-HUP151,LE,8,5.889967091000001,6.863557255334487
sub-HUP151,LF,8,5.812289566642535,2.3329321391081588
sub-HUP151,LG,12,5.069782838015759,5.026830639665768
sub-HUP151,LI,12,5.046835500698548,5.006154223969817
sub-HUP151,RA,8,6.076989169907524,2.4047489941152107
sub-HUP151,RB,8,6.310426051946078,3.1539893391803555
sub-HUP151,RC,12,5.627858196063638,3.7609934283787663
sub-HUP151,RD,12,5.491477043774324,3.6452349896310925
sub-HUP151,RE,8,6.18066337340617,5.447367471691027
sub-HUP151,RF,12,5.461074028990031,3.71976995664854
sub-HUP151,RG,11,5.470631369286806,2.4647252635652093
sub-HUP151,RH,12,6.108763776754678,3.520748305625923
sub-HUP151,RJ,11,5.241138092405569,2.1636264842282613
sub-HUP157,LA,10,5.066397957987092,3.856517519094565
sub-HUP157,LB,10,5.511943551944569,3.691354855523048
sub-HUP157,LC,10,4.869108616518803,5.086417561456938
sub-HUP157,LD,8,4.888088474980625,2.2343855934410186
sub-HUP157,LE,11,5.62405053506601,6.407190669560054
sub-HUP157,LF,8,5.559779203959999,3.184774427774583
sub-HUP157,LG,8,5.752776442241095,2.0504085391411495
sub-HUP157,LH,8,6.172543942579085,2.869543161257202
sub-HUP157,LJ,8,5.769742902401208,1.9551319759398884
sub-HUP157,RA,10,5.3132127258367525,3.8092815287117827
sub-HUP157,RB,11,5.220176082094,3.620991957160655
sub-HUP157,RC,12,5.072588931056639,4.440834230320529
sub-HUP157,RD,8,5.1260814624203865,2.0186934358115525
sub-HUP157,RE,8,5.25706538020595,2.1657755376807355
sub-HUP157,RF,8,5.378601964006128,1.730722706553204
sub-HUP157,RG,8,6.155243312990114,5.921612038922772
sub-HUP157,RH,8,5.204269076468589,2.2401996019941635
sub-HUP157,RI,8,5.097350283637552,1.7331923615716998
sub-HUP157,RJ,8,5.449167028325411,3.5846013038309112
sub-HUP158,LA,8,5.562558997285913,1.469489168973525
sub-HUP158,LB,8,5.948919221540259,3.447325943634254
sub-HUP158,LC,8,5.390330121277227,3.168223015182504
sub-HUP158,LE,8,7.027125782900847,3.560520138043937
sub-HUP158,LF,8,5.542053934128428,3.063487539937074
sub-HUP158,LI,11,9.928903629330081,11.680507901662864
sub-HUP158,LJ,11,11.760642313714131,25.006994965438103
sub-HUP158,LK,12,10.618957264657777,17.75039601027539
sub-HUP158,LM,12,10.521349946655398,13.835925255341161
sub-HUP158,LN,12,9.86014876983456,27.838244427779323
sub-HUP158,RA,4,5.308989266432861,0.4120705766427715
sub-HUP158,RB,4,4.713749598397452,0.9189659001228482
sub-HUP158,RC,8,4.831148667818713,2.045497527793376
sub-HUP158,RD,8,5.843424043890032,3.3281321541018527
sub-HUP158,RE,8,5.669488793538154,2.6942559266870516
sub-HUP158,RF,8,6.000033755212094,3.444598510565545
sub-HUP158,RG,12,10.540638775882053,5.878440763745099
sub-HUP158,RH,12,11.208060941111455,4.882015234763049
sub-HUP158,RI,12,10.762520264694198,7.541230941470594
sub-HUP158,RJ,8,5.578370076873952,2.1079016650622413
sub-HUP158,RK,8,5.608644489481951,2.9745516986875504
sub-HUP158,RL,8,6.40927729604863,6.568350304644798
sub-HUP158,RM,8,5.2792350566522845,4.981652748527188
sub-HUP158,RN,7,5.016316369623072,2.54022588097562
sub-HUP158,RO,8,4.619052318559314,2.702516037477948
sub-HUP158,RP,8,4.4254626395753,2.2979269780382348
sub-HUP160,LA,8,6.027334599437768,2.4528360219352696
sub-HUP160,RA,8,5.516799917198909,1.273557437906701
sub-HUP160,RB,8,5.6280512768596775,4.2083967274958605
sub-HUP160,RC,8,5.536872956657283,3.674300313750578
sub-HUP160,RD,11,6.059254421369784,3.130948955371702
sub-HUP160,RF,11,5.706449342273714,3.3411006856583416
sub-HUP160,RG,8,6.336813136595963,7.4756987457817745
sub-HUP160,RH,8,6.388192496837902,2.4383802984434597
sub-HUP160,RI,8,6.442390986819767,2.9145619724742056
sub-HUP160,RJ,8,6.442265022866541,3.1887807770469765
sub-HUP160,RK,8,5.825320873467567,3.679586573981318
sub-HUP160,RL,12,5.640214352004226,1.7085360980068576
sub-HUP162,LA,11,4.663214625205471,1.7136252521565425
sub-HUP162,LB,11,5.074171429874674,3.253822861677398
sub-HUP162,LC,11,5.235670377261226,4.742287773118227
sub-HUP162,LD,11,4.786942528158239,3.4850460289716017
sub-HUP162,LE,11,5.520242969254295,3.601154945702034
sub-HUP162,LF,10,5.859598373321771,9.283421122991175
sub-HUP162,LG,11,5.967760886258382,6.237368376215473
sub-HUP162,LH,11,4.920408179407212,2.6843047275766807
sub-HUP162,LI,11,5.867974186312132,1.7435858598801124
sub-HUP162,LJ,11,5.759510792065592,4.125606184633914
sub-HUP162,RA,11,4.947145512313755,2.105665527007056
sub-HUP162,RB,11,5.435731441658341,4.811218869440587
sub-HUP162,RC,10,5.010199495087998,2.6214394598488164
sub-HUP162,RD,11,5.436802588984792,3.687123305366462
sub-HUP162,RE,11,5.690224054847267,2.4839335598358656
sub-HUP162,RF,11,5.299017176773207,6.093283542138692
sub-HUP163,LA,12,5.762466693386585,2.2898497446336745
sub-HUP163,LB,12,5.377287719962759,1.9375047679222586
sub-HUP163,LC,12,5.437791745673151,5.076742713780831
sub-HUP163,LD,8,5.386578732651143,6.966960225036779
sub-HUP163,LE,12,5.158535515275496,5.039519802310295
sub-HUP163,LF,12,5.929141478653092,4.179198505861206
sub-HUP163,LG,11,5.816852962384887,3.4915574255248574
sub-HUP163,LH,12,5.093871163210656,2.5855484920254006
sub-HUP163,LI,12,5.719722820916185,3.3197219708704084
sub-HUP163,LJ,11,5.589946789830437,4.260635724763347
sub-HUP163,LK,12,5.632831716621337,4.802312441882988
sub-HUP163,LL,12,5.670721253092672,5.069556311212904
sub-HUP163,RB,12,5.557747635658098,3.574332829886885
sub-HUP163,RE,12,5.574571017840538,5.063923834907991
sub-HUP164,LA,12,5.2257518383291774,1.747969472519834
sub-HUP164,LB,12,5.311831965106956,1.4705681858071942
sub-HUP164,LC,12,5.272606036532088,1.06736944631567
sub-HUP164,LD,12,5.715334369533872,1.191663700726117
sub-HUP164,LE,12,5.180654541073376,4.217109959632197
sub-HUP164,LF,12,5.671989017556657,0.7386894027202279
sub-HUP164,LG,12,5.714977318444616,0.7255110327024842
sub-HUP164,LH,12,5.226908176110061,0.6122990466098619
sub-HUP164,LI,12,5.5262492304719855,0.62541930659233
sub-HUP164,LJ,7,5.877450223883969,1.2586514402925664
sub-HUP164,LK,8,5.585555289619669,1.0570162567280936
sub-HUP164,LL,7,5.063775184309526,1.1508636516314956
sub-HUP164,LM,12,5.1296657043507885,1.0771203313796507
sub-HUP164,RA,12,5.101315862353952,0.7718791354853226
sub-HUP164,RB,12,5.107623476919659,0.8137804195601147
sub-HUP164,RC,12,5.067630086095498,1.1617121127295518
sub-HUP165,LA,12,6.204170112035931,7.083472091577883
sub-HUP165,LB,12,5.824379109033238,2.629414577118491
sub-HUP165,LC,12,5.218622282445754,7.919652464197715
sub-HUP165,LD,7,5.504875526646542,1.9184971588149857
sub-HUP165,LE,12,6.309160654362072,2.858324955036935
sub-HUP165,LH,11,5.443236443715312,3.4127180311354475
sub-HUP165,LN,12,5.713602795462477,3.3940600560347307
sub-HUP165,RA,12,5.7879506492648,5.137444389741463
sub-HUP165,RB,12,5.964054274472558,4.4854519546391876
sub-HUP165,RC,12,5.640144431533397,4.7246463115957225
sub-HUP165,RD,8,5.459519348044953,3.8410540377924005
sub-HUP165,RE,12,5.940840140780204,3.8426409461569886
sub-HUP165,RF,12,6.115086702854068,7.336953996880212
sub-HUP165,RH,12,5.387664027265903,4.155445413932408
sub-HUP165,RI,12,5.37070713147931,6.939787842951355
sub-HUP165,RK,8,5.172014053674676,2.941962546834187
sub-HUP165,RN,12,6.047573924337698,3.351418680293232
sub-HUP166,LA,11,4.801985985461761,0.9764463037332533
sub-HUP166,LB,11,4.858844379008822,0.6952947554252129
sub-HUP166,LC,11,4.878945620307121,0.9372079115049243
sub-HUP166,LD,8,4.795117138303581,4.4938400522798165
sub-HUP166,LE,12,5.109991386224959,0.9837115865509032
sub-HUP166,LF,8,4.583424575094478,0.7029068395340158
sub-HUP166,LG,12,4.923703288570387,0.8296937298712966
sub-HUP166,LH,12,5.02356436783724,0.9353088169474417
sub-HUP166,LI,8,4.974783238306216,0.615284251342599
sub-HUP166,LJ,12,5.006116819556907,0.880466166775673
sub-HUP166,LK,12,4.771102897806054,0.9351091686552376
sub-HUP166,LL,8,4.795330835316667,0.6223555640630649
sub-HUP166,LM,12,4.6905503257257735,2.1958188612691663
sub-HUP166,RA,12,4.748800665487339,1.1202240307802243
sub-HUP166,RB,10,9.66574198281086,3.035912021386392
sub-HUP166,RC,10,9.422995874080796,2.146641735291451
sub-HUP171,LA,12,5.723036372330476,2.5188275391508697
sub-HUP171,LB,12,5.349855206027531,3.4432988141059715
sub-HUP171,LC,12,5.2441473396808425,6.241148937257957
sub-HUP171,LD,12,5.109202459090191,5.1577858603983655
sub-HUP171,LE,12,6.27485666127851,3.772568852306455
sub-HUP171,LF,8,5.339708980676162,2.9964791203625962
sub-HUP171,LG,12,5.924619213168036,4.2431228772689344
sub-HUP171,LH,8,5.359547787060861,1.6137645371584026
sub-HUP171,LI,8,5.635923119692111,2.859031464713022
sub-HUP171,RA,11,5.926899000964838,2.059831387261227
sub-HUP171,RB,12,5.98694357528909,3.042386968363187
sub-HUP171,RD,12,5.717394997158756,2.170717816192344
sub-HUP171,RE,11,6.037501302247934,5.521198516367515
sub-HUP171,RG,12,5.858616518424564,3.5823793625716664
sub-HUP171,RI,7,5.705856157355909,2.625014339857006
sub-HUP172,LB,12,5.33533282125972,3.6012783935185557
sub-HUP172,LD,12,5.483931852367798,9.172262234757488
sub-HUP172,LE,12,6.365082294155506,3.1023161715123106
sub-HUP172,LF,8,4.767396765025305,2.6771373932882656
sub-HUP172,LG,8,5.506271670520623,2.047508161424643
sub-HUP172,LH,8,6.28019566576051,3.7253684963729126
sub-HUP172,LI,10,5.0468474446073985,5.7566158194675205
sub-HUP172,LJ,12,5.09059806624922,2.059694011585217
sub-HUP172,LK,8,6.734272497003662,7.3184692474073705
sub-HUP172,LL,8,6.669314621023399,9.150480577596781
sub-HUP172,LM,11,5.015541258314588,5.651876539813733
sub-HUP172,RB,8,5.9231742416575655,3.079115367769316
sub-HUP172,RD,7,4.831714970453806,3.2542377917889604
sub-HUP172,RE,8,9.579012474790066,6.124938917785349
sub-HUP173,LA,10,5.848619180700932,2.7271396478452754
sub-HUP173,LB,10,6.474947790395707,5.2071386242289215
sub-HUP173,LC,10,6.218496707446834,6.585998539083896
sub-HUP173,LD,8,12.212948839676354,5.288044328735904
sub-HUP173,LE,9,6.27398455022037,5.174066975614445
sub-HUP173,RA,10,6.387908823421104,2.6672694357713733
sub-HUP173,RB,10,6.32110330279428,3.378937056920246
sub-HUP173,RC,8,10.72914333321205,6.210039986212149
sub-HUP173,RD,8,11.791603036575774,2.942921071324408
sub-HUP173,RE,7,11.804278928380818,4.776818231819086
sub-HUP173,RF,8,11.629887595446867,9.53062805546955
sub-HUP173,RG,8,8.071983363184664,3.9716544719925024
sub-HUP173,RH,10,5.621882798960775,7.280204846255308
sub-HUP173,RI,8,11.736851229849016,4.705674096126208
sub-HUP177,LA,12,5.470796083636053,1.7990332690062656
sub-HUP177,LB,12,5.281921717051243,3.4098213333391754
sub-HUP177,LC,12,5.261003220141289,5.311822654943597
sub-HUP177,LD,8,4.685480374287377,1.5193619118917283
sub-HUP177,LE,12,5.01328063998086,4.356403555584778
sub-HUP177,LF,12,6.007188980190316,1.8975837816962486
sub-HUP177,LG,12,6.208350497580066,8.884040257089156
sub-HUP177,RA,11,5.52579042697788,1.8437758013952217
sub-HUP177,RB,11,5.866566945993457,3.8934478619580157
sub-HUP177,RC,10,5.881974151022705,3.6518306262474085
sub-HUP177,RD,12,4.674134417704854,4.461572548412303
sub-HUP177,RE,12,5.636550263895332,4.329063392427643
sub-HUP177,RF,12,5.406228482696819,7.965926809012288
sub-HUP177,RG,12,5.921276919283651,2.2421516265737336
sub-HUP177,RH,12,5.942834844652396,4.269350285567563
sub-HUP177,RI,12,5.472850733844569,3.798313401054871
sub-HUP179,LA,12,5.881208567833231,5.467758234577929
sub-HUP179,LB,12,5.511474424685393,4.432740394595982
sub-HUP179,LC,8,5.184551631602941,2.786587906532093
sub-HUP179,LD,8,5.847581506570823,3.17702478172507
sub-HUP179,LE,8,5.902637924897262,2.5899303548603525
sub-HUP179,LF,8,4.783370589409398,3.4033068390151557
sub-HUP179,LG,8,6.157315731097473,4.09824831799772
sub-HUP179,LH,12,5.520059970034481,2.090864341827498
sub-HUP179,LI,12,5.454698974275913,3.8430012418927957
sub-HUP179,LJ,12,6.576035562640419,5.489905739413357
sub-HUP179,LK,12,5.635550995358194,4.251302637725448
sub-HUP179,LL,12,6.102832779383713,6.445508358993543
sub-HUP179,LM,12,5.341545157239081,2.9283632699740734
sub-HUP179,RA,8,6.355307496682363,3.268076838365021
sub-HUP179,RB,11,5.972422763864241,6.184045993118767
sub-HUP179,RC,10,5.518797434557101,4.882865275643357
sub-HUP180,LA,11,5.348657307308228,1.6013942911019963
sub-HUP180,LB,11,5.320358577882528,7.864637147661698
sub-HUP180,LC,12,5.980560634247854,5.001079205132104
sub-HUP180,LD,12,5.6565108084662725,4.263388189467316
sub-HUP180,LE,10,6.297345831424605,7.8346236516927
sub-HUP180,LF,12,6.138859654870031,5.118431695126877
sub-HUP180,LG,12,5.243523949997753,2.6215833161806654
sub-HUP180,LH,12,5.525799330038891,4.285711831880302
sub-HUP180,RD,8,4.478466252983184,3.0828028085944514
sub-HUP180,RE,12,5.216789466123553,5.95603906742145
sub-HUP181,LA,12,6.248093839538127,5.4150104281568865
sub-HUP181,LB,12,5.961202381363968,5.130403559446864
sub-HUP181,LC,12,5.551133281414491,9.58686509724904
sub-HUP181,LD,12,5.633112293895639,4.143405542272139
sub-HUP181,LF,11,5.901983982192432,5.215125954255522
sub-HUP181,LG,12,5.939480647677038,3.736214786866539
sub-HUP181,LH,12,5.712665789917568,3.674458395572293
sub-HUP181,RA,12,5.4681445213779405,3.7787634612384937
sub-HUP181,RB,12,5.866541840457902,6.3697499063355485
sub-HUP181,RE,10,5.1242189468783,2.6389561521092526
sub-HUP181,RF,12,5.335314523612752,4.007140361871573
sub-HUP181,RG,12,5.5419334133506934,5.4709758128705595
sub-HUP185,LA,12,5.686851418759155,6.885043995568321
sub-HUP185,LB,12,5.768897598960575,3.5318977118959967
sub-HUP185,LC,12,5.764799821070367,7.85980454276002
sub-HUP185,LD,12,5.078948053338247,3.711860108244714
sub-HUP185,LE,12,5.548445573495338,1.9458636563219234
sub-HUP185,LF,12,5.2958001121536,3.708850841568955
sub-HUP185,LG,12,5.625074250324807,5.751961941324177
sub-HUP185,LH,11,6.176808660698001,3.1909763435793965
sub-HUP185,RA,11,6.019765408813783,2.426112168965587
sub-HUP185,RB,12,5.772485378604016,3.350598035539662
sub-HUP187,RA,11,5.252605359077369,4.016645583010839
sub-HUP187,RB,12,5.519314297103266,5.7820584276525135
sub-HUP187,RC,12,5.236754188810586,2.7426419800415958
sub-HUP187,RD,11,6.110773286860085,4.720245248829503
sub-HUP187,RE,12,5.2720801978019205,4.875170287635652
sub-HUP187,RF,12,5.101876417642023,2.646003160543064
sub-HUP187,RG,12,5.616786975572394,5.6616240204034165
sub-HUP187,RH,12,6.148369660132103,6.285900146371125
sub-HUP188,LA,12,5.728593637892139,3.7207309926172365
sub-HUP188,LB,12,5.587956433943338,5.214501774462107
sub-HUP188,LC,12,5.665220283134472,5.18133464142577
sub-HUP188,LD,12,5.535799448481302,5.600155441314628
sub-HUP188,LE,12,6.174054864335281,10.605510494275158
sub-HUP188,LF,12,6.132931019999525,2.9169677867378594
sub-HUP188,LG,12,4.6595114818765735,7.012462109074977
sub-HUP188,LH,12,5.805055132340889,5.404425103153837
sub-HUP188,LI,12,5.447229706437037,5.754900407931149
sub-HUP188,LJ,12,5.3562362967449895,7.275282788808766
sub-HUP188,LK,12,6.349056564627551,2.61062835289322
sub-HUP188,LL,12,5.069714297580467,6.155227925632282
sub-HUP188,RA,11,5.699934482519908,2.6642131448607964
sub-HUP188,RB,11,5.504456600890244,4.658350713532736
sub-HUP190,LA,12,5.280807703131381,6.1412856433651255
sub-HUP190,LB,12,5.464716977432421,3.9108875089578943
sub-HUP190,LC,12,5.4334896504213495,2.3840698629533277
sub-HUP190,LD,12,5.618412430276651,8.510152367483078
sub-HUP190,LG,12,5.393517993872799,5.4401650350105175
sub-HUP190,LH,12,5.034623747683771,3.397341071438218
sub-HUP190,LI,12,5.180024103285563,6.059802971933527
sub-HUP190,LJ,12,5.483439931754193,1.5898706674434695
sub-HUP190,LK,12,5.67516169504923,6.950987838867394
sub-HUP190,LL,12,6.49060118188028,3.6914589819673496
sub-HUP190,RB,11,5.427166000998285,3.1480146430832066
sub-HUP190,RC,11,5.879094096807742,4.3433899014238815
sub-HUP190,RH,12,5.558349874719808,5.533305911468665
